requirement_id,standard_id,label,source,embedding_cosine_sim,embedding_cosine_sim_rank,bm25_score,bm25_score_rank,tfidf_cosine_sim,token_jaccard,technical_keyword_overlap_ratio,numeric_param_match_ratio,numeric_param_count_requirement,numeric_param_count_standard,ics_code_match,unit_overlap_ratio,rrf_score,rrf_rank,standard_status_current,standard_age_years,requirement_length_ratio,rrf_score_rank
req_503,IS_1554_Part1_1988_H,1,synthetic,0.2929723346276448,1.0,5.385340848709512,2.0,0.6521113358768396,0.3423539255893548,0.3700216518397687,0.58772980726803,4.0,3.0,1.0,0.5997220874860975,0.031351859234535547,1.0,0.5,38.0,1.8141150854194266,1.0
req_101,IS_13920_2016,1,synthetic,0.5636393173539809,1.0,6.437166567738411,1.0,0.5156938110010243,0.2606054274870966,0.2606054274870966,0.4752847789588185,3.0,4.0,0.0,0.4856784586554031,0.0323558578420403,5.0,1.0,10.0,3.053692487981289,5.0
req_095,IS_2074_1992_H,1,synthetic,0.4415051863348647,2.0,4.729644177332585,2.0,0.4294057266194871,0.11895529517766694,0.07891420252063598,0.745851468959604,4.0,4.0,0.0,0.0029872316205555457,0.03232437549795089,2.0,1.0,34.0,2.381135802214629,2.0
req_548,IS_3034_1993,0,synthetic,0.1913036544064096,1.0,2.3334536508285,1.0,0.309747715896837,0.1146478452705941,0.1146478452705941,0.0767815591001934,4.0,3.0,0.0,0.0,0.0311417479219002,2.0,1.0,33.0,3.43599593650127,2.0
req_082,IS_73_2013_H,1,synthetic,0.10165716056033919,5.0,2.291212461529662,2.0,0.15614261726518922,0.05737027844660038,0.0736025561857482,0.0,0.0,3.0,0.0,0.049500628139659206,0.032372916610626794,4.0,1.0,13.0,1.5962110433585297,4.0
req_077,IS_875_Part1_1987_H,0,synthetic,0.2357875120898065,4.0,2.1318116008179473,3.0,0.1775823465005908,0.07361597825162407,0.08177226441657078,0.22014052282893365,1.0,0.0,0.0,0.027269946128677437,0.0320453470602543,6.0,1.0,39.0,1.9894860482491705,6.0
req_581,IS_458_2003,1,synthetic,0.183377650829963,1.0,1.4416042376968847,2.0,0.2981423969999719,0.1304347826086956,0.1304347826086956,0.0,0.0,0.0,0.0,0.0,0.032258064516129,1.0,1.0,23.0,2.0434782608695654,1.0
req_374,IS_1077_1992_H,1,synthetic,0.10398890399368957,1.0,1.3508456392558568,1.0,0.32723477283712615,0.09341041384479344,0.07654461502181019,0.18453917947635334,4.0,0.0,0.0,0.0,0.03212121689442041,1.0,1.0,34.0,2.744943985359201,1.0
req_019,IS_269_2015,0,synthetic,0.120978363533788,6.0,0.2143256536334215,5.0,0.0796537145017202,0.1725489859425427,0.1725489859425427,0.242138481982314,3.0,1.0,0.0,0.0,0.0329462315279587,1.0,1.0,11.0,2.139555786439631,1.0
req_092,IS_383_2016_H,0,synthetic,0.2723214007469441,4.0,0.730370606380716,4.0,0.22726839950498243,0.10053829183012686,0.10973621134834338,0.11901688084550179,1.0,1.0,1.0,0.044070455570281795,0.03227319811083929,2.0,1.0,10.0,2.5178017628981895,2.0
req_016,IS_2062_2011,0,manual,0.2429460316589906,2.0,1.038490141619212,4.0,0.3939192985791676,0.1818181818181818,0.1818181818181818,0.0,0.0,0.0,0.0,0.0,0.0325224748810153,1.5,1.0,15.0,2.943661971830986,1.5
req_083,IS_875_Part3_2015_H,0,synthetic,0.23236166722874838,4.0,1.2346111625412994,3.0,0.13854201746681807,0.10874372313874422,0.11481421084681903,0.05803444507865258,1.0,0.0,0.0,0.0,0.031658555023735706,5.0,1.0,11.0,2.1547723999604425,5.0
req_034,IS_2911_Part1_Sec2_2010_H,0,synthetic,0.12412294880023454,3.0,2.37313828556174,4.0,0.1656002411525224,,0.07612579093175971,0.10633356541267935,2.0,0.0,0.0,0.0,0.0324353474992835,2.0,1.0,16.0,3.179953083531558,2.0
req_227,IS_2911_Part1_Sec1_2010,0,synthetic,0.1062888222941981,2.0,0.8404793623998136,2.0,0.0824762320290997,0.1113342584542407,0.1113342584542407,0.0,0.0,2.0,0.0,0.0378764336745433,0.0317351221012307,2.0,1.0,16.0,3.042123235051597,2.0
req_107,IS_694_2010,1,synthetic,0.2199386242127096,2.0,6.405432826793733,1.0,0.4597549341899367,0.3745964366916227,0.3745964366916227,0.0,0.0,1.0,1.0,0.792981706277443,0.0320337356451468,7.0,1.0,16.0,3.060661657386656,7.0
req_078,IS_875_Part3_2015,0,synthetic,0.2192431462495527,4.0,0.9709347786218134,6.0,0.0659655812846716,0.1161964035897616,0.1161964035897616,0.0,0.0,2.0,0.0,0.0,0.0316457302991799,6.0,1.0,11.0,1.9164437286088207,6.0
req_389,IS_13920_2016,0,synthetic,0.2549327781036006,1.0,2.655348758482308,1.0,0.081114233195244,0.1115018377609622,0.1115018377609622,0.1842076101088316,1.0,3.0,0.0,0.0,0.0317782073611702,2.0,1.0,10.0,2.744310053158052,2.0
req_037,IS_783_1985,1,synthetic,0.6638363804222238,1.0,4.078203694376367,1.0,0.6340375160171947,0.1249276508441693,0.1249276508441693,0.8403805538051425,4.0,4.0,0.0,0.2602558483495455,0.0314494013189115,7.0,1.0,41.0,3.2273033518000336,7.0
req_289,IS_1642_1989_H,0,synthetic,0.4034405589388473,2.0,1.9441264227030484,2.0,0.5476642404124097,0.3466655207047268,0.4283639785494166,0.6839720576205117,4.0,5.0,0.0,0.5533204976353439,0.03155891809346182,1.0,1.0,37.0,2.65392027166672,1.0
req_495,IS_3812_Part1_2013_H,0,synthetic,0.12790336667932428,1.0,1.0693892430187002,1.0,0.17459983238442411,0.07713318558969957,,0.007790065106403694,1.0,0.0,0.0,0.03456797963889348,0.031568052300746545,1.0,1.0,13.0,1.813422010735648,1.0
req_317,IS_1200_Part1_1992,1,synthetic,0.6860824391688785,1.0,6.003995750860688,1.0,0.3194022992511969,0.2366487127467718,0.2366487127467718,0.9984980747283267,3.0,3.0,0.0,0.0,0.0315157727199755,1.0,1.0,34.0,3.3903905414692463,1.0
req_307,IS_1200_Part1_1992_H,0,synthetic,0.14085094245147084,1.0,1.7836778605558608,2.0,0.41913737665136547,0.11620274826510654,0.16557074204024777,0.05614932947568436,4.0,2.0,0.0,0.12902511534131944,0.0326534547698915,2.0,1.0,34.0,2.0255133766945455,2.0
req_624,IS_875_Part5_1987_H,1,synthetic,0.2449955938677422,2.0,3.601871973252135,2.0,0.6476109821383463,0.2074264833802634,0.2181408366453671,0.44382057363944993,1.0,1.0,0.0,0.0,0.03219633503989591,2.0,1.0,39.0,2.0845114107182754,2.0
req_024,IS_2911_Part1_Sec1_2010_H,1,synthetic,0.14256960331572693,4.0,2.5307147835607107,2.0,0.3009064444620017,0.13669381819810192,0.07871600541533183,0.0037674900458149235,0.0,3.0,0.0,0.1728483203332785,0.03176749101003971,1.0,1.0,16.0,1.9402634296528052,1.0
req_565,IS_814_2004_H,0,synthetic,0.20574554143824564,1.0,1.34777719571995,1.0,0.33882988417194077,0.12764180412363693,0.06472243292427478,0.057827264656439704,0.0,0.0,0.0,0.015911122441210807,0.03233656853620536,2.0,1.0,22.0,1.815090864970408,2.0
req_029,IS_1489_Part1_2015,0,synthetic,0.2877979478634099,4.0,2.4022556114541858,4.0,0.4030407342590451,0.1601156732181185,0.1601156732181185,0.0,0.0,0.0,0.0,0.0,0.0319290997691485,4.0,1.0,11.0,2.559903615978479,4.0
req_052,IS_1200_Part1_1992_H,0,synthetic,0.11586603958575716,5.0,0.4320760557792933,7.0,0.397858653624167,0.11534885396009312,,,0.0,2.0,1.0,0.03993732716451208,0.03141216915289882,5.0,1.0,34.0,1.989860769503842,5.0
req_607,IS_1200_Part1_1992,0,synthetic,0.1108461305417038,2.0,0.7328199523355535,2.0,0.063030569287362,0.11132063935216,0.11132063935216,0.1355741591102046,1.0,2.0,0.0,0.2910938210820925,0.0327285000678504,1.0,1.0,34.0,3.2599394229218124,1.0
req_435,IS_2309_1989,0,synthetic,0.3053876421738746,1.0,1.7396540005373469,2.0,0.230220758090338,0.1214723869918129,0.1214723869918129,0.2043400434944501,3.0,2.0,0.0,0.0,0.0329730638954717,1.0,1.0,37.0,2.0095393678618976,1.0
req_008,IS_2911_Part1_Sec1_2010,0,manual,0.2052157777707148,6.0,0.8069801397824118,8.0,0.2961744388795461,0.1724137931034483,0.1724137931034483,0.0,0.0,0.0,0.0,0.0,0.0314980158730158,7.5,1.0,16.0,1.6779661016949152,7.5
req_271,IS_1893_Part1_2016,0,synthetic,0.2579288279304938,1.0,0.2760801064257269,2.0,0.3084323125844883,0.1779871183515585,0.1779871183515585,0.1290209824999159,3.0,0.0,0.0,0.0,0.03265483844956,1.0,1.0,10.0,2.18701593300384,1.0
req_587,IS_2212_1991,1,synthetic,0.4157484126167157,1.0,3.987556904002746,1.0,0.7311533654026021,0.3381278386416443,0.3381278386416443,0.9661318953429544,3.0,3.0,0.0,0.8265037539297891,0.0326092420777886,1.0,1.0,35.0,3.383468360003957,1.0
req_215,IS_1893_Part1_2016,1,synthetic,0.5031588256214814,1.0,5.911852315185781,1.0,0.374127925385769,0.2733518379981806,0.2733518379981806,0.6135442228845631,3.0,4.0,0.0,0.0,0.0321372589412484,1.0,1.0,10.0,1.391541215275471,1.0
req_550,IS_875_Part1_1987,0,synthetic,0.0566479157261791,2.0,2.366894587121491,1.0,0.226434121113912,0.139298372851156,0.139298372851156,0.2913279936194958,4.0,3.0,0.0,0.1167282047513805,0.0325739561999526,1.0,1.0,39.0,1.7322331015857595,1.0
req_023,IS_8329_2000_H,0,synthetic,0.19983051708304383,2.0,,,0.15578200428364514,0.1441806787675857,0.1393620278605862,0.010265866589032734,0.0,0.0,0.0,0.018021554184636517,0.03245884761632261,2.0,1.0,26.0,3.3054346579764786,2.0
req_128,IS_2074_1992,0,synthetic,0.2392368085868831,6.0,1.592408534045565,5.0,0.07217573232837,0.0300660875881974,0.0300660875881974,0.2639377507950552,1.0,1.0,0.0,0.0,0.0312410810570387,4.0,1.0,34.0,3.0604166357426834,4.0
req_252,IS_12269_2013_H,0,synthetic,0.1400739470568752,1.0,1.1995919283737386,1.0,0.28381217418318255,0.0536050372243302,0.0666040980997568,0.07258303476429175,1.0,2.0,0.0,0.21420251213629996,0.03208479109935981,2.0,1.0,13.0,2.957710754807866,2.0
req_082,IS_1536_2001_H,1,synthetic,0.5035563612314309,2.0,1.9017184416994628,3.0,0.31361961013559175,0.2022956690004797,0.17876657210981528,0.7001030614103241,1.0,1.0,0.0,0.0,0.03254118226222684,2.0,0.5,25.0,2.86736421232136,2.0
req_023,IS_1489_Part1_2015_H,0,synthetic,0.15284490549753596,6.0,1.2784143476984895,3.0,0.32235379868469144,0.13823317782217026,0.15341126841933966,0.03717747079906719,,0.0,0.0,0.0035017990995148173,0.03147699676935663,3.0,1.0,11.0,1.899098869377464,3.0
req_072,IS_456_2000,0,synthetic,0.1161995466125263,7.0,2.649744927745931,3.0,0.1223491103678494,0.0765529906151794,0.0765529906151794,0.0874344454740159,2.0,1.0,0.0,0.0,0.0321517585632499,3.0,1.0,26.0,1.819697097434347,3.0
req_036,IS_269_2015,0,synthetic,0.0277594677165006,6.0,0.6024345848072068,6.0,0.3164623305405902,0.1748930371071088,0.1748930371071088,0.2998717250632354,3.0,0.0,0.0,0.0,0.0310804633462892,6.0,1.0,11.0,3.0272317514695093,6.0
req_570,IS_1536_2001_H,0,synthetic,0.14911871472815,1.0,,,0.4015022698942179,0.1023891113041433,0.11908823128050865,0.04565716783133103,1.0,0.0,0.0,0.12694479419783955,0.03190762934290629,1.0,0.5,25.0,1.6791002410307823,1.0
req_072,IS_2212_1991,1,synthetic,0.3459236756481605,1.0,3.816557708767648,1.0,0.2965847343106874,0.4134203365968802,0.4134203365968802,0.8269237954870061,1.0,1.0,0.0,0.4516892226476107,0.031291869641293,6.0,1.0,35.0,1.6429373917839618,6.0
req_228,IS_1893_Part1_2016,0,synthetic,0.0511139317215108,2.0,2.5469962696257107,1.0,0.2378966887215418,0.1224098175921348,0.1224098175921348,0.1833969474876316,2.0,0.0,0.0,0.0,0.0327251515490481,1.0,1.0,10.0,3.3178830792796665,1.0
req_211,IS_73_2013_H,1,synthetic,0.16320149812365975,2.0,1.6243814113129125,1.0,0.2670212707511202,0.11119937137920088,0.09602926108368164,0.06847160924121073,1.0,2.0,0.0,0.011244372057638993,0.03215159784389376,2.0,1.0,13.0,1.780355265336442,2.0
req_467,IS_694_2010,0,synthetic,0.0279941464891499,2.0,1.3025821101424222,2.0,0.4364989854305409,0.1609227184576558,0.1609227184576558,0.0682629675896468,3.0,3.0,0.0,0.1681570743000449,0.0324423656704982,1.0,1.0,16.0,3.070324405109456,1.0
req_150,IS_875_Part1_1987,0,synthetic,0.2848108761611583,1.0,0.6279533089555086,2.0,0.2814335541455667,0.1056281581645677,0.1056281581645677,0.0238214752105248,2.0,2.0,0.0,0.0,0.0320946832191662,1.0,1.0,39.0,2.7064501913435253,1.0
req_532,IS_458_2003,1,synthetic,0.3250016057945035,1.0,5.134130988263125,1.0,0.7307643197787304,0.2851800758070395,0.2851800758070395,0.0,0.0,0.0,0.0,0.8223376227187682,0.0328106124179564,1.0,1.0,23.0,1.5962693415802702,1.0
req_021,IS_1077_1992,0,synthetic,0.3191977333967483,3.0,0.3442454729389392,7.0,0.2423414923047487,0.1560407883560728,0.1560407883560728,0.0,0.0,0.0,0.0,0.0,0.0318443199335993,3.0,1.0,34.0,1.3992901094570993,3.0
req_251,IS_1346_1991_H,0,synthetic,0.12247569915697046,1.0,1.277938752005595,1.0,0.2409417489103361,0.15988853985572393,0.15544814462732157,0.100770991827734,2.0,1.0,1.0,0.06959311456932288,0.032468627223572695,2.0,1.0,35.0,3.03501234191773,2.0
req_175,IS_875_Part2_1987_H,0,synthetic,0.15863743469316147,2.0,2.030723963466938,1.0,0.34723703207861945,0.08608234740565718,0.08340593910977351,0.28363899397780956,1.0,0.0,0.0,0.0962235846388812,0.03236125262615357,2.0,1.0,39.0,3.0675528747371157,2.0
req_071,IS_3043_2018,0,synthetic,0.2436369683764651,3.0,0.9356995698290674,6.0,0.0800511728167994,0.0617859207910406,0.0617859207910406,0.0,0.0,1.0,0.0,0.0,0.0321912173240885,1.0,1.0,8.0,3.5269632389236545,1.0
req_128,IS_2074_1992_H,1,synthetic,0.24701425378207842,4.0,1.5592284941485282,6.0,0.15901972135074957,0.06503110245429869,0.07148547915884405,0.20672903103304038,1.0,1.0,0.0,0.0,,,1.0,34.0,2.8497314563477496,
req_061,IS_73_2013,0,synthetic,0.1092843695830723,8.0,0.7736617916000459,7.0,0.1249838958904025,0.1468978867532354,0.1468978867532354,0.1046409522603919,1.0,2.0,0.0,0.0,0.0315469150735108,6.0,1.0,13.0,1.5364041484718804,6.0
req_552,IS_814_2004,0,synthetic,0.0277740022592429,2.0,0.4802369409969096,2.0,0.2522755624254407,0.1844376510463736,0.1844376510463736,0.0,0.0,1.0,0.0,0.0,0.0314291408508474,2.0,1.0,22.0,2.68791137949456,2.0
req_384,IS_2911_Part1_Sec2_2010_H,1,synthetic,0.16623490482770198,1.0,1.5076808442740213,1.0,0.1196037316447608,0.16301518007467122,0.17272495800155158,0.0521385222392151,2.0,1.0,0.0,0.0,0.031600204596961945,1.0,1.0,16.0,1.5620991526787722,1.0
req_070,IS_2309_1989_H,1,synthetic,0.3624132357366312,2.0,4.3018954671968075,2.0,0.5362410626897849,0.12129287908190062,0.07638998985645565,0.368478603667984,3.0,3.0,1.0,0.0,0.03203431727936083,5.0,1.0,37.0,1.6228735896101292,5.0
req_339,IS_694_2010_H,0,synthetic,,,0.6982309146715996,1.0,0.3629448770765395,0.08211275147924482,0.09189606853688523,0.05214610325752267,3.0,1.0,0.0,0.0,0.03167688489077545,1.0,1.0,16.0,2.6638183105476374,1.0
req_053,IS_875_Part5_1987_H,0,synthetic,0.29431816693820223,4.0,1.6267338198439272,7.0,0.3496815512934835,0.10155076988236787,0.10583257728308633,0.06475818511517964,0.0,2.0,0.0,0.01079412606398464,0.03188088081775218,5.0,1.0,39.0,2.226419287635253,5.0
req_103,IS_10262_2019,1,synthetic,0.6633132652686553,1.0,6.154824434929618,1.0,0.5738461093438458,0.3656937142457747,0.3656937142457747,0.8121511822501115,3.0,4.0,1.0,0.0,0.0319976572842052,5.0,1.0,7.0,2.496356216669848,5.0
req_135,IS_3043_2018_H,1,synthetic,0.2585776552648752,5.0,1.6595144955225545,5.0,0.3441992639171457,0.07711292059664136,0.07373253600397137,,,0.0,0.0,0.0,0.0316790495931805,6.0,1.0,8.0,2.790719948654573,6.0
req_321,IS_9595_1996,1,synthetic,0.0783540230184698,2.0,0.2625115854987158,2.0,0.2575131013123024,0.12,0.12,0.0,0.0,0.0,0.0,0.0,0.0317460317460317,1.0,1.0,30.0,1.935185185185185,1.0
req_264,IS_814_2004_H,0,synthetic,0.16450902929724845,2.0,0.737799993445137,1.0,0.11440380966639586,0.13374940926380263,0.10034899696445387,0.06907134168143637,1.0,0.0,0.0,0.0,0.03198348352021579,1.0,1.0,22.0,2.8212353474157927,1.0
req_026,IS_2932_1974_H,1,synthetic,0.33525285719367015,2.0,3.7398865697315564,2.0,0.4243670469188804,0.11634833354506602,0.12276807986926729,0.7314906687860897,2.0,1.0,1.0,0.4679691104557147,0.03235993442668069,4.0,1.0,52.0,3.1803900954365445,4.0
req_630,IS_269_2015_H,1,synthetic,0.09127395568216344,1.0,2.015944500575954,2.0,0.36093826439692467,0.126930320820978,0.09702167084111404,0.1507621794049192,3.0,0.0,0.0,0.1783349702800777,0.03225270543226946,2.0,1.0,11.0,2.4118703598458144,2.0
req_490,IS_1642_1989_H,0,synthetic,0.0804376426188475,1.0,1.0928388193896224,1.0,0.26350053828615283,0.12970053623157396,0.13564737144616348,,4.0,1.0,0.0,0.0,0.03206515682124309,1.0,1.0,37.0,3.1152250164199824,1.0
req_630,IS_269_2015,0,synthetic,0.0345714816895715,2.0,2.61562860037021,1.0,0.3839146053783557,0.1069277534364667,0.1069277534364667,0.2075453137872093,3.0,0.0,0.0,0.2853354539344729,0.0323150436222634,1.0,1.0,11.0,2.674477818789596,1.0
req_155,IS_456_2000_H,1,synthetic,0.2254126391297946,1.0,1.470272487790235,1.0,0.319173732048578,0.1484655019292479,0.12062963866480175,0.013164408072298905,1.0,0.0,0.0,0.0,0.03218577499194877,2.0,1.0,26.0,1.9102818481738433,2.0
req_032,IS_1077_1992,0,synthetic,0.0237956450497559,6.0,1.1471674113992083,5.0,0.2409826990460674,0.0980342122386527,0.0980342122386527,0.212192593111823,1.0,2.0,0.0,0.0,0.0329309474624761,1.0,1.0,34.0,1.884693631510392,1.0
req_138,IS_694_2010_H,1,synthetic,0.21136153280486825,3.0,0.7971273808479183,5.0,0.253077976405801,0.06547386364852707,0.052355244457328684,0.02558723585081881,0.0,0.0,1.0,0.0,0.031963480526932875,4.0,1.0,16.0,2.5043859657870007,4.0
req_129,IS_2309_1989_H,1,synthetic,0.15784881101033113,5.0,1.0631287613285383,4.0,,0.16242857830082114,0.15027012741634646,0.05882688887569833,2.0,3.0,0.0,0.006135598647130351,0.03210533603684675,4.0,1.0,37.0,3.1822283033240777,4.0
req_109,IS_2074_1992,0,synthetic,0.3054619719032591,3.0,0.9678443231836936,8.0,0.3152311819698208,0.0622159127742656,0.0622159127742656,0.0209426654132871,1.0,3.0,0.0,0.1700514305958605,0.0323188445017587,3.0,1.0,34.0,2.8796266039669467,3.0
req_113,IS_1786_2008_H,0,synthetic,0.07988834133508796,7.0,1.6204643956782028,4.0,0.3438313399169312,0.12971593631020323,0.17890960604841447,0.05222535842113927,3.0,1.0,0.0,0.0,0.03218789002137667,8.0,1.0,18.0,1.9029663868314877,8.0
req_016,IS_9595_1996_H,1,manual,0.12353256949181128,5.0,0.6009083166069371,5.0,0.2986370785980086,0.1284875808194429,0.1407865676299421,0.0,0.0,0.0,0.0,0.03034989938816402,0.03174298497056419,6.0,1.0,30.0,2.08787794746399,6.0
req_398,IS_875_Part3_2015,0,synthetic,0.0288446879000874,2.0,1.897156812742296,1.0,0.1108509568506235,0.0586488990746048,0.0586488990746048,0.0,0.0,1.0,0.0,0.3091983296127691,0.0322383530976917,1.0,1.0,11.0,1.827594231226327,1.0
req_092,IS_1786_2008,0,synthetic,0.2545056982776384,5.0,0.2706787014839113,5.0,0.10135335103245,0.1219869068699191,0.1219869068699191,0.277478450027782,3.0,0.0,0.0,0.0,0.0315721857080977,5.0,1.0,18.0,2.508738680692904,5.0
req_266,IS_1536_2001_H,0,synthetic,0.14232836088713674,2.0,0.7220046049458044,1.0,0.3939661961476896,0.1839574798664239,0.11969588526804575,0.04053759700554959,0.0,0.0,0.0,0.0,0.031962402016088624,2.0,0.5,25.0,1.789537794143118,2.0
req_430,IS_3067_1988,1,synthetic,0.3706807926150013,1.0,5.566862542617262,1.0,0.5887963386480664,0.0907734312702404,0.0907734312702404,0.6317831576511556,1.0,1.0,0.0,0.754354718024516,0.0325945087676578,1.0,1.0,38.0,2.7672827185617512,1.0
req_105,IS_2062_2011,1,synthetic,0.3944433310538361,1.0,4.456795979130248,1.0,0.6882585062783357,0.3375675439568333,0.3375675439568333,0.0,0.0,1.0,0.0,0.96752647750887,0.0316253079617892,5.0,1.0,15.0,2.547492804202699,5.0
req_462,IS_1200_Part1_1992_H,1,synthetic,0.09582749048394791,1.0,1.229571875199162,1.0,,0.1425113801298807,0.16101390198442186,0.05201569016273137,3.0,3.0,0.0,0.21427501306694366,0.03254657831034753,2.0,1.0,34.0,,2.0
req_020,IS_875_Part1_1987,0,synthetic,0.2939408372556635,3.0,1.566463146713731,8.0,0.3343448509947801,0.0582727779297453,0.0582727779297453,0.2654049461660107,2.0,2.0,0.0,0.0,0.031279260639051,8.0,1.0,39.0,3.000724107915276,8.0
req_500,IS_2911_Part1_Sec2_2010,0,synthetic,0.2816500348718269,1.0,2.396990766312677,1.0,0.1311978241937224,0.1669855890074472,0.1669855890074472,0.0915572602015801,2.0,1.0,0.0,0.0,0.0310473288694029,2.0,1.0,16.0,1.7038550025701154,2.0
req_137,IS_3067_1988_H,1,synthetic,0.31790275717742367,2.0,4.358173463110474,2.0,0.4758331843234355,0.09675349860919245,0.10242859565056572,0.4924407870969489,1.0,1.0,0.0,0.47005349993733936,0.03247973755134488,4.0,1.0,38.0,2.6883382918186274,4.0
req_198,IS_3067_1988_H,1,synthetic,0.12651504065284194,1.0,1.7490454698264482,2.0,0.27228736999230907,0.06927493797760802,0.06261026972482389,0.17034819494235182,1.0,3.0,0.0,0.01070138979286397,0.03262128961875992,2.0,1.0,38.0,1.8800770584340798,2.0
req_334,IS_2074_1992_H,1,synthetic,0.3730583408145734,2.0,,,0.5650835340869462,0.20440371537871502,0.21067152137464293,0.05830969448199142,,0.0,0.0,0.5630809780219205,0.03254478038767934,2.0,1.0,34.0,2.5779400933964696,2.0
req_135,IS_9595_1996_H,0,synthetic,0.5457351125538009,2.0,2.964443140339656,2.0,0.3371307050876294,0.3080741220384096,0.3163364044682913,0.5859402939720886,1.0,0.0,0.0,0.4052604278677306,,,1.0,30.0,1.5118308284901618,
req_441,IS_1489_Part1_2015_H,0,synthetic,0.26278297670339584,2.0,2.115373167219438,2.0,0.3946238823543535,0.15663036361237404,0.1542815135241067,0.007305247567086708,0.0,0.0,0.0,0.0,0.0319692616638237,1.0,1.0,11.0,2.433259930646004,1.0
req_136,IS_458_2003,0,synthetic,0.1168465552521558,6.0,2.507959862276741,4.0,0.3763085443358371,0.156519557810711,0.156519557810711,0.0878498140070218,3.0,0.0,0.0,0.2431168034731803,0.0320541054668092,4.0,1.0,23.0,2.482918591746216,4.0
req_079,IS_1642_1989,0,synthetic,0.0839166354270578,6.0,2.082566183667006,5.0,0.4171565911084492,0.1308936822681271,0.1308936822681271,0.0260064100397965,2.0,0.0,0.0,0.2633559762917833,0.0317680638186862,4.0,1.0,37.0,3.513634469800171,4.0
req_290,IS_3495_Part1_1992_H,0,synthetic,0.1911522518479402,2.0,0.9728067807561518,2.0,0.28911836426827664,0.07531359788580108,0.0884975885450515,0.19787271382529487,4.0,0.0,0.0,0.0,0.031820957189463255,1.0,1.0,34.0,2.0041395250254204,1.0
req_199,IS_3034_1993_H,0,synthetic,0.215324453834469,2.0,1.6617771920386017,2.0,0.18795966852471532,0.05706194853207746,0.06478143258403768,0.044445566958906196,0.0,0.0,0.0,0.01180133337131471,0.032380364984956486,2.0,1.0,33.0,2.823019549145631,2.0
req_372,IS_1200_Part1_1992_H,0,synthetic,0.07064550662516408,1.0,1.3136170500409272,1.0,0.28918931562063116,,0.1877165668866875,0.12026519922394688,3.0,3.0,0.0,0.20688066734375127,0.032519849311529805,2.0,1.0,34.0,2.788892969764866,2.0
req_060,IS_1346_1991,0,synthetic,0.2524916905421273,3.0,2.5734847072070504,3.0,0.3978552606540513,0.1524507088283626,0.1524507088283626,0.0,0.0,0.0,0.0,0.0,0.0329962457368109,1.0,1.0,35.0,2.3741718108569927,1.0
req_084,IS_875_Part1_1987,1,synthetic,0.3168056133191564,1.0,6.706484367356492,1.0,0.3248615155291954,0.3649542494590727,0.3649542494590727,0.0,0.0,0.0,0.0,0.5871750608052413,0.0312414734741438,6.0,1.0,39.0,2.0919754979527863,6.0
req_527,IS_1201_1220_1978_H,1,synthetic,0.16924215179665075,1.0,1.8357803170947349,1.0,0.3553683061371587,0.11269990611243365,0.12540912637793303,0.08272296040991019,0.0,2.0,0.0,0.12763108948633084,,,1.0,48.0,2.5151402942643264,
req_476,IS_12269_2013_H,1,synthetic,0.479627103618705,2.0,1.8648321460355133,2.0,0.4743727995833456,0.19267872704482863,0.18773874908430815,0.5625548020848999,4.0,4.0,0.0,0.35133315848346547,0.0323531545237216,2.0,1.0,13.0,2.4601923129248964,2.0
req_294,IS_2062_2011,0,synthetic,0.2429460316589906,1.0,1.038490141619212,2.0,0.3939192985791676,0.1818181818181818,0.1818181818181818,0.0,0.0,0.0,0.0,0.0,0.0325224748810153,1.0,1.0,15.0,2.943661971830986,1.0
req_067,IS_458_2003_H,0,synthetic,0.09509962663004251,6.0,1.4987649343680705,4.0,0.17871498345070463,0.07520198566485187,0.0530858967493301,0.15024139193017919,4.0,0.0,0.0,0.023986141946050255,0.03267912228155933,3.0,1.0,23.0,2.5296606633443686,3.0
req_145,IS_1536_2001_H,1,synthetic,0.45397722241641625,2.0,2.4346704712361866,2.0,0.31600075000961275,0.22223175271742554,0.23960280221676647,0.42080551338715144,4.0,4.0,1.0,0.019578097919592988,0.03176969568439356,1.0,0.5,25.0,2.814920363697035,1.0
req_574,IS_2212_1991_H,0,synthetic,0.18547599534112888,1.0,0.9957706530083597,1.0,,0.1277038586579416,0.16648511933487883,0.0,0.0,0.0,0.0,0.1915926986909355,0.032586890651820855,2.0,1.0,35.0,1.9143021024316358,2.0
req_559,IS_458_2003,0,synthetic,0.1593725759903062,2.0,-0.0171210695480172,2.0,0.3849001794597505,0.1428571428571428,0.1428571428571428,0.0,0.0,0.0,0.0,0.0,0.0320020481310803,2.0,1.0,23.0,2.52,2.0
req_636,IS_1200_Part1_1992,0,synthetic,0.083721944488795,2.0,0.7039627204980752,2.0,0.0674199862463242,0.037037037037037,0.037037037037037,0.0,0.0,0.0,0.0,0.0,0.0317460317460317,2.0,1.0,34.0,1.88,2.0
req_122,IS_2074_1992,0,synthetic,0.0764001877311215,6.0,0.1451222652186485,7.0,0.0960158534998749,0.0398641430932334,0.0398641430932334,0.135830169779362,2.0,3.0,0.0,0.0,0.031641287446311,4.0,1.0,34.0,1.6075508670258174,4.0
req_106,IS_12269_2013_H,0,synthetic,0.1254099392919195,4.0,2.0258721568588074,3.0,0.18205938396089127,0.07207984038983935,0.08567772662178241,0.06467796240106123,3.0,0.0,0.0,0.0,0.03148011910834477,5.0,1.0,13.0,2.4992693997327144,5.0
req_068,IS_2074_1992,0,synthetic,0.3030393635142891,1.0,0.9120582095040471,6.0,0.3529778565231911,0.1079517980960867,0.1079517980960867,0.1382486995344615,4.0,2.0,0.0,0.0,0.0312799170571612,6.0,1.0,34.0,2.5343838725056003,6.0
req_522,IS_783_1985,1,synthetic,0.6638363804222238,1.0,4.078203694376367,1.0,0.6340375160171947,0.1249276508441693,0.1249276508441693,0.8403805538051425,4.0,4.0,0.0,0.2602558483495455,0.0314494013189115,2.0,1.0,41.0,3.2273033518000336,2.0
req_263,IS_1893_Part1_2016,0,synthetic,0.1695126514121585,2.0,1.9923194790766048,2.0,0.2486375261784998,0.0692164814083893,0.0692164814083893,0.0731192718225415,2.0,2.0,0.0,0.0,0.0328437362998631,1.0,1.0,10.0,2.444366095243301,1.0
req_073,IS_732_2019,0,synthetic,0.0407476015812878,8.0,2.366195600611135,5.0,0.3659687061440054,0.1411359774311973,0.1411359774311973,0.0,0.0,1.0,0.0,0.2305320389863113,0.0325781535264401,2.0,1.0,7.0,1.423818068618378,2.0
req_254,IS_13920_2016,0,synthetic,0.1731333576608309,1.0,2.158021446310725,2.0,0.2232413480039634,0.0341133538528738,0.0341133538528738,0.13912562422092,3.0,1.0,0.0,0.0,0.0322811613054233,2.0,1.0,10.0,3.432131667381991,2.0
req_187,IS_10262_2019,0,synthetic,0.098364558917063,2.0,1.604680741155317,2.0,0.4432557348820657,0.0268862955235872,0.0268862955235872,0.10370613350394,3.0,2.0,0.0,0.0,0.0329684716986331,1.0,1.0,7.0,1.5217675924689265,1.0
req_414,IS_1904_1986,0,synthetic,0.1000779612040133,2.0,1.014701278929672,2.0,0.2075143391598224,0.1111111111111111,0.1111111111111111,0.0,0.0,0.0,0.0,0.0,0.0314980158730158,2.0,1.0,40.0,2.106382978723404,2.0
req_119,IS_8329_2000_H,0,synthetic,0.18406782000050292,3.0,0.9405281817966189,6.0,0.31436280391303995,0.12835519203415213,0.11869501005212654,0.2071687025951241,3.0,3.0,0.0,0.017282003252628027,0.031712315602948966,5.0,1.0,26.0,2.148164250791223,5.0
req_011,IS_2309_1989_H,0,manual,0.12246644577367923,5.0,1.2300921035995491,5.0,0.22055872839947288,0.08437196905943409,0.052338599297573216,0.02433655921810825,0.0,0.0,0.0,0.0,0.03181515839666254,5.0,1.0,37.0,1.8257356103043685,5.0
req_432,IS_2074_1992_H,0,synthetic,0.3047954041937344,2.0,1.3424975949720328,1.0,0.30887073066801396,0.08610762763227497,0.07597338483397902,0.027313291131525096,1.0,3.0,0.0,0.13207376682582772,0.03222976062106638,2.0,1.0,34.0,2.684325238510308,2.0
req_402,IS_732_2019,0,synthetic,0.2399680481638703,1.0,0.7793476066109655,2.0,0.2305274682898856,0.1118741588018814,0.1118741588018814,0.1506501808999292,2.0,1.0,0.0,0.0,0.0326130801138557,1.0,1.0,7.0,2.692984544916301,1.0
req_109,IS_1642_1989,1,synthetic,0.4836463222364005,1.0,2.082819190824152,6.0,0.6630729977995413,0.4463282763801204,0.4463282763801204,0.804570982622471,4.0,5.0,0.0,0.7537639368364368,0.0313948351848958,7.0,1.0,37.0,2.6143997855104315,7.0
req_030,IS_8112_2013_H,0,synthetic,0.16007922828234822,3.0,1.542348813866247,3.0,0.2543089609822683,0.07874959735558396,0.07617053800701172,0.18381321643712073,2.0,2.0,0.0,0.005549823573310232,0.03259490782686433,2.0,1.0,13.0,2.909381706883839,2.0
req_616,IS_1642_1989,0,synthetic,0.0655871167311993,2.0,0.4856107663683485,2.0,0.0939338109325324,0.0247156798633973,0.0247156798633973,0.0800587839013438,3.0,3.0,0.0,0.0,0.0314643650685386,2.0,1.0,37.0,2.8653380301691485,2.0
req_101,IS_1893_Part1_2016,0,synthetic,0.0511139317215108,8.0,2.5469962696257107,3.0,0.2378966887215418,0.1224098175921348,0.1224098175921348,0.1833969474876316,2.0,0.0,0.0,0.0,0.0327251515490481,1.0,1.0,10.0,3.3178830792796665,1.0
req_248,IS_3067_1988_H,1,synthetic,0.16510448943987469,1.0,1.8923195059838374,1.0,0.31616340998835046,0.14898447989074406,0.15676955448806854,0.09110291938053935,0.0,0.0,0.0,,0.03207307545727622,2.0,1.0,38.0,,2.0
req_468,IS_1489_Part1_2015_H,1,synthetic,0.21636664719437895,1.0,0.7458935528558905,1.0,0.3904043454733171,0.11670034372306501,0.10912742160554642,0.029203192717519994,0.0,0.0,0.0,0.0,0.031587355924414674,1.0,1.0,11.0,3.0143970654260266,1.0
req_010,IS_1554_Part1_1988_H,1,manual,0.22812799270668982,3.0,2.6864362331044433,4.0,0.24127244731058264,0.15654282764668395,0.10861502799970815,0.029883819714734864,1.0,0.0,0.0,0.0,0.032158652953151706,4.0,0.5,38.0,1.802934380054428,4.0
req_031,IS_783_1985_H,1,synthetic,0.23836651545370996,4.0,1.4672587733141575,3.0,0.35720224066716516,,0.07379818096263543,0.165146434197508,1.0,0.0,0.0,0.029316471996212234,0.032480108826645177,4.0,1.0,41.0,3.120528751045752,4.0
req_141,IS_73_2013,1,synthetic,0.3158471068272303,1.0,2.963731160367673,1.0,0.7236029523807427,0.3082685722818934,0.3082685722818934,0.5508441894113126,2.0,3.0,0.0,0.0,0.0327215831858277,1.0,1.0,13.0,2.0131885581852136,1.0
req_112,IS_2309_1989,0,synthetic,0.1637063490093587,6.0,1.6337540616061672,4.0,0.3053762859976265,0.093961857289376,0.093961857289376,0.0,0.0,0.0,0.0,0.2073216811298966,0.0320252856320022,3.0,1.0,37.0,3.34337452795232,3.0
req_189,IS_1489_Part1_2015_H,0,synthetic,0.23315209102497336,2.0,2.375403915138331,2.0,0.39295536813595305,0.14549209410749148,0.14677613535196402,0.022115395707238198,0.0,0.0,0.0,0.003928721223126643,0.03191902926134128,2.0,1.0,11.0,2.4939014387829848,2.0
req_132,IS_3495_Part1_1992,0,synthetic,0.0674143750611608,6.0,0.1432700178654479,6.0,0.2585142342666286,0.1494992910423108,0.1494992910423108,0.0,0.0,1.0,0.0,0.0,0.031058966692767,6.0,1.0,34.0,1.9989154969774927,6.0
req_529,IS_73_2013,1,synthetic,0.3778713777521418,1.0,4.469990311969394,1.0,0.6224508573439895,0.1762617133068528,0.1762617133068528,0.9736531337530592,1.0,0.0,0.0,0.0,0.0321002417840041,1.0,1.0,13.0,1.4726044009313108,1.0
req_055,IS_2212_1991_H,0,synthetic,0.2658317866036357,4.0,1.7610604373581877,4.0,0.32246033172168187,0.11089619720367237,0.12364735844561878,0.21360040254152438,1.0,1.0,0.0,0.0,0.03216381887113709,4.0,1.0,35.0,2.8537340462715437,4.0
req_104,IS_2911_Part1_Sec2_2010,1,synthetic,0.5550618157441836,1.0,5.306066124803702,1.0,0.7416263007578561,0.2775440373703342,0.2775440373703342,0.7375014924150614,3.0,2.0,0.0,0.3589950337245966,0.0313998048345294,8.0,1.0,16.0,3.012934793874626,8.0
req_536,IS_269_2015_H,1,synthetic,0.09354583335899969,1.0,0.7211228433216008,1.0,0.29170573091154434,0.14738535626449617,0.13320467910664205,0.2787658013026544,3.0,0.0,0.0,0.0,0.0314459914418006,1.0,1.0,11.0,2.850077361118954,1.0
req_516,IS_694_2010_H,0,synthetic,0.07383652244643674,1.0,1.4368806569465897,1.0,,0.15539451487890238,0.14771610065434415,0.12712032306047544,3.0,3.0,0.0,0.11798601754397015,0.03220073999296832,2.0,1.0,16.0,2.855004878275289,2.0
req_387,IS_2062_2011,1,synthetic,0.6755846567980671,1.0,3.5770081946840504,1.0,0.6713859142173009,0.1510419364558229,0.1510419364558229,0.492440796365482,1.0,1.0,1.0,0.0,0.0325417494407262,1.0,1.0,15.0,3.2125315925912066,1.0
req_172,IS_1904_1986,0,synthetic,0.2122711789355219,2.0,0.2648227820123017,2.0,0.2545122210692265,0.0320023717573278,0.0320023717573278,0.0,0.0,0.0,0.0,0.0,0.0319707405744733,2.0,1.0,40.0,1.4820709286240508,2.0
req_445,IS_875_Part1_1987,0,synthetic,0.2234920475195277,2.0,1.5756952710870904,2.0,0.2206449354386984,0.1584989393556037,0.1584989393556037,0.1582379365384447,2.0,3.0,0.0,0.0,0.0326025184483031,1.0,1.0,39.0,1.5752365563180637,1.0
req_064,IS_1642_1989_H,1,synthetic,0.39291313557001883,2.0,3.8967223684982093,2.0,0.4971782800985008,0.16345362480434378,0.15450949015675045,0.5384211935730882,1.0,0.0,0.0,0.3518098418350873,0.03149444516791522,5.0,1.0,37.0,2.9238621847867496,5.0
req_621,IS_9595_1996_H,0,synthetic,0.25042803514857537,2.0,0.7565744804384827,1.0,0.33774515958119516,0.1525388542538872,0.1155073715930846,0.09512026606864918,1.0,0.0,1.0,0.0,0.03203301174006588,1.0,1.0,30.0,2.5666307305263363,1.0
req_548,IS_3034_1993_H,0,synthetic,0.18769153843482372,2.0,2.0013642243269314,2.0,0.2998628422348233,0.10764905490334568,0.12290289498706948,0.07396425526876191,4.0,3.0,0.0,0.0,0.031296772820864405,1.0,1.0,33.0,3.1707968899311396,1.0
req_342,IS_1346_1991_H,0,synthetic,0.28485286731731996,2.0,0.49403373681182383,1.0,0.39896629326375943,0.10343494449796856,0.05393899184520546,0.017412758004746027,0.0,2.0,0.0,0.0,0.031500839866899166,1.0,1.0,35.0,2.3573895607243376,1.0
req_187,IS_10262_2019_H,1,synthetic,0.14125072416851847,1.0,1.9735593302014003,1.0,0.37728166088339743,0.05801009358312917,0.05982245686431858,0.078272233686173,3.0,2.0,0.0,0.0,0.03266049579956389,2.0,1.0,7.0,1.7171887950784928,2.0
req_089,IS_3034_1993_H,0,synthetic,0.23742155872662765,3.0,2.1884097505591646,3.0,0.24703933030277764,0.07036287028060388,0.04109527735834857,0.043098846227570514,0.0,0.0,0.0,0.0,0.03242803376187546,6.0,1.0,33.0,2.6981705187540643,6.0
req_087,IS_875_Part2_1987,0,synthetic,0.0367725967557349,6.0,2.789717338243402,3.0,0.1299587502780092,0.1723709162837239,0.1723709162837239,0.2805618096274634,2.0,1.0,0.0,0.0,0.0314731022654849,6.0,1.0,39.0,1.9973102654858976,6.0
req_309,IS_2911_Part1_Sec1_2010_H,1,synthetic,0.33461944019449785,2.0,2.5628431404964203,2.0,0.5741296690025276,0.19102202464361384,0.24640295236089416,0.0,0.0,0.0,0.0,0.2890652509413996,0.032113123585143705,1.0,1.0,16.0,2.5251957281017106,1.0
req_505,IS_2309_1989,0,synthetic,0.0667760655773891,2.0,0.6709545524598233,2.0,0.1908854288927333,0.074074074074074,0.074074074074074,0.0,0.0,0.0,0.0,0.0,0.0317460317460317,2.0,1.0,37.0,1.8148148148148149,2.0
req_209,IS_694_2010_H,0,synthetic,0.1692778330707353,2.0,0.8935897727051624,1.0,0.23338250832157234,0.04464012736620328,0.06125073878769802,0.07326704969488759,0.0,,1.0,0.03852767753802396,0.03199011840963293,1.0,1.0,16.0,2.2866454897963107,1.0
req_173,IS_3495_Part1_1992,0,synthetic,0.0380330148727004,2.0,0.5219837624519108,2.0,0.3255759422731814,0.068830661248828,0.068830661248828,0.0199793377264853,2.0,0.0,0.0,0.0,0.0328257375606909,1.0,1.0,34.0,2.096514984451706,1.0
req_297,IS_13920_2016,0,synthetic,0.2507493651124094,1.0,2.2965172885989134,1.0,0.070237792293608,0.1950283516724778,0.1950283516724778,0.1349923486988988,4.0,0.0,0.0,0.0,0.0327559203033008,1.0,1.0,10.0,3.0836178827700245,1.0
req_074,IS_456_2000_H,1,synthetic,0.39401963879914426,2.0,3.728801164943202,2.0,0.4740070074615698,0.2498268490846528,0.24635271472170178,0.49092503245513436,3.0,3.0,0.0,0.0,0.0320366160253583,6.0,1.0,26.0,2.084104528901573,6.0
req_067,IS_458_2003,0,synthetic,0.0751636936241748,7.0,1.4830955535138295,5.0,0.1387969574945403,0.0605620187083822,0.0605620187083822,0.241732847980466,4.0,0.0,0.0,0.0,0.0329355723770932,1.0,1.0,23.0,2.559623881768292,1.0
req_035,IS_9595_1996,0,synthetic,0.3080326332302897,3.0,0.2328156881081464,6.0,0.3527222127854305,0.1325927054731885,0.1325927054731885,0.0471171280142631,1.0,0.0,1.0,0.0262727041154087,0.0319010074092354,6.0,1.0,30.0,2.645456308530973,6.0
req_340,IS_1077_1992_H,0,synthetic,0.19954855691443818,1.0,1.5689244305177512,1.0,0.25303525766773893,0.0821172715671286,0.08136079697826229,0.2213596077189698,1.0,0.0,0.0,0.0,0.032353029032042076,2.0,1.0,34.0,2.6921638928106417,2.0
req_592,IS_875_Part3_2015,0,synthetic,0.2192431462495527,1.0,0.9709347786218134,2.0,0.0659655812846716,0.1161964035897616,0.1161964035897616,0.0,0.0,2.0,0.0,0.0,0.0316457302991799,2.0,1.0,11.0,1.9164437286088207,2.0
req_260,IS_516_1959,0,synthetic,0.0784572957709667,1.0,0.2250237259097363,2.0,0.1324532357065043,0.0689655172413793,0.0689655172413793,0.0,1.0,0.0,0.0,0.0,0.0317460317460317,1.0,1.0,67.0,1.6696428571428572,1.0
req_052,IS_269_2015_H,1,synthetic,0.3598795320428246,2.0,3.1368484322389696,2.0,0.41731969906976374,0.17853276780081073,0.1489262389451132,0.01526866745546632,0.0,0.0,1.0,0.3330624111530341,0.032297169297669334,2.0,1.0,11.0,2.186665099301573,2.0
req_087,IS_1201_1220_1978,0,synthetic,0.2414315303362009,3.0,0.9725319281581264,6.0,0.2825406228867522,0.1466215189255844,0.1466215189255844,0.1690819460349581,1.0,3.0,0.0,0.0,0.0329760124208092,1.0,1.0,48.0,3.3218219457597367,1.0
req_040,IS_10262_2019,0,synthetic,0.0699094360187675,6.0,0.8034783286955843,6.0,0.0518683722530029,0.0783874400206344,0.0783874400206344,0.0,0.0,1.0,0.0,0.0,0.0314883948643679,6.0,1.0,7.0,2.218321610092602,6.0
req_197,IS_1904_1986,1,synthetic,0.2998374003804732,1.0,1.933825602204766,2.0,0.3439577054307227,0.1879702424370598,0.1879702424370598,0.0,0.0,1.0,0.0,0.0,0.0317949346970162,2.0,1.0,40.0,2.3993775084835445,2.0
req_316,IS_732_2019_H,0,synthetic,0.2080870951521575,2.0,1.2018552952428079,1.0,0.22549698411571206,0.13434683495404662,0.11508449423229267,0.14823462155090697,2.0,1.0,0.0,0.0,0.03248227928317457,2.0,1.0,7.0,2.6069603806982484,2.0
req_226,IS_3067_1988,1,synthetic,0.5736582957813225,1.0,3.6568881578766113,1.0,0.2871577567580444,0.1692165920226885,0.1692165920226885,0.0,0.0,0.0,0.0,0.5142242845856422,0.0322855912324054,1.0,1.0,38.0,3.2014015933944666,1.0
req_283,IS_458_2003_H,0,synthetic,0.17831430472859544,1.0,0.5081227278057359,1.0,0.3872196893484686,0.1538159704492534,0.1418901490839309,0.024499917338885752,0.0,0.0,0.0,0.0,0.03192932566842735,2.0,1.0,23.0,2.5495223825906357,2.0
req_313,IS_3043_2018,0,synthetic,0.0660314490178124,2.0,1.2322793208371623,2.0,0.1920954480955413,0.0999090720516086,0.0999090720516086,0.0,0.0,3.0,0.0,0.1284324820288413,0.0315573795325996,2.0,1.0,8.0,3.5072221228227334,2.0
req_477,IS_875_Part5_1987,0,synthetic,0.3060211033956544,1.0,1.5006335857948951,2.0,0.3624290576965802,0.1113720659892808,0.1113720659892808,0.0,0.0,2.0,0.0,0.0,0.0317737626430547,2.0,1.0,39.0,2.1272606096869566,2.0
req_032,IS_1642_1989,1,synthetic,0.212839212748733,4.0,3.422177670852415,1.0,0.6225410077677249,0.4345239501361815,0.4345239501361815,0.491798062813683,3.0,3.0,0.0,0.0,0.0312038026108919,5.0,1.0,37.0,3.065330079635377,5.0
req_048,IS_783_1985_H,1,synthetic,0.382811962524527,2.0,3.660351827596696,2.0,0.37430901741049005,0.17716720553387016,0.12945012451522636,0.3938757167810853,2.0,2.0,0.0,0.0027917621118936087,0.03156306561500573,5.0,1.0,41.0,2.8197659834651967,5.0
req_602,IS_2212_1991_H,0,synthetic,0.11357734821233828,1.0,1.6802339469858623,1.0,0.2328224306088646,0.08077995099133349,0.043560005862450284,0.09037486653733469,4.0,3.0,0.0,0.00039674083144379334,0.03185674347048804,1.0,1.0,35.0,2.558829525781961,1.0
req_132,IS_3495_Part1_1992_H,0,synthetic,0.09596768112677971,5.0,0.8327477015733143,5.0,0.29760294806767584,0.1290171086367765,0.14867357043395502,0.03213602688576578,0.0,1.0,0.0,0.033534591934688454,0.03135682971428987,4.0,1.0,34.0,2.05687177882217,4.0
req_371,IS_3067_1988_H,0,synthetic,0.25221242428822305,2.0,2.4056167834182993,2.0,0.19440503377545715,0.1473266681497971,0.16568036421113913,0.08401070509160612,3.0,0.0,0.0,0.02355031958008001,0.03225836310321254,2.0,1.0,38.0,2.551341907856507,2.0
req_069,IS_456_2000_H,1,synthetic,0.19489336656887163,2.0,1.0158149689946578,5.0,0.2541425110257234,0.13938247815460925,0.12948418461302547,0.030113285442783144,2.0,0.0,0.0,0.03746845533986938,0.03211209015799621,3.0,1.0,26.0,2.908184252138936,3.0
req_061,IS_383_2016,0,synthetic,0.183881965773449,6.0,1.8762254431856484,4.0,0.3957383054165472,0.1425342601224455,0.1425342601224455,0.1830229740236254,4.0,1.0,0.0,0.0862816974345761,0.0314497340759856,8.0,1.0,10.0,3.536339974837837,8.0
req_410,IS_1893_Part1_2016_H,1,synthetic,0.1740316708250669,1.0,1.9443715008497513,2.0,0.26704344710519384,0.08545694182705299,0.08597769209784101,0.09525050814572658,2.0,2.0,0.0,0.03739598573817693,0.03257990622419625,2.0,1.0,10.0,2.4234319304051466,2.0
req_035,IS_9595_1996_H,0,synthetic,0.2545729289805906,4.0,0.6359829384891136,4.0,0.32257647007695134,0.11657530263490232,0.1263730384138064,0.08051225096852653,1.0,0.0,1.0,0.002625231920960279,0.03196881736949897,5.0,1.0,30.0,2.534371934135568,5.0
req_322,IS_15911_2010,0,synthetic,0.2424955647004153,1.0,5.071148329977193,1.0,0.2672612419124244,0.1212121212121212,0.1212121212121212,0.0,1.0,1.0,0.0,0.0,0.0327868852459016,1.0,1.0,16.0,1.524822695035461,1.0
req_593,IS_1346_1991_H,1,synthetic,0.4568436750788207,2.0,3.5139133331099406,2.0,0.6325413792878541,0.30832641062723587,0.17146469200363357,0.3398359067608556,1.0,1.0,1.0,0.003177348859751411,0.0326274103607994,2.0,1.0,35.0,2.6923662873520087,2.0
req_481,IS_2062_2011_H,1,synthetic,0.5058267721013562,2.0,3.0769588852347747,2.0,0.5151222165190054,0.13335832411233509,0.1428454572230743,,1.0,1.0,1.0,0.021338196769886845,0.03247657356827401,2.0,1.0,15.0,2.87379101569527,2.0
req_117,IS_1201_1220_1978,0,synthetic,0.243846877403052,3.0,2.6012275006122385,2.0,0.1179686741127798,0.1526802046294508,0.1526802046294508,0.0,0.0,0.0,0.0,0.0,0.0314055331175765,8.0,1.0,48.0,1.8367842697753505,8.0
req_092,IS_1786_2008_H,0,synthetic,0.23476527570019937,6.0,0.9416929044651394,3.0,0.16760635441018426,0.11057147906035744,0.11731846431950052,0.2649506961361419,3.0,0.0,0.0,0.0,0.03179233090761227,3.0,1.0,18.0,2.4903162050087673,3.0
req_425,IS_3067_1988,0,synthetic,0.0951815926945997,2.0,1.7599127104550756,2.0,0.2658449803480873,0.0425306531228424,0.0425306531228424,0.1600434089305141,1.0,3.0,0.0,0.0,0.0328832139757371,1.0,1.0,38.0,1.6123565271669735,1.0
req_098,IS_1489_Part1_2015_H,0,synthetic,0.228799307147077,6.0,1.99980397896087,5.0,0.28710266891640873,0.06135514670851127,0.06582841433235423,0.02857824727045346,0.0,0.0,0.0,0.02883663331851473,0.031528788109040806,5.0,1.0,11.0,1.9451269656146737,5.0
req_517,IS_732_2019,0,synthetic,0.225404769922695,1.0,2.7453346794982205,1.0,0.2361977803633488,0.0528100397144971,0.0528100397144971,0.0,0.0,0.0,0.0,0.0,0.0310739675803995,2.0,1.0,7.0,1.723738833166247,2.0
req_295,IS_8329_2000_H,1,synthetic,0.3339862055573933,2.0,3.865150055241086,2.0,0.46087814909768426,0.19961512515103813,0.19843617521496404,0.008575596673409965,0.0,0.0,0.0,0.5816062942066014,0.032397180366980145,2.0,1.0,26.0,2.47873347274322,2.0
req_079,IS_875_Part2_1987_H,0,synthetic,0.23117601112885064,2.0,1.9182373320762351,8.0,0.24890615826820245,0.06610098906918403,0.06777164964953039,0.06380914611289162,0.0,0.0,0.0,0.03067728215343691,0.032007446563261856,2.0,1.0,39.0,,2.0
req_428,IS_2062_2011,0,synthetic,0.2115495179128333,1.0,1.5164212720089554,1.0,0.2964997266644404,0.1428571428571428,0.1428571428571428,0.0,0.0,0.0,0.0,0.0,0.0322664584959666,2.0,1.0,15.0,3.065573770491804,2.0
req_461,IS_1077_1992_H,1,synthetic,0.3257706611648231,2.0,3.075008641402403,2.0,0.4426913754560981,0.2162607240563001,0.24943318294314437,0.0,0.0,0.0,0.0,0.05336557152644665,0.032578258392404406,2.0,1.0,34.0,1.8057711710229036,2.0
req_057,IS_1904_1986_H,0,synthetic,0.42042374746861516,2.0,4.653663063053358,2.0,0.5057571799301683,0.3181277098818589,,0.6753227985132624,4.0,3.0,0.0,0.21806944700630654,0.03217171627952629,5.0,1.0,40.0,2.6979206661682382,5.0
req_450,IS_1201_1220_1978,0,synthetic,0.0336547102949655,2.0,0.1053991576811151,2.0,0.1597760242666388,0.1899361306632333,0.1899361306632333,0.0307762940363282,4.0,2.0,0.0,0.0995187644980022,0.0316814118651205,2.0,1.0,48.0,3.518919461374993,2.0
req_355,IS_783_1985,0,synthetic,0.132290307030661,2.0,0.3850209355908627,2.0,0.4184238646510976,0.0320839954645966,0.0320839954645966,0.0,0.0,0.0,0.0,0.0,0.0317452937187518,2.0,1.0,41.0,1.5557713158985318,2.0
req_633,IS_8112_2013_H,1,synthetic,0.5288111045787162,2.0,5.428536827239338,2.0,0.49216862313584286,0.2824983872790482,0.18415280780445398,0.05051997637922959,0.0,0.0,0.0,0.438824833411368,0.0321864143843955,1.0,1.0,13.0,1.7831240676556424,1.0
req_302,IS_9595_1996_H,0,synthetic,0.07781242293773821,1.0,2.4505276336425617,1.0,0.12505300222013685,0.07559667853316036,0.0849934861746287,0.04149022616365629,0.0,2.0,0.0,0.007656890011819266,0.03206069266801268,2.0,1.0,30.0,2.350182547334684,2.0
req_055,IS_3043_2018_H,0,synthetic,0.13340475373265678,5.0,1.276368564447171,5.0,0.2215285302400365,0.12416265222648559,0.11575169127729054,0.01562871176930722,0.0,3.0,0.0,0.09614429752203758,0.03159525413286041,6.0,1.0,8.0,3.286043687502857,6.0
req_065,IS_1536_2001_H,0,synthetic,0.08565243601168847,6.0,1.2683104620298722,7.0,0.3528526697947786,0.15176011738479137,0.09627587635699479,0.11799733505370563,2.0,1.0,0.0,0.028005398458221864,0.03139854835546613,5.0,0.5,25.0,2.077754461307661,5.0
req_245,IS_875_Part1_1987,1,synthetic,0.3508825768627345,1.0,2.509548678058948,1.0,0.3366271373092652,0.4310166068497397,0.4310166068497397,0.5458114690255419,3.0,3.0,0.0,0.0,0.0328576904179708,1.0,1.0,39.0,3.099430712599606,1.0
req_077,IS_2074_1992,1,synthetic,0.4248661714152069,1.0,3.612600279476032,1.0,0.6992007218140412,0.2424558642518332,0.2424558642518332,0.0,0.0,0.0,0.0,0.8032097365032353,0.0327220973925404,1.0,1.0,34.0,2.6841152361557707,1.0
req_110,IS_814_2004_H,0,synthetic,0.2879400655179908,4.0,0.9634658406690345,5.0,0.21708891684057113,0.14242242406083833,0.1568260095752112,0.05989236242997348,4.0,2.0,0.0,0.0,0.03174880642994815,1.0,1.0,22.0,2.4128166171071928,1.0
req_066,IS_73_2013,0,synthetic,0.2791190728010169,2.0,0.1108654998197136,8.0,0.2465972980657831,0.0720674212437054,0.0720674212437054,0.0956711089107576,4.0,3.0,0.0,0.0,0.0316413302307859,6.0,1.0,13.0,1.9591464225888773,6.0
req_014,IS_1536_2001,0,manual,0.144092924279985,5.0,0.4462312653474676,4.0,0.4330127018922193,0.1923076923076923,0.1923076923076923,0.0,0.0,0.0,0.0,0.0,0.0320020481310803,5.5,0.5,25.0,1.588235294117647,5.5
req_132,IS_3043_2018,1,synthetic,0.6363507353720239,1.0,5.3699212251799215,1.0,0.4795333350613597,0.291972464595118,0.291972464595118,0.9503544664602944,3.0,3.0,1.0,0.6566753134044192,0.031277153053597,5.0,1.0,8.0,2.522181493099885,5.0
req_030,IS_458_2003_H,1,synthetic,0.3525077912832019,2.0,1.5767495119752208,2.0,0.36826685982252844,0.2711776978415681,0.2918651458920558,0.6886388551399135,3.0,3.0,0.0,0.0,0.031973246348465274,4.0,1.0,23.0,3.1202126275723234,4.0
req_498,IS_2911_Part1_Sec2_2010,0,synthetic,0.0957435171478917,2.0,2.405910449188412,1.0,0.086775727697219,0.0317618183205078,0.0317618183205078,0.1731063469412454,2.0,0.0,0.0,0.0,0.0326222841525501,1.0,1.0,16.0,3.4804452595413733,1.0
req_336,IS_875_Part5_1987,1,synthetic,0.3900363567683625,1.0,5.815270501500387,1.0,0.4124587143877919,0.1711864190835517,0.1711864190835517,0.0,0.0,0.0,0.0,0.5349999948125919,0.0313085537812062,2.0,1.0,39.0,2.1656116421833174,2.0
req_194,IS_1893_Part1_2016_H,1,synthetic,0.15852627921110504,1.0,1.122824958356776,1.0,0.1761899992352661,0.06721109967275475,0.07819280470974292,0.1346198367716606,2.0,0.0,0.0,0.010781042831597348,0.031459748582262394,1.0,1.0,10.0,2.284467106465207,1.0
req_515,IS_2911_Part1_Sec2_2010_H,1,synthetic,0.23806833943572045,2.0,2.200358310560571,2.0,0.5488849640879184,0.2421541899319546,0.26707868691603165,0.37736652213129,4.0,5.0,0.0,0.3054894755239577,0.03211886439988076,2.0,1.0,16.0,2.810546430424032,2.0
req_169,IS_3812_Part1_2013,0,synthetic,0.0977748557348516,2.0,0.5270301753990412,2.0,0.1259881576697424,0.0714285714285714,0.0714285714285714,0.0,1.0,0.0,0.0,0.0,0.0314980158730158,2.0,1.0,13.0,1.6607142857142858,2.0
req_050,IS_2062_2011,1,synthetic,0.6755846567980671,1.0,3.5770081946840504,1.0,0.6713859142173009,0.1510419364558229,0.1510419364558229,0.492440796365482,1.0,1.0,1.0,0.0,0.0325417494407262,2.0,1.0,15.0,3.2125315925912066,2.0
req_363,IS_73_2013,0,synthetic,0.2791190728010169,1.0,0.1108654998197136,2.0,0.2465972980657831,0.0720674212437054,0.0720674212437054,0.0956711089107576,4.0,3.0,0.0,0.0,0.0316413302307859,2.0,1.0,13.0,1.9591464225888773,2.0
req_118,IS_1536_2001,0,synthetic,0.1754615418465522,3.0,0.8496061065364632,8.0,0.0434516279760464,0.1413385508800702,0.1413385508800702,0.0302243478419695,2.0,3.0,0.0,0.0,0.0313743048839057,8.0,0.5,25.0,1.867695231417396,8.0
req_068,IS_73_2013,0,synthetic,0.1125266852860785,8.0,0.9749871612453987,5.0,0.4019529004684365,0.1038807320427111,0.1038807320427111,0.2284886907929133,4.0,2.0,0.0,0.0710946219395601,0.0310914308959621,7.0,1.0,13.0,3.280599377453284,7.0
req_134,IS_73_2013_H,1,synthetic,0.280887912679651,4.0,0.6765976958034694,6.0,0.24690761718567047,0.12699941392095068,0.1414239607620681,0.21957859937002233,4.0,0.0,0.0,0.05709666131518661,0.03180656440868108,5.0,1.0,13.0,2.4718633165441863,5.0
req_096,IS_13920_2016_H,0,synthetic,0.2969216018370968,2.0,0.5574868870495555,8.0,0.256536412582769,0.0965963709219773,0.11365882367233454,0.019113519866422873,,3.0,0.0,0.0,0.031601292943533026,7.0,1.0,10.0,2.816508611472641,7.0
req_019,IS_2911_Part1_Sec2_2010_H,1,synthetic,0.2714589915942861,1.0,,,0.5501227632695505,,0.15542146328351386,0.3782419393951938,4.0,5.0,0.0,0.2730857966908008,0.032118923723460625,4.0,1.0,16.0,2.7772407626387494,4.0
req_006,IS_875_Part3_2015,0,manual,0.1375377283795595,8.0,0.970426241760115,6.0,0.4124789556921527,0.125,0.125,0.0,0.0,0.0,0.0,0.0,0.0314980158730158,7.5,1.0,11.0,2.580246913580247,7.5
req_409,IS_875_Part2_1987_H,0,synthetic,0.426040179484225,2.0,4.614926915365884,2.0,0.30852986738362254,,0.1575642082916838,0.6103663251741731,4.0,4.0,0.0,0.2522359519225376,,,1.0,39.0,1.8204826259681914,
req_019,IS_2911_Part1_Sec2_2010,1,synthetic,0.2697689642625719,2.0,2.332974916091839,1.0,0.6573672595672218,0.2817856174868894,0.2817856174868894,0.4674804737149809,4.0,5.0,0.0,0.4244956700430546,0.0321224901258772,3.0,1.0,16.0,2.932646090367648,3.0
req_082,IS_73_2013,0,synthetic,0.0366317332527264,6.0,2.399175380659293,1.0,0.1084213709887265,0.0483157965982026,0.0483157965982026,0.0,0.0,3.0,0.0,0.0,0.0324815599249128,3.0,1.0,13.0,1.2560359891764004,3.0
req_054,IS_783_1985,1,synthetic,0.4219541905505469,1.0,4.125074230285337,1.0,0.6497479176411066,0.4172946754131238,0.4172946754131238,0.6010054480411717,4.0,5.0,0.0,0.0,0.0311500823299763,8.0,1.0,41.0,2.748154464025751,8.0
req_344,IS_2062_2011,0,synthetic,0.3196706999688016,1.0,1.3454749879687475,2.0,0.1009241215369435,0.1169445039866972,0.1169445039866972,0.1655752251212432,1.0,1.0,0.0,0.0,0.031643554700458,2.0,1.0,15.0,1.6933330782116978,2.0
req_457,IS_3043_2018_H,1,synthetic,0.12355497839717118,1.0,2.136407748491272,2.0,0.34159274012042284,,0.09945690375180057,0.02529164950048781,0.0,0.0,0.0,0.0,0.03208843225572854,1.0,1.0,8.0,2.664895344155103,1.0
req_040,IS_1200_Part1_1992_H,0,synthetic,0.2001224127978844,4.0,2.2640003490669565,4.0,0.2520101047537581,0.08761259726879782,0.06748446884869969,0.06248648136966437,3.0,0.0,0.0,0.0,0.03171950074588846,3.0,1.0,34.0,,3.0
req_101,IS_875_Part2_1987,0,synthetic,0.1929947024370138,3.0,1.5602848432090652,8.0,0.4409371785958274,0.1405719844785768,0.1405719844785768,0.1569309525674022,1.0,3.0,0.0,0.0,0.0323234265256919,6.0,1.0,39.0,1.8341559378991628,6.0
req_118,IS_2309_1989,1,synthetic,0.4857048590896247,1.0,6.892216749449388,1.0,0.6273065516778209,0.3812505457323178,0.3812505457323178,0.7554370260813856,2.0,2.0,1.0,0.0,0.0326000749164692,1.0,1.0,37.0,2.9855737328636494,1.0
req_070,IS_3043_2018_H,0,synthetic,0.11905568859882011,3.0,2.4751684371647835,4.0,0.38696105928268554,0.12031631127662679,0.10931165295860934,0.055982806204232696,0.0,0.0,0.0,0.004409070099581012,,,1.0,8.0,2.7352117340299515,
req_573,IS_3034_1993,0,synthetic,0.102788561480721,2.0,0.804293923676455,2.0,0.360893315907849,0.085002484212115,0.085002484212115,0.0,0.0,2.0,0.0,0.0,0.0312139447351618,2.0,1.0,33.0,1.9659462900154536,2.0
req_056,IS_1489_Part1_2015,0,synthetic,0.2119381788099988,5.0,0.4685949391735914,6.0,0.4361684917129838,0.0978712915667554,0.0978712915667554,0.0,0.0,0.0,0.0,0.0,0.0313239339191118,6.0,1.0,11.0,3.446633916101832,6.0
req_222,IS_2309_1989,0,synthetic,0.0667760655773891,2.0,0.6709545524598233,2.0,0.1908854288927333,0.074074074074074,0.074074074074074,0.0,0.0,0.0,0.0,0.0,0.0317460317460317,2.0,1.0,37.0,1.8148148148148149,2.0
req_039,IS_458_2003_H,1,synthetic,0.24156071479974164,1.0,2.712748354345124,2.0,0.517097435229379,0.23679192296434778,0.2511076183905815,0.6558994471472449,2.0,3.0,0.0,0.17792567232694784,0.03258379138135237,4.0,1.0,23.0,3.2668490092210654,4.0
req_456,IS_732_2019_H,0,synthetic,0.11399572910807751,1.0,1.647551608341197,1.0,0.2566126094719315,0.17158467979511113,0.1722835457100969,0.26489787899213485,4.0,1.0,0.0,0.006641909450038845,0.03144877666743293,1.0,1.0,7.0,2.616767754945226,1.0
req_577,IS_1200_Part1_1992_H,0,synthetic,0.17020557663054106,1.0,1.648040230117861,2.0,0.2682791957126304,0.11887573491530638,0.11490117677805435,0.21638456637840456,3.0,2.0,0.0,0.020996198411878615,0.031905333993503704,2.0,1.0,34.0,1.8387064870432905,2.0
req_123,IS_73_2013,1,synthetic,0.5330039418567563,1.0,2.883925086697137,1.0,0.4640176283180212,0.435649141710106,0.435649141710106,0.7960403397718847,2.0,2.0,0.0,0.9530656927241754,0.0315066254806701,5.0,1.0,13.0,2.750522028298756,5.0
req_029,IS_2062_2011,0,synthetic,0.2952410043366321,3.0,0.2958720076897455,8.0,0.0946690332783818,0.1036357827496826,0.1036357827496826,0.1786356955408259,3.0,3.0,0.0,0.0,0.0322253046455235,1.0,1.0,15.0,2.940293808998523,1.0
req_297,IS_13920_2016_H,0,synthetic,0.2399003755663975,2.0,2.0432561925386765,2.0,0.12976693687921528,0.1769805009940961,0.17329214583514574,0.07235426131836585,4.0,0.0,0.0,0.0,0.03260645949058169,2.0,1.0,10.0,2.89349614019422,2.0
req_112,IS_1554_Part1_1988,1,synthetic,0.2734325500425398,1.0,2.6649751048009853,1.0,0.7573457788603056,0.2711570562761141,0.2711570562761141,0.93317994062417,3.0,2.0,0.0,0.0,0.0328945077372453,1.0,0.5,38.0,1.75899453204593,1.0
req_581,IS_458_2003_H,1,synthetic,0.17343371642829875,2.0,1.570462491505905,1.0,0.34384879226118126,0.14455716384410938,0.1233069123626659,0.05098163123601948,0.0,0.0,0.0,0.012838802708581416,0.03219479304667027,2.0,1.0,23.0,2.0568017995968773,2.0
req_063,IS_814_2004,0,synthetic,0.2680969475828929,1.0,1.4185498780354182,6.0,0.0755624856378259,0.1404660536137917,0.1404660536137917,0.0,0.0,0.0,0.0,0.0,0.0310136602410791,8.0,1.0,22.0,2.1513998180886724,8.0
req_318,IS_3043_2018_H,0,synthetic,0.227927766444272,2.0,0.7302332367232367,1.0,0.13087347785868447,0.11860858231443297,0.07344104920278167,0.1177026888291528,3.0,3.0,0.0,0.0,0.031546361217907715,1.0,1.0,8.0,2.2685357238636112,1.0
req_141,IS_1201_1220_1978_H,0,synthetic,0.19473624788395288,5.0,0.5290725291514753,6.0,0.1882228749042666,0.1521666767887891,0.13260301732571358,0.14768459457110075,,2.0,0.0,0.1730448574346526,0.03228124046117891,4.0,1.0,48.0,2.7185838040670265,4.0
req_427,IS_1200_Part1_1992_H,0,synthetic,0.09840530354772042,1.0,0.5273229980240377,1.0,0.3718179690100977,0.11690487319324581,0.1494445284088272,0.012086249003167543,0.0,2.0,1.0,0.004011138803858689,0.03141423661119527,1.0,1.0,34.0,2.1165044639689095,1.0
req_098,IS_2932_1974,0,synthetic,0.3154638573479781,3.0,0.5518921531149622,8.0,0.0489844415469025,0.1108340398253295,0.1108340398253295,0.0,0.0,1.0,0.0,0.0,0.0317503848653516,4.0,1.0,52.0,2.7547545503907243,4.0
req_007,IS_456_2000_H,1,manual,0.2746406786772456,4.0,0.9587535787815938,5.0,0.3759546034090237,0.16862136377605316,0.19342113268833283,0.0,0.0,0.0,0.0,0.017500370145601792,0.03197189310466802,5.0,1.0,26.0,3.229931105118599,5.0
req_531,IS_2062_2011,0,synthetic,0.2429460316589906,1.0,1.038490141619212,2.0,0.3939192985791676,0.1818181818181818,0.1818181818181818,0.0,0.0,0.0,0.0,0.0,0.0325224748810153,1.0,1.0,15.0,2.943661971830986,1.0
req_100,IS_2911_Part1_Sec1_2010_H,0,synthetic,0.1731030421892855,2.0,0.8206739265351908,5.0,0.35215531830388797,0.16164868346323621,0.10107666584978997,0.008797501109220668,0.0,0.0,0.0,0.0,0.03166664453867734,6.0,1.0,16.0,2.278786857771097,6.0
req_195,IS_783_1985,1,synthetic,0.4219541905505469,1.0,4.125074230285337,1.0,0.6497479176411066,0.4172946754131238,0.4172946754131238,0.6010054480411717,4.0,5.0,0.0,0.0,0.0311500823299763,2.0,1.0,41.0,2.748154464025751,2.0
req_386,IS_458_2003,0,synthetic,0.1073777867093082,2.0,0.6097072684846735,2.0,0.3298518902504036,0.1465377604568691,0.1465377604568691,0.2062154760213728,2.0,0.0,0.0,0.0,0.0322501160143284,1.0,1.0,23.0,2.8037801507054145,1.0
req_184,IS_732_2019_H,0,synthetic,0.20309521349734133,1.0,2.2218986237665708,1.0,0.2691851494312092,0.05944442903815534,0.047663726517629616,0.028505612008453696,4.0,3.0,0.0,0.13931617822359188,0.03157635140380618,1.0,1.0,7.0,2.8006722302688227,1.0
req_181,IS_9595_1996,1,synthetic,0.3868219382635167,1.0,3.9410265191439,1.0,0.5583048972517886,0.2260582694594678,0.2260582694594678,0.90563477060271,1.0,2.0,0.0,0.309407299881276,0.0320332201237162,1.0,1.0,30.0,3.129903815227694,1.0
req_549,IS_269_2015,1,synthetic,0.6208346740862335,1.0,4.439846986283698,1.0,0.3594011059706031,0.2183481254587247,0.2183481254587247,0.779419521453126,1.0,0.0,0.0,0.3339007939906713,0.0329706427578876,1.0,1.0,11.0,3.1459207912732525,1.0
req_112,IS_1554_Part1_1988_H,0,synthetic,0.26968526718819036,2.0,2.2465428363034996,2.0,0.5817878807886594,0.2340699227226778,0.23206140256094984,0.7347247945731208,3.0,2.0,0.0,0.0,0.032612768334839094,2.0,0.5,38.0,1.9152144650777152,2.0
req_033,IS_3034_1993,1,synthetic,0.4366302443797624,1.0,4.560794041957993,1.0,0.4840270969878681,0.3559961115840355,0.3559961115840355,0.836570218202173,2.0,2.0,1.0,0.4385527571507061,0.031385168586903,6.0,1.0,33.0,1.530953641949374,6.0
req_472,IS_8112_2013,0,synthetic,0.1001974210029907,2.0,1.0811548041195034,2.0,0.1929511492201097,0.0930849337772994,0.0930849337772994,0.2970699094919182,3.0,0.0,0.0,0.2394145689146349,0.0323074714391183,1.0,1.0,13.0,3.26681502369979,1.0
req_580,IS_783_1985_H,1,synthetic,0.26286168408115573,2.0,1.3865227104931865,1.0,0.3059905987355732,0.08244977728903523,0.07857835658179049,0.1377376345221755,1.0,0.0,0.0,0.0,0.03245106756549678,2.0,1.0,41.0,3.151890108940317,2.0
req_451,IS_2212_1991,0,synthetic,0.1925428067036516,2.0,1.7262458179778006,2.0,0.4201132009415506,0.1305721965527101,0.1305721965527101,0.2187554231998121,2.0,3.0,0.0,0.0,0.0327673273624391,1.0,1.0,35.0,1.7968958527980714,1.0
req_088,IS_875_Part1_1987_H,1,synthetic,0.33515282080631437,2.0,2.6380926235539772,1.0,0.2899336225010287,0.3402015545219039,0.33789375265776517,0.45754795024400674,3.0,3.0,0.0,0.0,0.03258610084469643,5.0,1.0,39.0,2.827616844521446,5.0
req_002,IS_2062_2011_H,0,manual,0.15501312383202157,3.0,1.3217025299381226,4.0,0.3474670017395423,0.1830671406206178,0.1667800236368875,0.7315131878922413,1.0,2.0,0.0,0.03536856732837881,0.03203088944589012,4.0,1.0,15.0,1.671995835784958,4.0
req_087,IS_2911_Part1_Sec2_2010,1,synthetic,0.4647161459827157,1.0,5.787579275941419,1.0,0.7997831607462403,0.4403725488413958,0.4403725488413958,0.0,0.0,0.0,0.0,0.0,0.0326325703232174,3.0,1.0,16.0,3.4055597840405354,3.0
req_029,IS_2062_2011_H,0,synthetic,0.27757556779703013,5.0,0.7556963031942259,7.0,0.16572956240095005,0.11267810164243562,0.12230998997723128,,3.0,3.0,0.0,0.0,0.032099930014715776,2.0,1.0,15.0,2.8783098387433337,2.0
req_136,IS_383_2016,0,synthetic,0.2287488492035514,4.0,1.694353173046008,5.0,0.0848139161188937,0.1513511335572823,0.1513511335572823,0.2961567791275748,4.0,3.0,0.0,0.0,0.0328677833495763,1.0,1.0,10.0,3.567754339508662,1.0
req_120,IS_1786_2008_H,1,synthetic,0.08852003004213269,6.0,0.30629738850569355,7.0,0.3528679583181332,0.12580060971443668,0.13998424557534495,0.024133486176232986,0.0,2.0,0.0,0.0,0.03142863924650043,6.0,1.0,18.0,2.592736814980902,6.0
req_022,IS_814_2004_H,0,synthetic,0.2913171245311709,2.0,2.7048396775973487,3.0,0.32070817843479305,0.14148933761329005,0.14555314157689503,0.06978908832303474,4.0,1.0,0.0,0.0,0.03260559647178397,2.0,1.0,22.0,2.2633496477516606,2.0
req_213,IS_875_Part1_1987,0,synthetic,0.2848108761611583,1.0,0.6279533089555086,2.0,0.2814335541455667,0.1056281581645677,0.1056281581645677,0.0238214752105248,2.0,2.0,0.0,0.0,0.0320946832191662,2.0,1.0,39.0,2.7064501913435253,2.0
req_261,IS_1346_1991,0,synthetic,0.1128983984341989,2.0,0.9394296554677728,2.0,0.2612639300757844,0.1648473979243615,0.1648473979243615,0.1097349965845133,2.0,1.0,1.0,0.1062505204505811,0.0326307595783217,1.0,1.0,35.0,3.2426742476992763,1.0
req_540,IS_456_2000_H,0,synthetic,0.3778753938314759,2.0,2.496640445958478,2.0,0.4056408213609275,0.273005523787661,0.34895561146643594,0.4156322355566833,1.0,1.0,1.0,0.0,0.03163013871464714,1.0,1.0,26.0,2.267903672458579,1.0
req_075,IS_1200_Part1_1992_H,0,synthetic,0.2450827793423686,2.0,4.04280864696355,2.0,0.5558916563903593,0.3252322965249697,0.3294157145459675,0.5970110664179387,4.0,3.0,1.0,0.27238867193220684,0.03184007509021652,2.0,1.0,34.0,1.9578291569136985,2.0
req_023,IS_1489_Part1_2015,0,synthetic,0.1470735869059762,7.0,1.2810203039045234,2.0,0.3389210982785387,0.1412056185127942,0.1412056185127942,0.018183802223104,4.0,0.0,0.0,0.0,0.0312185380644896,6.0,1.0,11.0,1.700236669532887,6.0
req_554,IS_3067_1988_H,1,synthetic,0.5158747957238727,2.0,1.8243795776475271,2.0,0.6270324802862715,0.23643924633968474,0.2690093758871201,0.5085282862106324,3.0,2.0,1.0,0.545995868206388,0.031684784407894066,1.0,1.0,38.0,2.1921901890492954,1.0
req_009,IS_1642_1989,1,manual,0.6150116840065368,1.0,6.450596501250117,1.0,0.7559289460184544,0.5,0.5,0.0,0.0,0.0,0.0,0.0,0.0327868852459016,1.0,1.0,37.0,1.5112781954887218,1.0
req_180,IS_2911_Part1_Sec2_2010_H,0,synthetic,0.3199154503405254,2.0,3.1595836987859505,2.0,0.5773967076118812,0.34835891047885453,0.35609104348123527,0.4732631848873988,3.0,2.0,0.0,0.005720445371363389,0.03131832769796803,1.0,1.0,16.0,2.871400125120131,1.0
req_009,IS_3034_1993_H,0,manual,0.16147298432678842,5.0,1.1301926792859625,3.0,,0.15540428970027198,0.15030586974203997,0.032974439057331856,0.0,0.0,0.0,0.0,0.032023709556573646,4.0,1.0,33.0,2.042835743629087,4.0
req_205,IS_1554_Part1_1988_H,1,synthetic,0.2779179571533323,2.0,4.957460222354585,2.0,0.6460214515545837,0.35908106809568685,0.3444295444891008,0.5940714839552141,4.0,3.0,1.0,,0.03134377066834617,1.0,0.5,38.0,1.7333637266514055,1.0
req_100,IS_2074_1992,1,synthetic,0.5109035166662536,1.0,6.368072794466863,1.0,0.3011232234905823,0.3815367871285036,0.3815367871285036,0.6704276328544141,1.0,0.0,0.0,0.0,0.0317714309795186,3.0,1.0,34.0,3.2490782083859724,3.0
req_047,IS_2911_Part1_Sec2_2010,1,synthetic,0.4022114422526172,1.0,5.12873667904741,1.0,0.409233363072167,0.2298619536140331,0.2298619536140331,0.8907271848707488,2.0,2.0,0.0,0.0,0.0328395395034827,1.0,1.0,16.0,1.457105221050029,1.0
req_058,IS_1200_Part1_1992,1,synthetic,0.2115881491081755,3.0,6.715210581160034,1.0,0.5279944546630744,0.4376740533044159,0.4376740533044159,0.4767619731113108,1.0,1.0,0.0,0.6981390782576397,0.0323450412075309,1.0,1.0,34.0,1.921508696386392,1.0
req_015,IS_456_2000_H,0,manual,0.2494061239346347,2.0,2.1452388645710387,2.0,0.3255956634433795,0.1361608742143892,0.1264645550998242,0.023368725959730073,0.0,0.0,0.0,0.003077894714655531,0.032638850498810726,2.0,1.0,26.0,2.7807648333201405,2.0
req_104,IS_2212_1991_H,0,synthetic,0.17548601874830963,6.0,0.8761213857788471,7.0,0.33058886509928087,0.11274187355665576,0.12860956877983729,0.03116586311671592,0.0,0.0,0.0,0.2369225293652034,0.032719825432323095,2.0,1.0,35.0,1.7609415762722966,2.0
req_609,IS_1489_Part1_2015_H,1,synthetic,0.25429228961959743,1.0,3.7664609335271755,2.0,0.31289000771580494,0.2992239389504236,0.2936742887014313,0.6009226047136044,1.0,1.0,1.0,0.0,0.03202364521788499,2.0,1.0,11.0,2.6243803382267363,2.0
req_141,IS_1642_1989,0,synthetic,0.1662520197710338,7.0,0.1362908166252294,8.0,0.0862836934930885,0.1061573754476271,0.1061573754476271,0.0,0.0,1.0,0.0,0.0,0.0312547880039803,8.0,1.0,37.0,1.4918906942260417,8.0
req_267,IS_3034_1993_H,0,synthetic,0.19579228894014222,2.0,2.348601616507146,1.0,0.2400067064737984,0.07173381171687102,0.05801361162828417,0.07766187468392426,0.0,0.0,0.0,0.028444837351000878,0.03235879328025713,2.0,1.0,33.0,2.7350038071987655,2.0
req_608,IS_1200_Part1_1992_H,0,synthetic,,,2.516907695890713,1.0,0.2594992676270023,0.10839010458249992,0.0722714986508294,,3.0,0.0,0.0,0.013616174599549448,0.031666212003174134,1.0,1.0,34.0,,1.0
req_605,IS_456_2000_H,0,synthetic,0.3987835069695527,2.0,3.338674448086972,2.0,0.5177400315215211,0.1420691432751432,0.13324610601020823,0.6361737832885137,3.0,3.0,0.0,0.6942053014706434,0.031291280102074805,1.0,1.0,26.0,1.9735156948414676,1.0
req_253,IS_456_2000,0,synthetic,0.1552972414847029,2.0,0.4195258001184176,2.0,0.2420910130675209,0.1071428571428571,0.1071428571428571,0.0,1.0,0.0,0.0,0.0,0.0314980158730158,2.0,1.0,26.0,1.537190082644628,2.0
req_122,IS_458_2003,0,synthetic,0.041415408424717,8.0,1.289918313306351,4.0,0.1187988400998456,0.1714770718292467,0.1714770718292467,0.0365884668557312,2.0,0.0,0.0,0.0,0.0325424506660546,1.0,1.0,23.0,2.290958214035862,1.0
req_140,IS_1346_1991_H,1,synthetic,0.34364691931836305,2.0,2.009848843083552,2.0,0.5338716212431913,0.16450231213637756,0.16571798622129452,0.31770789099177643,1.0,1.0,0.0,0.0,0.031861583904121075,6.0,1.0,35.0,1.787275802834815,6.0
req_063,IS_456_2000,1,synthetic,0.253650345386769,3.0,6.911568219529234,1.0,0.4065089087925254,0.4459668039328276,0.4459668039328276,0.939092980073454,4.0,5.0,0.0,0.628159505136427,0.032617627756486,2.0,1.0,26.0,2.027107627554696,2.0
req_573,IS_3034_1993_H,0,synthetic,0.14282680004531179,1.0,1.1308398909208017,1.0,0.3761435162811494,0.11289979916511478,0.06579232574466616,0.0,0.0,2.0,0.0,,0.03152656411526493,1.0,1.0,33.0,2.0945864977769233,1.0
req_133,IS_1642_1989_H,0,synthetic,0.09566067492855941,6.0,0.7174675885823437,5.0,0.15144151869993194,0.06345440688191747,0.060371830580070916,0.042215841650443786,3.0,3.0,0.0,0.03631200836996919,0.03158890575181374,5.0,1.0,37.0,2.69976040523609,5.0
req_273,IS_1200_Part1_1992,0,synthetic,0.0206590843380029,2.0,0.9621460889664964,2.0,0.2998010839925543,0.1639842888158339,0.1639842888158339,0.1121671081381202,3.0,3.0,0.0,0.3139069915373204,0.0326436773198374,1.0,1.0,34.0,2.9949005923842185,1.0
req_109,IS_2062_2011_H,0,synthetic,0.24941867127137132,5.0,2.5823401666396832,2.0,0.22799312043972472,0.11093405043237312,0.1119023309121602,0.07534989601598217,4.0,3.0,0.0,0.16435029614790253,0.031416319531026304,6.0,1.0,15.0,2.6816852976198,6.0
req_086,IS_800_2007_H,0,synthetic,0.3692293224455592,2.0,1.9626975431884122,4.0,0.609637165499338,0.3232319160194458,0.37862041144149416,0.28072990400912295,2.0,1.0,0.0,0.4004343692691691,0.03243450655366009,2.0,1.0,19.0,2.171678533392238,2.0
req_017,IS_3495_Part1_1992,0,manual,0.1493260521675552,4.0,0.3999419425789364,6.0,0.2080125735844609,0.0869565217391304,0.0869565217391304,0.0,0.0,0.0,0.0,0.0,0.0320020481310803,5.5,1.0,34.0,2.3421052631578947,5.5
req_085,IS_1642_1989,0,synthetic,0.2757446556983446,3.0,0.2076995309382959,6.0,0.371114730919022,0.0747586969193041,0.0747586969193041,0.012098942432599,4.0,3.0,0.0,0.0,0.0311824258075827,6.0,1.0,37.0,1.8333141552339487,6.0
req_353,IS_269_2015_H,1,synthetic,0.5040441359191717,2.0,3.750329962063265,2.0,0.3541579409229495,0.20169102700341002,0.1975415479491166,0.5599250370416313,1.0,0.0,0.0,0.2181893464560199,0.032664479967622256,2.0,1.0,11.0,2.9708717067229586,2.0
req_021,IS_269_2015,1,synthetic,0.6208346740862335,1.0,4.439846986283698,1.0,0.3594011059706031,0.2183481254587247,0.2183481254587247,0.779419521453126,1.0,0.0,0.0,0.3339007939906713,0.0329706427578876,1.0,1.0,11.0,3.1459207912732525,1.0
req_047,IS_458_2003,0,synthetic,0.1700787039668639,3.0,2.325059476896653,4.0,0.3705420764923732,0.0329735893865884,0.0329735893865884,0.1308658786536936,4.0,0.0,0.0,0.0,0.0316261212613546,8.0,1.0,23.0,2.258818072806964,8.0
req_078,IS_1200_Part1_1992_H,0,synthetic,0.14622022625437817,7.0,1.8752290494277732,4.0,0.30398556572068264,0.15695731641040234,0.14530785353397818,0.06854660178674336,2.0,2.0,0.0,0.11452152962185648,0.03227039371144253,3.0,1.0,34.0,2.390423995920434,3.0
req_236,IS_694_2010_H,0,synthetic,0.1816340926847297,1.0,0.9306172618584547,1.0,0.23987381898244797,0.06601544810248992,0.051254569783556025,,0.0,0.0,1.0,0.01121574724057851,0.03203614365598482,1.0,1.0,16.0,2.426777587955778,1.0
req_123,IS_73_2013_H,1,synthetic,0.45564187266091993,2.0,2.4955598950234035,2.0,0.42362990339686457,0.34534956370171105,0.342720229142627,0.615900040155724,2.0,2.0,0.0,0.6717162670383331,0.03163110070371393,3.0,1.0,13.0,2.5910634716145142,3.0
req_255,IS_269_2015_H,0,synthetic,0.16995257879349984,1.0,2.188396606044463,1.0,0.12485796935525298,0.15958516494248465,0.16223313879179002,0.040890911588046495,0.0,3.0,0.0,0.0,0.03231192462947456,1.0,1.0,11.0,3.1321365682423576,1.0
req_234,IS_1786_2008,0,synthetic,0.0628136411188901,2.0,1.6105414922408126,2.0,0.3546709461850859,0.1321781130040941,0.1321781130040941,0.0503165104780796,3.0,1.0,0.0,0.0,0.0321930667249947,1.0,1.0,18.0,1.411780808046925,1.0
req_090,IS_875_Part3_2015,0,synthetic,0.2879678517939227,2.0,1.9578382427866048,4.0,0.2168425669998029,0.1376543315477631,0.1376543315477631,0.0471311331992352,3.0,2.0,0.0,0.071942666851278,0.0323943934076147,1.0,1.0,11.0,2.946789545752837,1.0
req_013,IS_73_2013,1,manual,0.1641579541431517,4.0,1.2696998132230484,4.0,0.2842676218074806,0.0952380952380952,0.0952380952380952,0.0,1.0,2.0,0.0,0.0,0.032258064516129,3.0,1.0,13.0,1.3627450980392155,3.0
req_362,IS_269_2015_H,0,synthetic,0.1015996515369351,1.0,0.5905036142513035,1.0,0.3494014415282242,0.13853201002313167,0.16661735001865338,0.050758907974745644,0.0,2.0,0.0,0.00605724912094018,0.032474182689911056,2.0,1.0,11.0,2.013150810726061,2.0
req_474,IS_9595_1996_H,1,synthetic,0.10946976762298231,1.0,0.8374197344453874,1.0,0.28688876719937945,0.12041562820650585,0.11714260914801865,0.0,0.0,0.0,0.0,0.035801679384293725,0.03185144263203583,1.0,1.0,30.0,2.113823148330836,1.0
req_121,IS_2911_Part1_Sec2_2010,0,synthetic,0.1231654751749982,6.0,1.2872141724454744,6.0,0.043410015344513,0.1859759112339295,0.1859759112339295,0.0027397798728999,2.0,1.0,0.0,0.0,0.0314624307870383,8.0,1.0,16.0,1.2669622647635537,8.0
req_224,IS_2932_1974,0,synthetic,0.1319391544700972,2.0,2.655975545061961,1.0,0.2669449169833544,0.1199125542152471,0.1199125542152471,0.0,0.0,0.0,0.0,0.2088292106086655,0.0328939587784577,1.0,1.0,52.0,1.9660242080213448,1.0
req_022,IS_875_Part5_1987,0,synthetic,0.0943716840998023,6.0,0.132473804530083,6.0,0.0486240466028941,0.1197058740364063,0.1197058740364063,0.002157251695528,3.0,0.0,0.0,0.0,0.0311348006562206,5.0,1.0,39.0,1.3238204514245926,5.0
req_559,IS_458_2003_H,1,synthetic,0.1768142691835316,1.0,0.7401171849352657,1.0,0.38309736622545304,0.1381022512936719,0.14028175196220483,0.014913709497616301,0.0,0.0,0.0,0.03774804201509646,0.03209365160514539,1.0,1.0,23.0,2.470625460743191,1.0
req_118,IS_1536_2001_H,1,synthetic,0.14061259416098001,5.0,1.2860268901730103,7.0,0.12791879169130635,0.1429331033476833,0.13316139503915805,0.02061499812561105,2.0,3.0,0.0,0.0,0.031560037502403944,7.0,0.5,25.0,2.0638337077404145,7.0
req_423,IS_694_2010,0,synthetic,0.0622271045017648,2.0,2.704525596968843,1.0,0.3926576447285169,0.1503590081735932,0.1503590081735932,0.1097325148216699,2.0,3.0,1.0,0.0,0.0320731446165381,2.0,1.0,16.0,2.3187471651746057,2.0
req_562,IS_1554_Part1_1988_H,0,synthetic,0.1594804157741696,2.0,1.9555466022559986,1.0,0.13272820269555424,0.06391232295047333,0.06532953837670194,0.06005351889105832,2.0,2.0,0.0,0.0,0.03246506443322965,2.0,0.5,38.0,2.7091272841297958,2.0
req_050,IS_2062_2011_H,1,synthetic,0.5640228047322643,2.0,3.0416270026759347,2.0,0.5583491525211632,,0.1447920055715095,0.4210669520389005,1.0,1.0,1.0,0.0,0.032414790284067026,4.0,1.0,15.0,3.0039668006020785,4.0
req_091,IS_2932_1974_H,0,synthetic,0.1952418147383543,5.0,0.8220128336414431,7.0,0.2517871717752879,0.07105084568754001,0.06874919514971418,0.1023158062439199,2.0,1.0,0.0,0.09789664947328737,0.03241858657716894,4.0,1.0,52.0,2.5214432085535368,4.0
req_580,IS_783_1985,0,synthetic,0.2704732744736364,1.0,1.2903744832071835,2.0,0.3470999470439688,0.0293754094837859,0.0293754094837859,0.1950432279749624,1.0,0.0,0.0,0.0,0.032508466408119,1.0,1.0,41.0,3.481587571882574,1.0
req_008,IS_1904_1986,0,manual,0.1000779612040133,8.0,1.014701278929672,7.0,0.2075143391598224,0.1111111111111111,0.1111111111111111,0.0,0.0,0.0,0.0,0.0,0.0314980158730158,7.5,1.0,40.0,2.106382978723404,7.5
req_027,IS_2911_Part1_Sec2_2010_H,0,synthetic,0.2626787154443176,6.0,2.1275304998572375,4.0,0.1716533451726781,0.1636408838426754,0.15849547722255714,0.08332724458482069,2.0,1.0,0.0,0.03711740671781887,0.03142243552942666,3.0,1.0,16.0,1.9060108169560872,3.0
req_258,IS_269_2015_H,1,synthetic,0.5070129682296216,2.0,3.6470029085916904,2.0,0.3447102550376168,0.1952059011309823,0.208704964044181,0.576681838391181,1.0,0.0,0.0,0.25028573614075833,,,1.0,11.0,2.9725177387318724,
req_066,IS_269_2015_H,1,synthetic,0.09057216759351881,5.0,0.8639348326087283,5.0,0.34782098669735767,0.15415607000102852,0.13008496802679714,0.06686923945878616,0.0,2.0,0.0,0.0,0.032557339140830026,2.0,1.0,11.0,1.9009462054235375,2.0
req_617,IS_456_2000,0,synthetic,0.2576291260888997,1.0,2.269280704723416,2.0,0.3651483716701106,0.1333333333333333,0.1333333333333333,0.0,0.0,0.0,0.0,0.0,0.0327868852459016,1.0,1.0,26.0,2.9038461538461537,1.0
req_025,IS_2911_Part1_Sec1_2010_H,1,synthetic,0.13736789887933565,5.0,0.9375095060708001,6.0,0.31894364175454426,0.06302962321672018,0.0848479368981969,0.15742306329904668,2.0,3.0,0.0,0.05127716701549386,0.03165164592108222,6.0,1.0,16.0,2.011101356885387,6.0
req_157,IS_9595_1996,0,synthetic,0.3080326332302897,1.0,0.2328156881081464,2.0,0.3527222127854305,0.1325927054731885,0.1325927054731885,0.0471171280142631,1.0,0.0,1.0,0.0262727041154087,0.0319010074092354,2.0,1.0,30.0,2.645456308530973,2.0
req_193,IS_1554_Part1_1988_H,1,synthetic,0.3038130554978865,2.0,5.568837455006552,2.0,0.44075315815871396,0.19991146053070946,0.2739805208927148,0.0,0.0,0.0,0.0,0.24705305099549998,0.03200807487253897,1.0,0.5,38.0,2.1619783992370825,1.0
req_210,IS_2062_2011_H,1,synthetic,0.31951926685261856,2.0,1.4656750221357324,1.0,0.17074690976433726,0.12266284527243163,0.1263021435390521,0.09873734852500857,1.0,1.0,0.0,0.010458856358123105,0.03175960220839808,1.0,1.0,15.0,1.8950023072388544,1.0
req_453,IS_1893_Part1_2016_H,1,synthetic,0.22229375676608712,1.0,1.7800562706429994,2.0,0.29566735311657605,0.1454771004547095,0.16020521913883348,0.1651151078387697,1.0,0.0,0.0,0.0,0.03255891679414187,2.0,1.0,10.0,2.176421855833451,2.0
req_216,IS_2911_Part1_Sec2_2010_H,1,synthetic,0.448003097623708,2.0,4.351753385338348,2.0,0.6140176103031155,0.24571072471822772,0.16420166603385172,0.4662315418956429,3.0,2.0,0.0,0.2314539568033976,0.03163160548532341,1.0,1.0,16.0,2.7801174517989904,1.0
req_012,IS_1200_Part1_1992,0,manual,0.083721944488795,6.0,0.7039627204980752,5.0,0.0674199862463242,0.037037037037037,0.037037037037037,0.0,0.0,0.0,0.0,0.0,0.0317460317460317,5.0,1.0,34.0,1.88,5.0
req_329,IS_732_2019_H,0,synthetic,0.0948914487502913,1.0,1.24311893400541,1.0,0.26271688570093177,,0.18105514352435575,0.19759581882941568,4.0,1.0,0.0,0.0,0.03138270597707455,1.0,1.0,7.0,2.6711174894845775,1.0
req_049,IS_875_Part3_2015,1,synthetic,0.5075041942077867,1.0,4.436752650136567,1.0,0.5044914124099997,0.2850970573951724,0.2850970573951724,0.0,0.0,1.0,0.0,0.0,0.0313764789301384,7.0,1.0,11.0,2.671763710064651,7.0
req_086,IS_12269_2013,0,synthetic,0.1085315488999149,6.0,1.1241777879440702,8.0,0.265782352733632,0.0309762324079117,0.0309762324079117,0.0411708051396194,1.0,2.0,0.0,0.3096283806787377,0.0322615087776495,3.0,1.0,13.0,3.1350949945121496,3.0
req_633,IS_8112_2013,1,synthetic,0.6920140659238694,1.0,6.935141982704096,1.0,0.5471185012747333,0.3754501147163207,0.3754501147163207,0.0,0.0,0.0,0.0,0.5186817094123997,0.0321777058441008,2.0,1.0,13.0,1.2870855462512265,2.0
req_198,IS_3067_1988,0,synthetic,0.0951815926945997,2.0,1.7599127104550756,1.0,0.2658449803480873,0.0425306531228424,0.0425306531228424,0.1600434089305141,1.0,3.0,0.0,0.0,0.0328832139757371,1.0,1.0,38.0,1.6123565271669735,1.0
req_567,IS_875_Part5_1987_H,0,synthetic,0.3241344411317778,2.0,4.6980264019963105,2.0,0.3553744712683074,0.14607456497438323,0.10150407843566955,0.010940426772748727,0.0,0.0,0.0,0.4325830078401342,0.03156006834377432,1.0,1.0,39.0,,1.0
req_250,IS_3034_1993,0,synthetic,0.102788561480721,2.0,0.804293923676455,2.0,0.360893315907849,0.085002484212115,0.085002484212115,0.0,0.0,2.0,0.0,0.0,0.0312139447351618,2.0,1.0,33.0,1.9659462900154536,2.0
req_261,IS_1346_1991_H,1,synthetic,0.1167431869928278,1.0,1.3842946599275199,1.0,0.3106874571990951,0.16093605714194326,0.15784720684470513,0.09210475187996779,2.0,1.0,1.0,0.06301086524464314,0.03251428961721554,2.0,1.0,35.0,2.99762613958316,2.0
req_400,IS_694_2010,1,synthetic,0.2421556333259965,2.0,6.644265817138932,1.0,0.4644154144089957,0.1648617035265021,0.1648617035265021,0.7945643765444044,2.0,3.0,1.0,0.878888334169656,0.0323270982706076,1.0,1.0,16.0,3.2718667209214725,1.0
req_124,IS_2074_1992,0,synthetic,0.2943422005934138,3.0,1.530382883973261,5.0,0.0682393991780753,0.0479045860535588,0.0479045860535588,0.1624817856411174,1.0,1.0,0.0,0.0,0.0320119154658771,4.0,1.0,34.0,2.9740956923813044,4.0
req_225,IS_269_2015,1,synthetic,0.6208346740862335,1.0,4.439846986283698,1.0,0.3594011059706031,0.2183481254587247,0.2183481254587247,0.779419521453126,1.0,0.0,0.0,0.3339007939906713,0.0329706427578876,1.0,1.0,11.0,3.1459207912732525,1.0
req_161,IS_2911_Part1_Sec2_2010_H,1,synthetic,0.1773083807510637,2.0,0.7790269546461247,1.0,0.19158821643150997,0.10677621988210195,0.12110814461292203,0.009467767085202076,0.0,2.0,0.0,0.00839546518558469,0.03151259313166431,1.0,1.0,16.0,2.703582559203945,1.0
req_170,IS_2212_1991,0,synthetic,0.154020656541936,2.0,0.7109338318481984,1.0,0.1751463743582203,0.1248429352798972,0.1248429352798972,0.0784659452446178,3.0,0.0,0.0,0.0,0.0323355722295973,1.0,1.0,35.0,2.343678228713534,1.0
req_098,IS_800_2007,0,synthetic,0.087879713386725,8.0,2.4494076354905725,3.0,0.1679578267996134,0.0384874802011183,0.0384874802011183,0.0918345276274238,3.0,3.0,0.0,0.01600142310836,0.031911852623937,2.0,1.0,19.0,2.472677768777827,2.0
req_379,IS_8329_2000_H,1,synthetic,0.12692038699192779,2.0,1.4253911817241884,1.0,0.3009156269127967,0.13385802481158943,0.13138389444571807,0.2110567279689417,3.0,3.0,0.0,0.0,0.03176974801597763,1.0,1.0,26.0,2.128775714066263,1.0
req_105,IS_2911_Part1_Sec1_2010,0,synthetic,0.2271784551092029,4.0,0.7911506129905769,5.0,0.3489735186985176,0.0258151489836188,0.0258151489836188,0.1848326501280859,2.0,0.0,0.0,0.0,0.0314486147722961,6.0,1.0,16.0,2.7707306941523093,6.0
req_053,IS_875_Part3_2015,0,synthetic,0.2573327639687132,5.0,2.474502599011599,5.0,0.1693942862203873,0.0758136589286405,0.0758136589286405,0.142019930303053,2.0,3.0,0.0,0.2264151745802625,0.0327242770609385,1.0,1.0,11.0,1.3623394804792548,1.0
req_034,IS_8112_2013_H,1,synthetic,0.4582261485178513,2.0,5.396532545339181,2.0,0.45945190729188506,0.16647882173525602,0.1679729119617402,0.0,0.0,,0.0,0.38619728338513476,0.032227202101060795,4.0,1.0,13.0,1.9269670501103497,4.0
req_397,IS_2212_1991_H,0,synthetic,0.12426360926409366,1.0,0.9979190388987917,1.0,0.3338081477531951,0.1651730167340005,0.18216666438235748,0.0794396185305219,4.0,3.0,0.0,0.004234795260845957,0.031458158494589786,1.0,1.0,35.0,2.050445150686473,1.0
req_121,IS_73_2013_H,0,synthetic,0.16237377893433264,3.0,2.1654779981576273,4.0,0.3058351557915571,0.06645883362152306,0.03519381205656459,0.1922618138241214,3.0,2.0,0.0,0.0,0.03202356013165361,5.0,1.0,13.0,2.547459831319653,5.0
req_085,IS_2911_Part1_Sec1_2010,0,synthetic,0.0505722045985536,6.0,2.2123577669144434,3.0,0.0897958347566599,0.0311004532088862,0.0311004532088862,0.0,0.0,0.0,0.0,0.1402036333850317,0.0328751497960788,1.0,1.0,16.0,1.447492646936036,1.0
req_546,IS_3067_1988_H,0,synthetic,0.14420004353082555,1.0,1.466319136086225,2.0,0.2781400150148533,0.05880548917281546,0.07241795716724207,0.13514242586718175,1.0,3.0,0.0,0.026373489517836846,0.03270330949713039,2.0,1.0,38.0,1.7982373011853845,2.0
req_475,IS_8329_2000,1,synthetic,0.2140603926012885,1.0,0.5023301888537608,2.0,0.4642070825485275,0.1818181818181818,0.1818181818181818,0.0,0.0,0.0,0.0,0.0,0.0327868852459016,1.0,1.0,26.0,1.75,1.0
req_186,IS_1489_Part1_2015,0,synthetic,0.1769797644399593,2.0,0.6871753097629557,2.0,0.2380407954413236,0.1513862450317619,0.1513862450317619,0.0,0.0,0.0,0.0,0.0,0.0320535981810611,1.0,1.0,11.0,1.8503224097211,1.0
req_243,IS_458_2003_H,0,synthetic,0.26455065880451156,2.0,1.6556449439282035,1.0,0.31454772685448146,0.06840500860392161,0.058717242733076803,0.20192707149171196,4.0,,1.0,0.00820710493717253,0.032618053520026814,2.0,1.0,23.0,2.6331336334869784,2.0
req_100,IS_2911_Part1_Sec1_2010,0,synthetic,0.1477985619124923,3.0,0.2803180029298783,6.0,0.3890108192776415,0.1802525620777907,0.1802525620777907,0.0,0.0,0.0,0.0,0.0,0.0317150548084754,5.0,1.0,16.0,2.2786291144375466,5.0
req_575,IS_2074_1992_H,0,synthetic,0.25855881058986574,2.0,1.3329019105245115,1.0,0.3445190308197892,0.11199968181174531,0.12097864418647129,0.07931086369201476,4.0,2.0,0.0,0.050599642300219176,0.03145071915283381,1.0,1.0,34.0,2.459266293583598,1.0
req_153,IS_875_Part5_1987_H,0,synthetic,0.38818994966210874,2.0,1.939036292669359,1.0,0.3801384284340578,0.34752764216872245,0.35901835444494246,0.5181456282687112,4.0,5.0,1.0,0.6647007224697319,0.03237828407158326,1.0,1.0,39.0,1.8273237981698338,1.0
req_621,IS_9595_1996,0,synthetic,0.3080326332302897,1.0,0.2328156881081464,2.0,0.3527222127854305,0.1325927054731885,0.1325927054731885,0.0471171280142631,1.0,0.0,1.0,0.0262727041154087,0.0319010074092354,2.0,1.0,30.0,2.645456308530973,2.0
req_051,IS_1200_Part1_1992,0,synthetic,0.1292898242392307,5.0,2.000819170303352,4.0,0.4375313273975362,0.1299071759826468,0.1299071759826468,0.0702008833006273,4.0,2.0,0.0,0.3379588230179127,0.0328079486762749,2.0,1.0,34.0,1.7059380141230391,2.0
req_137,IS_2911_Part1_Sec1_2010,0,synthetic,0.1881246514753479,5.0,1.766885099225961,4.0,0.0446318798709922,0.0562136850074162,0.0562136850074162,0.2370586508538635,1.0,1.0,0.0,0.1773413694836032,0.0310122625248705,8.0,1.0,16.0,2.8617141033203515,8.0
req_117,IS_1893_Part1_2016_H,0,synthetic,0.44370217214435237,2.0,2.3669781720749374,4.0,0.3028776671084225,0.32199772090870854,0.2972313784293144,0.4178133488563333,3.0,2.0,0.0,0.1330017793583167,0.03228090938331272,1.0,1.0,10.0,2.4224611020743536,1.0
req_253,IS_456_2000_H,0,synthetic,0.1887888471554037,1.0,0.6806696778228042,1.0,0.26450268288176637,0.09155809233300173,0.11114604739790698,0.0,1.0,0.0,0.0,0.0,0.03165385404602598,1.0,1.0,26.0,1.8980033271139907,1.0
req_036,IS_1346_1991,1,synthetic,0.4343489851380809,1.0,3.3812741908327872,1.0,0.4713796855395431,0.1807310914633773,0.1807310914633773,0.6907673749643789,4.0,5.0,0.0,0.0,0.0324690678465712,3.0,1.0,35.0,2.66872705622289,3.0
req_242,IS_2932_1974,0,synthetic,0.3154638573479781,1.0,0.5518921531149622,2.0,0.0489844415469025,0.1108340398253295,0.1108340398253295,0.0,0.0,1.0,0.0,0.0,0.0317503848653516,1.0,1.0,52.0,2.7547545503907243,1.0
req_437,IS_1893_Part1_2016_H,1,synthetic,0.1336965241078822,1.0,1.6296191260574306,2.0,0.29232957848356206,0.1075518497173731,0.08470012801039001,0.15686697210499595,4.0,2.0,0.0,0.0,0.0317273530274201,1.0,1.0,10.0,2.295787377986049,1.0
req_388,IS_814_2004_H,1,synthetic,0.2954282785923444,2.0,4.753535123247174,2.0,0.29951086232719515,0.21149221233333446,0.20424511389091607,0.6253300024861799,,0.0,1.0,0.036682776765016384,0.032525877249206116,2.0,1.0,22.0,2.6497011611455665,2.0
req_108,IS_800_2007_H,0,synthetic,0.1994980312760778,5.0,0.9821828456109554,3.0,0.22740082353465038,0.07336065934493366,0.050845991793905435,0.053549146466180676,0.0,3.0,0.0,0.09979318706615609,0.03254432974960832,2.0,1.0,19.0,2.174431317991232,2.0
req_053,IS_875_Part3_2015_H,0,synthetic,0.24812371558748494,6.0,2.1394557907581833,6.0,0.21773991118532304,0.097699341929852,0.09441338710102808,0.09033565761650417,2.0,3.0,0.0,0.1885017346064175,0.03246893364907664,2.0,1.0,11.0,1.6039327336016402,2.0
req_138,IS_73_2013,1,synthetic,0.3658596463484143,1.0,6.56416954560394,1.0,0.687680539820176,0.1044988252874979,0.1044988252874979,0.9124065344567988,1.0,1.0,0.0,0.5314305832228298,0.031331938975617,6.0,1.0,13.0,2.673369358967846,6.0
req_094,IS_1489_Part1_2015,0,synthetic,0.1359697012222954,6.0,0.4142861059560683,6.0,0.2746258050183233,0.1936851696564059,0.1936851696564059,0.0,0.0,0.0,0.0,0.0,0.031819014392991,4.0,1.0,11.0,1.2971230401238822,4.0
req_431,IS_2062_2011,1,synthetic,0.3944433310538361,1.0,4.456795979130248,1.0,0.6882585062783357,0.3375675439568333,0.3375675439568333,0.0,0.0,1.0,0.0,0.96752647750887,0.0316253079617892,2.0,1.0,15.0,2.547492804202699,2.0
req_056,IS_12269_2013,1,synthetic,0.5951865304038746,1.0,1.9366769394029817,3.0,0.5547117904927773,0.2164971312354516,0.2164971312354516,0.7865715994412865,4.0,4.0,0.0,0.4819680381463466,0.0324377393197814,3.0,1.0,13.0,2.485384788851205,3.0
req_280,IS_458_2003,0,synthetic,0.041415408424717,2.0,1.289918313306351,1.0,0.1187988400998456,0.1714770718292467,0.1714770718292467,0.0365884668557312,2.0,0.0,0.0,0.0,0.0325424506660546,1.0,1.0,23.0,2.290958214035862,1.0
req_134,IS_1200_Part1_1992,0,synthetic,0.1701973370757063,5.0,0.4623484668834786,7.0,0.2800335654952779,0.1809790432848076,0.1809790432848076,0.1179200144415184,3.0,0.0,0.0,0.0087192394778691,0.0327932350145672,1.0,1.0,34.0,3.355118031982632,1.0
req_356,IS_383_2016_H,0,synthetic,0.2521275575072233,2.0,2.356135014678749,1.0,0.2663774670094877,0.12828644803947678,0.10688592021299807,0.1114812156190232,1.0,1.0,0.0,0.0,0.03203251299364068,1.0,1.0,10.0,3.2106285520096467,1.0
req_092,IS_1200_Part1_1992,1,synthetic,0.6860824391688785,1.0,6.003995750860688,1.0,0.3194022992511969,0.2366487127467718,0.2366487127467718,0.9984980747283267,3.0,3.0,0.0,0.0,0.0315157727199755,6.0,1.0,34.0,3.3903905414692463,6.0
req_056,IS_1489_Part1_2015_H,0,synthetic,0.18788721139453243,6.0,0.992097026715854,5.0,0.40906231264001325,0.09596855292815704,0.11115199038347084,0.011948337777466967,0.0,0.0,0.0,0.008380692988719567,0.03157006399923507,5.0,1.0,11.0,3.11459722827342,5.0
req_076,IS_2212_1991,0,synthetic,0.1469116346219637,8.0,1.3370101147232922,6.0,0.2603255006991885,0.1854489794086427,0.1854489794086427,0.0,0.0,3.0,0.0,0.1010921709172709,0.0326839704282731,1.0,1.0,35.0,2.705613450154561,1.0
req_186,IS_1489_Part1_2015_H,0,synthetic,0.18860311539192812,1.0,0.930878011625078,1.0,0.26742878502081685,0.1442320947197266,0.150862433441076,0.006726032264339373,,0.0,0.0,0.024075559707276633,0.031974794382905194,2.0,1.0,11.0,2.0367391608360825,2.0
req_446,IS_814_2004_H,0,synthetic,0.23189448159814752,2.0,1.9989903085502096,1.0,0.21382623619809704,0.1383956467182672,0.1484075997357373,0.04174564286686283,0.0,3.0,0.0,,0.03183794471412519,1.0,1.0,22.0,2.908248836930492,1.0
req_020,IS_12269_2013,0,synthetic,0.100093346614734,8.0,2.6194655749806075,3.0,0.3056945079511033,0.1296435810200578,0.1296435810200578,0.0,0.0,3.0,0.0,0.0,0.0317589108835153,5.0,1.0,13.0,3.575379873995999,5.0
req_380,IS_875_Part1_1987_H,1,synthetic,0.2891819909615187,2.0,5.2853151727459595,2.0,0.3284100674775201,0.30358131773945096,0.28642297478830964,0.0,0.0,0.0,0.0,0.4132832739836107,0.031438508726068355,1.0,1.0,39.0,2.220997205013537,1.0
req_235,IS_1346_1991_H,1,synthetic,0.3653443020182128,2.0,3.179591836844846,2.0,0.4070390077915442,0.15485301133565008,0.15399222307721344,0.5048129488640406,4.0,5.0,0.0,0.00971188137135277,0.032303961284894635,2.0,1.0,35.0,2.4177172041655233,2.0
req_206,IS_13920_2016_H,0,synthetic,0.12044337935571234,1.0,1.5998550888529106,1.0,0.34996833562353613,0.13461552225892207,0.11838066041236221,0.017543706292031253,0.0,0.0,0.0,0.0,0.03154859609477831,1.0,1.0,10.0,,1.0
req_137,IS_2212_1991,0,synthetic,0.1925428067036516,4.0,1.7262458179778006,5.0,0.4201132009415506,0.1305721965527101,0.1305721965527101,0.2187554231998121,2.0,3.0,0.0,0.0,0.0327673273624391,1.0,1.0,35.0,1.7968958527980714,1.0
req_399,IS_3034_1993_H,0,synthetic,0.22829031541067443,1.0,2.2187780396810814,2.0,0.3247311656951958,0.11757530494955468,0.15284911246563265,0.038177185372641094,4.0,3.0,0.0,0.0,0.03138440114126738,1.0,1.0,33.0,3.17933738631723,1.0
req_555,IS_875_Part2_1987_H,0,synthetic,0.16957838376481824,2.0,1.2246001468260028,1.0,0.25887449429004383,0.07761920437923747,0.10013262674108817,0.029865050834359957,0.0,0.0,0.0,0.0899405633333901,0.0321199278716965,2.0,1.0,39.0,2.1031941302319264,2.0
req_125,IS_1904_1986_H,0,synthetic,0.2226421543266184,3.0,0.6780583930638892,5.0,0.2995512088509435,0.06572188442506327,,0.01878361424840532,0.0,,0.0,0.0,0.03188911527864675,2.0,1.0,40.0,1.6559583644048386,2.0
req_131,IS_2074_1992_H,0,synthetic,,,0.9126723198849627,4.0,0.2809977642006957,0.0830391678243591,0.09789514139950038,0.0,2.0,0.0,0.0,0.0,0.03173374001421731,4.0,1.0,34.0,3.2339642983725816,4.0
req_530,IS_875_Part5_1987,1,synthetic,0.2789917574870807,1.0,4.173894307043514,1.0,0.7955110313513687,0.2382857413206825,0.2382857413206825,0.5374376045982007,1.0,1.0,0.0,0.0,0.0323091759288375,2.0,1.0,39.0,1.8384148045904056,2.0
req_120,IS_875_Part5_1987,0,synthetic,0.3096578098467484,1.0,1.1298688234899683,5.0,0.1153933416323874,0.0241581966169713,0.0241581966169713,0.1986067643425919,4.0,0.0,0.0,0.0,0.031160129475751,8.0,1.0,39.0,1.6422395928431832,8.0
req_317,IS_1200_Part1_1992_H,1,synthetic,0.5519324522385345,2.0,4.741742844556794,2.0,0.344861663661118,0.20041320918536867,0.18796682973033008,0.7179826045606089,3.0,3.0,0.0,0.02132906413866634,,,1.0,34.0,3.0708281260768304,
req_127,IS_814_2004_H,1,synthetic,0.32082363684072857,1.0,4.637267543990276,2.0,0.30416388930325183,0.21275469999382549,0.20653420367446815,0.6605289034600437,1.0,0.0,1.0,,0.032512277199578186,5.0,1.0,22.0,2.717669986071232,5.0
req_407,IS_1786_2008,0,synthetic,0.0628136411188901,2.0,1.6105414922408126,1.0,0.3546709461850859,0.1321781130040941,0.1321781130040941,0.0503165104780796,3.0,1.0,0.0,0.0,0.0321930667249947,1.0,1.0,18.0,1.411780808046925,1.0
req_162,IS_783_1985,1,synthetic,0.4219541905505469,1.0,4.125074230285337,1.0,0.6497479176411066,0.4172946754131238,0.4172946754131238,0.6010054480411717,4.0,5.0,0.0,0.0,0.0311500823299763,2.0,1.0,41.0,2.748154464025751,2.0
req_122,IS_2911_Part1_Sec2_2010_H,1,synthetic,0.33250342549925005,2.0,2.836578676491898,2.0,0.5415543836093647,0.3452366773463112,0.33776577675878305,0.4376155005718282,3.0,2.0,0.0,0.0,0.031317373147109466,6.0,1.0,16.0,2.8247166996842648,6.0
req_256,IS_269_2015,0,synthetic,0.1439904098144775,2.0,1.9944704603131944,1.0,0.0812234109587126,0.1587378904576902,0.1587378904576902,0.0,0.0,3.0,0.0,0.0,0.0323057855954026,1.0,1.0,11.0,3.319521524490708,1.0
req_173,IS_3495_Part1_1992_H,0,synthetic,0.0718655776289595,1.0,0.5392256316990691,1.0,0.33879376877349143,0.06759191641424389,0.09718891533437372,0.04946859514380434,2.0,0.0,0.0,0.005394847942183526,0.03269480774255735,2.0,1.0,34.0,2.3097907113302476,2.0
req_425,IS_3067_1988_H,0,synthetic,0.14453456058430034,1.0,1.9162026265636736,1.0,0.3008867195685393,0.0532100023824357,0.08170738083003073,0.07240085469356712,1.0,3.0,0.0,0.0,0.032498120256375204,2.0,1.0,38.0,1.878889340852787,2.0
req_301,IS_1201_1220_1978_H,0,synthetic,0.1836447394738882,1.0,1.5606347078795868,1.0,0.4044197830445267,0.118582153414787,0.12696317648784908,0.022811434793939194,0.0,2.0,0.0,0.09683887919022578,0.03139536916370718,1.0,1.0,48.0,2.596954947272395,1.0
req_129,IS_2309_1989,0,synthetic,0.139558111209772,6.0,1.1882996667578931,3.0,0.3261269116659002,0.1571659255346412,0.1571659255346412,0.0594325583156818,2.0,3.0,0.0,0.0,0.0321223352196216,3.0,1.0,37.0,3.59313510230794,3.0
req_373,IS_2911_Part1_Sec2_2010,0,synthetic,0.2963823208916319,2.0,2.5072692950046584,1.0,0.2531012795817352,0.1461524437457623,0.1461524437457623,0.2923664370504753,1.0,2.0,0.0,0.0334519518680849,0.0326399257837884,1.0,1.0,16.0,1.425851638175212,1.0
req_177,IS_1200_Part1_1992,1,synthetic,0.3505774091577192,1.0,5.907522548570635,1.0,0.5525880988459817,0.1069658943272503,0.1069658943272503,0.976343244695127,2.0,2.0,1.0,0.8396936795030181,0.0320861603101646,1.0,1.0,34.0,2.1980301060979963,1.0
req_608,IS_1200_Part1_1992,0,synthetic,0.2200522151799442,1.0,2.5118893153459148,2.0,0.2307538347653736,0.0717736998347189,0.0717736998347189,0.0221585700848618,3.0,0.0,0.0,0.0,0.0315983084982475,2.0,1.0,34.0,3.510768321135089,2.0
req_080,IS_2074_1992_H,0,synthetic,0.17771431439414775,3.0,1.1358962593978892,5.0,0.22996608006702626,0.15626626990779646,0.17481597982064667,0.162471107533587,2.0,1.0,0.0,0.10362990434251404,0.031396229928705596,7.0,1.0,34.0,2.5253532970672645,7.0
req_382,IS_3043_2018_H,0,synthetic,0.26963421927970393,2.0,1.2514141072438547,1.0,0.29456358401151034,0.1604033994852421,0.16629448000133779,0.0818605286439615,1.0,2.0,0.0,0.04358624429205036,0.032655179542338965,2.0,1.0,8.0,1.8433384463562974,2.0
req_074,IS_2911_Part1_Sec1_2010,0,synthetic,0.0492869093377126,6.0,2.007682738347168,4.0,0.2255033492353028,0.0320913812074626,0.0320913812074626,0.0,0.0,0.0,0.0,0.1200772816448619,0.0326001002515011,1.0,1.0,16.0,3.4353177492481923,1.0
req_178,IS_875_Part2_1987,0,synthetic,0.0367725967557349,2.0,2.789717338243402,1.0,0.1299587502780092,0.1723709162837239,0.1723709162837239,0.2805618096274634,2.0,1.0,0.0,0.0,0.0314731022654849,2.0,1.0,39.0,1.9973102654858976,2.0
req_611,IS_8112_2013,0,synthetic,0.0855335857353544,2.0,2.095068715230373,1.0,0.2575045471987981,0.199393594868781,0.199393594868781,0.0344165854206795,4.0,0.0,0.0,0.0841217567516398,0.0328372145983745,1.0,1.0,13.0,1.8229938350871768,1.0
req_068,IS_1554_Part1_1988,1,synthetic,0.2920238864306337,2.0,6.424695554518041,1.0,0.7946779474839211,0.4341776507476781,0.4341776507476781,0.9114876714772252,4.0,3.0,1.0,0.8634969331410651,0.0310127676488815,8.0,0.5,38.0,1.5731050966678564,8.0
req_462,IS_1200_Part1_1992,0,synthetic,0.0206590843380029,2.0,0.9621460889664964,2.0,0.2998010839925543,0.1639842888158339,0.1639842888158339,0.1121671081381202,3.0,3.0,0.0,0.3139069915373204,0.0326436773198374,1.0,1.0,34.0,2.9949005923842185,1.0
req_335,IS_2074_1992,0,synthetic,0.1340797927682537,2.0,2.088493800707238,2.0,0.24514516892273,0.1,0.1,0.0,0.0,0.0,0.0,0.0,0.0322664584959666,1.0,1.0,34.0,1.4384615384615385,1.0
req_119,IS_13920_2016,0,synthetic,0.1731333576608309,4.0,2.158021446310725,4.0,0.2232413480039634,0.0341133538528738,0.0341133538528738,0.13912562422092,3.0,1.0,0.0,0.0,0.0322811613054233,4.0,1.0,10.0,3.432131667381991,4.0
req_025,IS_2309_1989_H,0,synthetic,0.5320253648322529,2.0,5.221593865611685,2.0,0.5892224528359289,0.1965670403677622,0.20350964788503673,0.6264022485211431,1.0,2.0,0.0,0.012963472589897574,0.03269771600239231,2.0,1.0,37.0,2.610402559353361,2.0
req_641,IS_783_1985_H,1,synthetic,0.5360731283941761,2.0,3.131381802919254,2.0,0.5212933247950743,0.12958323644014877,0.16072884984242328,0.4019269151696128,4.0,4.0,0.0,0.1271079057308443,0.03167469569907304,1.0,1.0,41.0,2.9644903031856145,1.0
req_104,IS_1489_Part1_2015,0,synthetic,0.2331189331041716,4.0,2.7292615553828354,3.0,0.1129032066955887,0.1176484661175024,0.1176484661175024,0.2131058181421576,4.0,1.0,0.0,0.0,0.0321656125421917,4.0,1.0,11.0,3.465283079578128,4.0
req_006,IS_4326_1993_H,0,manual,0.15604357665580704,6.0,0.8804932652110474,7.0,0.2748112895070413,0.10682148608167397,0.12413000756838206,0.011397447750352343,0.0,1.0,0.0,0.0,0.03163131661904081,6.0,0.5,33.0,1.7250874226154422,6.0
req_068,IS_1554_Part1_1988_H,1,synthetic,0.2539854768685127,4.0,5.127406330217403,2.0,0.6536985092242193,0.3536573443844312,0.33482358708410015,0.6411028251492812,4.0,3.0,1.0,0.6234292746244278,0.03131666720330956,5.0,0.5,38.0,1.8972871380402763,5.0
req_231,IS_2911_Part1_Sec2_2010,0,synthetic,0.2963823208916319,1.0,2.5072692950046584,1.0,0.2531012795817352,0.1461524437457623,0.1461524437457623,0.2923664370504753,1.0,2.0,0.0,0.0334519518680849,0.0326399257837884,1.0,1.0,16.0,1.425851638175212,1.0
req_379,IS_8329_2000,0,synthetic,0.1435282714394572,1.0,0.9506078960150512,2.0,0.3186301990961864,0.1290036858306263,0.1290036858306263,0.1949596449340826,3.0,3.0,0.0,0.0,0.0315692174636588,2.0,1.0,26.0,2.013962173700356,2.0
req_404,IS_13920_2016_H,1,synthetic,0.2882715275617515,2.0,1.3561689687331377,1.0,0.2448715413940111,0.1070415585865093,0.11524566485117953,0.08104572683880186,0.0,3.0,0.0,0.016108458796396163,0.031587303454703786,1.0,1.0,10.0,2.7086541108067106,1.0
req_584,IS_2062_2011,0,synthetic,0.0826696604586178,2.0,1.7089730237650875,1.0,0.2061965247105806,0.075,0.075,0.0,4.0,2.0,0.0,0.0,0.0317460317460317,2.0,1.0,15.0,1.572289156626506,2.0
req_021,IS_2309_1989,0,synthetic,0.134485785951961,6.0,2.788945933684276,3.0,0.2569368814906462,0.1947941079704512,0.1947941079704512,0.0,0.0,0.0,0.0,0.0,0.031533650379905,7.0,1.0,37.0,2.7562602266625493,7.0
req_116,IS_1554_Part1_1988_H,1,synthetic,0.28244633769262417,2.0,5.258191393112384,2.0,0.44167260839362676,0.2102375171898507,0.20225944851007663,0.006463620097526376,0.0,0.0,0.0,0.4356874869719368,0.03199839938375473,3.0,0.5,38.0,2.2127759905208135,3.0
req_074,IS_456_2000,1,synthetic,0.4553381202625223,1.0,4.4977483876166175,1.0,0.5692850625382023,0.2928370973600577,0.2928370973600577,0.6651237927726266,3.0,3.0,0.0,0.0,0.0320009315632394,7.0,1.0,26.0,2.060673360858868,7.0
req_015,IS_3067_1988,1,manual,0.1371609117611926,4.0,1.5464552051708291,4.0,0.3113995776646092,0.15,0.15,0.0,0.0,0.0,0.0,0.0,0.032258064516129,4.0,1.0,38.0,1.411214953271028,4.0
req_057,IS_1904_1986,1,synthetic,0.5293664366918771,1.0,5.547290395873819,1.0,0.5828263993240206,0.3917361015219539,0.3917361015219539,0.9038799470296476,4.0,3.0,0.0,0.2840963524685065,0.0321535424629547,6.0,1.0,40.0,2.78015544709116,6.0
req_431,IS_2062_2011_H,1,synthetic,0.34979567933504063,2.0,3.46619730687954,2.0,0.5647035155760195,0.271103186882574,0.2795556626851426,0.040869478550684596,0.0,1.0,0.0,0.6702439291279967,0.03171409013563838,1.0,1.0,15.0,2.615549380234916,1.0
req_293,IS_2932_1974,1,synthetic,0.540900185676364,1.0,2.736295807986818,1.0,0.3462881452845975,0.3055119611487586,0.3055119611487586,0.7237169888023731,3.0,3.0,1.0,0.0,0.0322758092620071,1.0,1.0,52.0,2.3299906730653177,1.0
req_095,IS_13920_2016,0,synthetic,0.2003425851483601,3.0,-0.0258783777226167,6.0,0.1434800809578671,0.1649154024551875,0.1649154024551875,0.1271420401978857,1.0,1.0,0.0,0.0,0.0315039974185557,4.0,1.0,10.0,2.346740336418457,4.0
req_103,IS_1200_Part1_1992_H,0,synthetic,0.08277653750465803,6.0,0.8426673568056355,7.0,0.31198374920576655,0.16609152813177958,0.14305654745471988,0.06937299947797645,3.0,3.0,0.0,0.26741699628129023,0.032441681104255556,2.0,1.0,34.0,2.863777188219906,2.0
req_236,IS_694_2010,0,synthetic,0.1775301259062847,2.0,0.448786325528168,2.0,0.1934284331785666,0.0267311064899136,0.0267311064899136,0.0,0.0,0.0,1.0,0.0,0.0319653263822936,2.0,1.0,16.0,2.425127624810359,2.0
req_112,IS_269_2015_H,1,synthetic,0.24269012021940928,4.0,1.4173163154484756,5.0,0.32913670104029014,0.16219527571261214,0.16238054840648192,0.060560942849832655,0.0,3.0,0.0,0.0,0.03174300495023892,5.0,1.0,11.0,2.4678883398778293,5.0
req_443,IS_1201_1220_1978_H,0,synthetic,0.1923950100964151,1.0,0.9550315499082789,1.0,0.1874187859758212,0.15290058007704221,0.11390047797365814,0.136375350806091,2.0,2.0,0.0,0.14406743974553293,0.03224832698724892,2.0,1.0,48.0,2.6464469161643467,2.0
req_089,IS_3495_Part1_1992_H,0,synthetic,,,1.395761772832169,5.0,0.2538172645455803,0.050510625318262295,0.09611159804091667,0.20802149080232532,2.0,2.0,0.0,0.0,0.03245168821348653,5.0,1.0,34.0,2.805267587415522,5.0
req_032,IS_1077_1992_H,1,synthetic,0.07090933432988622,5.0,0.983192299251161,6.0,0.23808672376830298,0.10555644489007603,0.11795941611648267,0.23618023384701498,1.0,2.0,0.0,0.0,0.03268993711575517,2.0,1.0,34.0,2.008185919167,2.0
req_002,IS_15911_2010_H,0,manual,0.2432406589013355,1.0,4.398320467324115,2.0,0.2684561427238922,0.1426914275261853,0.06299224877594906,0.015004086661570878,1.0,1.0,0.0,0.0,0.032591440038961736,2.0,1.0,16.0,1.71204981568835,2.0
req_093,IS_3043_2018_H,0,synthetic,0.05393835714378733,7.0,1.3932492756466632,4.0,0.2066513637378905,0.11458666911159514,0.12601857426848073,0.07479999062515838,1.0,1.0,0.0,0.00964516070046769,,,1.0,8.0,3.0888941429160592,
req_121,IS_1346_1991,0,synthetic,0.1128983984341989,8.0,0.9394296554677728,8.0,0.2612639300757844,0.1648473979243615,0.1648473979243615,0.1097349965845133,2.0,1.0,1.0,0.1062505204505811,0.0326307595783217,1.0,1.0,35.0,3.2426742476992763,1.0
req_201,IS_1642_1989_H,0,synthetic,0.2822302792357026,2.0,1.2777323068885555,1.0,0.20282695074493506,0.07789390329542817,0.07567332516007305,0.20007536912829604,1.0,2.0,0.0,0.07555944195184691,0.032626775675335055,2.0,1.0,37.0,2.578793052799059,2.0
req_083,IS_73_2013_H,0,synthetic,0.559760193793972,2.0,5.033732508035131,2.0,0.5673601758568486,0.28949738354844406,0.29180529947562,0.38235204219890195,4.0,4.0,1.0,0.0018062421673965907,0.03197392836376376,4.0,1.0,13.0,2.6797150837098704,4.0
req_233,IS_875_Part5_1987,0,synthetic,0.0869711641941927,2.0,1.628507943981845,2.0,0.1118941682959905,0.0752281812736324,0.0752281812736324,0.0382045094170606,4.0,1.0,0.0,0.0,0.0328973963196998,1.0,1.0,39.0,2.1702633541023646,1.0
req_600,IS_1200_Part1_1992_H,1,synthetic,0.3059683802754204,2.0,2.85701111243265,2.0,0.633349309851752,0.10198138858755139,0.13440340139963033,0.3796979874344411,1.0,2.0,0.0,0.6748475258260545,0.03171065185940351,1.0,1.0,34.0,3.2738858102868864,1.0
req_619,IS_2911_Part1_Sec2_2010_H,0,synthetic,0.1358795603306162,2.0,2.364654184126098,2.0,0.3777272557767205,0.0598478069913305,0.03968220551968474,0.15134395863194508,4.0,1.0,0.0,0.004977858368296919,0.031950633727591764,1.0,1.0,16.0,1.8414823072680522,1.0
req_039,IS_3043_2018_H,0,synthetic,0.10665527187204016,5.0,2.2726449589450417,3.0,0.3326311658243956,0.15492531091382802,0.10690662287976505,0.16697295519470298,2.0,0.0,0.0,0.10691064408360988,0.03262135610602647,3.0,1.0,8.0,3.031060348679458,3.0
req_628,IS_1489_Part1_2015,0,synthetic,0.2513748990030588,1.0,1.7259341153388676,1.0,0.2835088678286887,0.0286328676279975,0.0286328676279975,0.0,0.0,0.0,0.0,0.0405264392187553,0.0312471901259911,2.0,1.0,11.0,1.843934988713498,2.0
req_113,IS_2212_1991,1,synthetic,0.4157484126167157,1.0,3.987556904002746,1.0,0.7311533654026021,0.3381278386416443,0.3381278386416443,0.9661318953429544,3.0,3.0,0.0,0.8265037539297891,0.0326092420777886,4.0,1.0,35.0,3.383468360003957,4.0
req_154,IS_1536_2001_H,0,synthetic,0.24411122818955108,2.0,1.168609718516488,1.0,0.24665776748727813,0.15691272446191049,0.15819467757755,0.17194636131831711,1.0,0.0,0.0,0.1388274684848667,0.031320233509660116,1.0,0.5,25.0,2.9362991553530633,1.0
req_124,IS_875_Part2_1987,1,synthetic,0.5506640700115014,1.0,5.915624470699107,1.0,0.3192051017158745,0.1660896134167435,0.1660896134167435,0.8930389571226223,4.0,4.0,0.0,0.3947239742876188,0.0317163349945008,6.0,1.0,39.0,1.566620608338238,6.0
req_055,IS_875_Part1_1987,1,synthetic,0.5469903205203969,1.0,6.992869986252792,1.0,0.3600980875451161,0.130219514560295,0.130219514560295,0.0,0.0,1.0,0.0,0.7850274207728609,0.0326210264367152,1.0,1.0,39.0,3.5237689054531964,1.0
req_123,IS_3067_1988_H,1,synthetic,0.09949491156415642,4.0,2.142314966214098,5.0,0.10964662287634969,0.05333148380305831,0.04696970306267352,0.17152292906253724,4.0,2.0,0.0,0.1520806296642375,0.031981179652000126,2.0,1.0,38.0,2.689534087037516,2.0
req_257,IS_12269_2013,1,synthetic,0.3298407857357432,1.0,2.873896472784743,1.0,0.5797509043642028,0.3846153846153846,0.3846153846153846,1.0,2.0,2.0,0.0,1.0,0.0327868852459016,1.0,1.0,13.0,1.5433070866141732,1.0
req_140,IS_9595_1996_H,0,synthetic,0.22245458494892772,3.0,0.9240339640435229,5.0,0.35615005602032934,0.1485110797761861,0.15027080716241314,0.08130484290099485,4.0,3.0,0.0,0.008709191632345448,0.03206826171525257,4.0,1.0,30.0,1.7754223661304271,4.0
req_219,IS_13920_2016,0,synthetic,0.2549327781036006,1.0,2.655348758482308,1.0,0.081114233195244,0.1115018377609622,0.1115018377609622,0.1842076101088316,1.0,3.0,0.0,0.0,0.0317782073611702,2.0,1.0,10.0,2.744310053158052,2.0
req_629,IS_8329_2000,0,synthetic,0.1435282714394572,2.0,0.9506078960150512,1.0,0.3186301990961864,0.1290036858306263,0.1290036858306263,0.1949596449340826,3.0,3.0,0.0,0.0,0.0315692174636588,2.0,1.0,26.0,2.013962173700356,2.0
req_122,IS_458_2003_H,0,synthetic,0.0700803176653322,7.0,1.5592657410027677,3.0,0.16612406851980904,0.14827931886769652,0.1727655102585349,0.07344741217575151,2.0,0.0,0.0,0.0004405554422693084,0.03242664303197292,2.0,1.0,23.0,2.32365084831608,2.0
req_349,IS_1346_1991,1,synthetic,0.5383111228912728,1.0,3.774409763946789,1.0,0.7890882955267493,0.3827996602483081,0.3827996602483081,0.473136567757999,1.0,1.0,1.0,0.0,0.0328480192637797,1.0,1.0,35.0,2.791534318794633,1.0
req_073,IS_814_2004_H,1,synthetic,0.24748930552034634,4.0,1.871756644768245,7.0,0.21111973502937037,0.14057794494717024,0.14026239808162158,0.017320881531576328,0.0,3.0,0.0,0.002832245830645244,0.0318391716791308,7.0,1.0,22.0,2.7838690024964152,7.0
req_041,IS_1201_1220_1978,1,synthetic,0.3475552258145776,1.0,5.686900497679532,1.0,0.3466020387443687,0.1288991251663099,0.1288991251663099,0.7419688055365319,4.0,4.0,0.0,0.0,0.0315139401691265,6.0,1.0,48.0,3.188021059474657,6.0
req_102,IS_3034_1993_H,0,synthetic,0.1476621720704274,5.0,2.0621676217970095,6.0,0.3497713566334683,0.047809412285579,0.05733409049157768,0.042136360886264844,2.0,2.0,0.0,,0.03238005899397432,2.0,1.0,33.0,3.3225196181266865,2.0
req_001,IS_432_1982,0,manual,0.1489498935275797,4.0,3.034124847114809,2.0,0.3803194146278324,0.2,0.2,0.0,4.0,0.0,0.0,0.0,0.032258064516129,4.0,0.5,44.0,1.7876712328767124,4.0
req_063,IS_2212_1991_H,0,synthetic,0.18124668368547509,7.0,1.4007013842173175,7.0,0.2079991319891541,0.12101178641946343,0.12936778340297553,0.13247260299832045,3.0,0.0,0.0,0.0,0.032275636705332754,6.0,1.0,35.0,2.3441293738674496,6.0
req_512,IS_9595_1996_H,0,synthetic,0.337917745751687,2.0,3.4090784684879782,2.0,0.4928105545894759,0.17902421542286334,0.20835948785401937,0.6705818523011224,1.0,2.0,0.0,0.18402302036294635,0.032034231008514234,1.0,1.0,30.0,2.8693957917040924,1.0
req_265,IS_2911_Part1_Sec1_2010_H,0,synthetic,0.13334726877468006,1.0,1.2582516103357306,1.0,0.3258154129231988,0.059446895746580526,0.05411938719029281,0.23704138280413087,2.0,3.0,0.0,0.04905133104195836,0.03147526937008381,1.0,1.0,16.0,2.0656984623624735,1.0
req_097,IS_3043_2018,0,synthetic,0.1439321762041642,4.0,2.431920067106063,2.0,0.1018191649490576,0.1986226135198279,0.1986226135198279,0.2961574798138519,1.0,2.0,0.0,0.0,0.0312864483045992,4.0,1.0,8.0,3.2766257668422227,4.0
req_412,IS_2062_2011_H,0,synthetic,0.08391232317319644,1.0,0.8398615627136856,1.0,0.1694346769604503,0.1285723586125178,0.14087460390241405,0.09908127400277637,2.0,1.0,0.0,0.026765344289669913,0.031723898209007256,1.0,1.0,15.0,2.889191564828105,1.0
req_179,IS_1904_1986_H,0,synthetic,0.22853924195426972,1.0,0.6223795043098559,1.0,0.1947612580457274,0.15845277075703382,0.14309822933906083,0.07075701329179404,2.0,1.0,0.0,0.0,0.03191058146525264,2.0,1.0,40.0,1.8140993904335159,2.0
req_137,IS_3067_1988,1,synthetic,0.3706807926150013,1.0,5.566862542617262,1.0,0.5887963386480664,0.0907734312702404,0.0907734312702404,0.6317831576511556,1.0,1.0,0.0,0.754354718024516,0.0325945087676578,2.0,1.0,38.0,2.7672827185617512,2.0
req_075,IS_1200_Part1_1992,1,synthetic,0.2862637565051699,1.0,5.302662084036614,1.0,0.690337360751589,0.4199125545275157,0.4199125545275157,0.8196605449443406,4.0,3.0,1.0,0.4289295448290929,0.0317466121419286,4.0,1.0,34.0,1.5821925766798737,4.0
req_107,IS_1904_1986,0,synthetic,0.208079922792625,3.0,0.5507272035662462,7.0,0.2981009384033734,0.0583715237356063,0.0583715237356063,0.2506995233236107,4.0,2.0,0.0,0.2900620348450541,0.0324827500697256,4.0,1.0,40.0,2.2728087422953447,4.0
req_384,IS_2911_Part1_Sec2_2010,0,synthetic,0.1231654751749982,2.0,1.2872141724454744,2.0,0.043410015344513,0.1859759112339295,0.1859759112339295,0.0027397798728999,2.0,1.0,0.0,0.0,0.0314624307870383,2.0,1.0,16.0,1.2669622647635537,2.0
req_004,IS_2386_Part1_1963_H,0,manual,0.1946012547940066,3.0,2.201518742509434,4.0,0.25344429764572934,0.12491367785156539,0.12749872483005276,0.003779047852248814,1.0,0.0,0.0,0.03994889485176185,0.03212380398081872,4.0,1.0,63.0,1.956855550867164,4.0
req_124,IS_2062_2011,0,synthetic,0.2848797117592093,5.0,1.716243628725137,4.0,0.1892708308113127,0.1316355163081108,0.1316355163081108,0.1974868252139459,1.0,0.0,0.0,0.0,0.0320481395376209,2.0,1.0,15.0,2.419240524988436,2.0
req_077,IS_1489_Part1_2015,0,synthetic,0.1484501183762735,8.0,1.706030919379142,5.0,0.3617882170879398,0.166435375789178,0.166435375789178,0.0,0.0,3.0,0.0,0.0,0.0320775370920952,5.0,1.0,11.0,2.010585997258502,5.0
req_053,IS_732_2019,0,synthetic,0.225404769922695,8.0,2.7453346794982205,3.0,0.2361977803633488,0.0528100397144971,0.0528100397144971,0.0,0.0,0.0,0.0,0.0,0.0310739675803995,8.0,1.0,7.0,1.723738833166247,8.0
req_582,IS_1201_1220_1978,0,synthetic,0.1704101905618482,2.0,2.679508722769767,1.0,0.2247144746961874,0.1659740260380717,0.1659740260380717,0.1513647004502872,1.0,0.0,0.0,0.0867103032593994,0.0318788435835252,2.0,1.0,48.0,2.478457882874032,2.0
req_070,IS_2309_1989,1,synthetic,0.4380025500659456,1.0,5.111089992889322,1.0,0.6365648325105084,0.1105938653271466,0.1105938653271466,0.7612211453730693,3.0,3.0,1.0,0.0,0.0320563183712832,3.0,1.0,37.0,1.349996630400056,3.0
req_574,IS_2212_1991,0,synthetic,0.1843417914078552,2.0,0.8446457660111925,2.0,0.3420956458416577,0.1196446813185884,0.1196446813185884,0.0,0.0,0.0,0.0,0.250034587470463,0.0328423835288341,1.0,1.0,35.0,1.5617785621891798,1.0
req_126,IS_875_Part1_1987,1,synthetic,0.2901982693000341,3.0,3.888097302797455,1.0,0.4356320788088629,0.1385252886827526,0.1385252886827526,0.9634359832389524,4.0,5.0,0.0,0.0,0.0329937006283499,1.0,1.0,39.0,3.2354069350178603,1.0
req_239,IS_3034_1993,0,synthetic,0.1836878718747082,1.0,1.0189297633787122,2.0,0.2655978693047183,0.1540241027305725,0.1540241027305725,0.1342499366994748,1.0,2.0,0.0,0.0,0.032965912942357,1.0,1.0,33.0,2.6500426425658965,1.0
req_460,IS_1200_Part1_1992,1,synthetic,0.6860824391688785,1.0,6.003995750860688,1.0,0.3194022992511969,0.2366487127467718,0.2366487127467718,0.9984980747283267,3.0,3.0,0.0,0.0,0.0315157727199755,2.0,1.0,34.0,3.3903905414692463,2.0
req_077,IS_1642_1989_H,1,synthetic,0.2502960010257066,3.0,1.0435092750663986,7.0,0.17602887027128306,0.16938025048963506,0.16113754329824048,0.03882834670463256,4.0,0.0,0.0,0.0,0.031397645128467044,7.0,1.0,37.0,2.0636185662275,7.0
req_319,IS_8329_2000_H,0,synthetic,0.2015221662455308,1.0,0.38264721609042485,1.0,0.1350149478338831,0.1496386722958105,0.16728054859669905,0.0,0.0,0.0,0.0,0.0,0.03241041180529848,2.0,1.0,26.0,3.113686949676723,2.0
req_138,IS_1346_1991,0,synthetic,0.0762136730444249,8.0,0.28300721879372,8.0,0.3607610142091772,0.075490655503779,0.075490655503779,0.0814492249798839,1.0,0.0,0.0,0.3069670564172773,0.0326589149378348,1.0,1.0,35.0,1.9611774568105391,1.0
req_323,IS_2911_Part1_Sec1_2010,0,synthetic,0.0444505962343651,2.0,1.8412945021172675,1.0,0.4158660465734192,0.0758417127593261,0.0758417127593261,0.038685497481468,4.0,2.0,0.0,0.0,0.0321178441401821,1.0,1.0,16.0,2.762209168899101,1.0
req_118,IS_2911_Part1_Sec2_2010,0,synthetic,0.100822468857494,7.0,2.681801428625654,3.0,0.1806695486607321,0.0531044613553479,0.0531044613553479,0.125727883057399,2.0,0.0,0.0,0.0,0.0318011851948444,6.0,1.0,16.0,2.309213129972962,6.0
req_077,IS_875_Part1_1987,0,synthetic,0.2167688831542912,6.0,1.9490656030798288,4.0,0.0944032510546421,0.046323819816493,0.046323819816493,0.228442076243957,1.0,0.0,0.0,0.0,0.0321548510586083,3.0,1.0,39.0,1.881485307405592,3.0
req_134,IS_1200_Part1_1992_H,0,synthetic,0.16282594255876093,6.0,1.050544069320807,5.0,0.2827192635179643,0.15362339361014393,0.15317865216844745,0.1088629732199933,3.0,0.0,0.0,0.0,0.032613842561177886,2.0,1.0,34.0,3.134663474146538,2.0
req_472,IS_8112_2013_H,1,synthetic,0.12853624937790314,1.0,1.4082089943271672,1.0,0.19735230545107108,0.1095313283398179,0.1287063512210856,0.22375608198415037,3.0,0.0,0.0,0.153266175471543,0.0322870306299764,2.0,1.0,13.0,3.045829584187812,2.0
req_129,IS_2911_Part1_Sec1_2010_H,1,synthetic,0.1843751602416929,3.0,0.9539131444150366,5.0,,0.11670078076387384,0.1070146480845265,0.06606843847973323,4.0,3.0,0.0,0.0,0.03176998038219317,5.0,1.0,16.0,2.1024237739976765,5.0
req_071,IS_1536_2001,0,synthetic,0.1282100684342181,4.0,0.2108332217842814,8.0,0.4266136932104055,0.1000524556993331,0.1000524556993331,0.0397521013482598,1.0,0.0,0.0,0.157095286957508,0.0318160883501662,3.0,0.5,25.0,1.3117154744312485,3.0
req_118,IS_383_2016,0,synthetic,0.0866278349239439,8.0,1.5934957810901174,6.0,0.0622007502284014,0.1638685852003966,0.1638685852003966,0.0097687941099894,2.0,3.0,0.0,0.3011400456742832,0.031914392068632,4.0,1.0,10.0,1.532865223965605,4.0
req_110,IS_732_2019_H,0,synthetic,0.15050042598628594,6.0,2.0583938374912583,4.0,0.27415027565568983,0.06947873689746112,0.07848053164486618,0.10541614811611089,4.0,3.0,0.0,0.14977285210956592,0.031625751441350373,3.0,1.0,7.0,2.777768448229316,3.0
req_087,IS_1201_1220_1978_H,0,synthetic,0.2226626044711356,4.0,1.256976701118164,5.0,0.25550038749213766,0.14744094389075843,0.13461485908979073,0.14914992519043738,1.0,3.0,0.0,0.0,0.03275047352746582,2.0,1.0,48.0,3.025639980939925,2.0
req_358,IS_2309_1989,1,synthetic,0.2040312845095884,1.0,3.5865855801773585,1.0,0.3163265823832542,0.3983259083796751,0.3983259083796751,0.4889555679702816,1.0,2.0,1.0,0.7980725363229783,0.0316267029548818,2.0,1.0,37.0,3.320324138203636,2.0
req_088,IS_875_Part1_1987,1,synthetic,0.3508825768627345,1.0,2.509548678058948,2.0,0.3366271373092652,0.4310166068497397,0.4310166068497397,0.5458114690255419,3.0,3.0,0.0,0.0,0.0328576904179708,2.0,1.0,39.0,3.099430712599606,2.0
req_569,IS_783_1985,1,synthetic,0.4219541905505469,1.0,4.125074230285337,1.0,0.6497479176411066,0.4172946754131238,0.4172946754131238,0.6010054480411717,4.0,5.0,0.0,0.0,0.0311500823299763,2.0,1.0,41.0,2.748154464025751,2.0
req_109,IS_2062_2011,0,synthetic,0.244488976019838,6.0,2.525107171527456,3.0,0.1809791764379452,0.0942778092847246,0.0942778092847246,0.0427365351340644,4.0,3.0,0.0,0.2159097231340551,0.0312292450842463,8.0,1.0,15.0,2.82679809167386,8.0
req_208,IS_12269_2013_H,0,synthetic,0.14938981330553414,1.0,2.430268589398725,2.0,0.32891719056727853,0.14952543650829128,0.13090265488397185,0.05632738148402423,0.0,3.0,0.0,0.0,0.03185102433019979,1.0,1.0,13.0,3.156654376592372,1.0
req_121,IS_73_2013,0,synthetic,0.1534534797112231,4.0,2.7131954539804566,3.0,0.3260253795318894,0.0518665951963481,0.0518665951963481,0.1893142567923179,3.0,2.0,0.0,0.0,0.032046919608709,3.0,1.0,13.0,2.7528913844704084,3.0
req_517,IS_732_2019_H,0,synthetic,0.22159039207993805,2.0,2.6660733063985305,2.0,0.25551542973306834,0.06784378857968965,0.08621200543101812,0.0028527265235811076,0.0,0.0,0.0,0.0,0.0312967609445142,1.0,1.0,7.0,1.9112448497505763,1.0
req_175,IS_875_Part2_1987,0,synthetic,0.1627098933103274,1.0,1.804035271841656,2.0,0.3499235343575831,0.071704106761591,0.071704106761591,0.2723810876206867,1.0,0.0,0.0,0.2009466736113806,0.0324462353564848,1.0,1.0,39.0,3.451173042413972,1.0
req_395,IS_2309_1989,1,synthetic,0.2829217760160791,1.0,4.473510738685188,1.0,0.4954212441114509,0.1462837180461896,0.1462837180461896,0.8547558948591535,4.0,4.0,1.0,0.5190966541343545,0.0319752842967472,2.0,1.0,37.0,1.397723729321653,2.0
req_408,IS_8329_2000,0,synthetic,0.1315047289294583,2.0,1.6188764813396754,2.0,0.2301418575569815,0.0412006648234768,0.0412006648234768,0.0,0.0,3.0,0.0,0.0,0.0319444393648121,2.0,1.0,26.0,1.707177941695763,2.0
req_102,IS_8329_2000_H,1,synthetic,0.2944553424920389,2.0,2.828720183963426,2.0,0.47572604803582325,0.24061879792753021,0.17002313394015223,0.6360554040525788,3.0,4.0,0.0,0.34269634039722846,0.031464751059537166,5.0,1.0,26.0,2.382441223439156,5.0
req_116,IS_1077_1992,0,synthetic,0.0551026992565592,6.0,1.41286705826686,3.0,0.1456542885244365,0.1168226100978741,0.1168226100978741,0.20825755844139,3.0,1.0,0.0,0.0,0.0325399343854676,1.0,1.0,34.0,3.0300622198596803,1.0
req_257,IS_12269_2013_H,1,synthetic,0.2920731937393356,2.0,2.733849990607891,2.0,0.5340224384774631,0.31810070459660056,0.40428609560206286,0.41717912609312807,2.0,2.0,0.0,0.779387907832107,0.032571109819003394,2.0,1.0,13.0,1.7307261174177195,2.0
req_337,IS_456_2000,1,synthetic,0.253650345386769,1.0,6.911568219529234,1.0,0.4065089087925254,0.4459668039328276,0.4459668039328276,0.939092980073454,4.0,5.0,0.0,0.628159505136427,0.032617627756486,1.0,1.0,26.0,2.027107627554696,1.0
req_381,IS_814_2004_H,1,synthetic,0.31560530621342875,2.0,4.735936768120336,2.0,0.29800154580100985,0.20616517930650802,0.2026893983343148,0.6197851237748478,1.0,0.0,1.0,0.0,0.032432542969737604,2.0,1.0,22.0,2.7476026662598434,2.0
req_191,IS_814_2004,0,synthetic,0.190620391469048,2.0,1.2160758159588427,2.0,0.3713906763541037,0.1071428571428571,0.1071428571428571,0.0,0.0,0.0,0.0,0.0,0.0325224748810153,1.0,1.0,22.0,1.6328125,1.0
req_579,IS_8329_2000,0,synthetic,0.0265738688730716,2.0,1.6218361490099469,1.0,0.4160619004672586,0.1593859697875805,0.1593859697875805,0.2881676250827273,3.0,1.0,0.0,0.0,0.0317911911247077,2.0,1.0,26.0,1.4874255999246129,2.0
req_111,IS_269_2015_H,0,synthetic,0.14919746548357726,7.0,0.6306343425465891,7.0,0.16805316195030415,0.17766993028379355,0.08744222369664534,0.14487442508794307,1.0,2.0,0.0,0.003300157727332987,,,1.0,11.0,2.1082823127511596,
req_250,IS_3034_1993_H,1,synthetic,0.11234152041238146,1.0,1.1044996429431364,1.0,0.33356669511014203,0.11079855192268379,0.13156078094950358,0.01203175826446863,0.0,2.0,0.0,0.0,0.03134809908522252,1.0,1.0,33.0,2.1598232220043814,1.0
req_582,IS_1201_1220_1978_H,1,synthetic,0.18343610877302804,1.0,2.628066212184937,2.0,0.2207351673852664,0.16489099356562711,0.1332242498087979,0.10875459251649662,1.0,0.0,0.0,0.07169792878692582,0.031975028000892594,1.0,1.0,48.0,2.452227708233652,1.0
req_137,IS_3034_1993_H,1,synthetic,0.13373216090755696,7.0,1.0387376643917352,7.0,0.14411023921630917,0.1274219906599153,0.1263805437043253,0.012662651850988745,0.0,0.0,0.0,0.028134497781873324,0.03180819657052007,6.0,1.0,33.0,2.0912208401351835,6.0
req_053,IS_875_Part5_1987,0,synthetic,0.3060211033956544,3.0,1.5006335857948951,8.0,0.3624290576965802,0.1113720659892808,0.1113720659892808,0.0,0.0,2.0,0.0,0.0,0.0317737626430547,6.0,1.0,39.0,2.1272606096869566,6.0
req_583,IS_1642_1989_H,1,synthetic,0.12472861331732632,1.0,2.015468049203267,2.0,0.36515220636839596,0.12290830585795506,0.11633359474024228,0.03486417071939612,2.0,0.0,0.0,0.08623462518094271,0.03172848586610933,2.0,1.0,37.0,3.261347285407104,2.0
req_047,IS_2212_1991_H,1,synthetic,0.1213268144648094,5.0,1.450463361710392,5.0,0.22612900777260683,0.06581559252762412,0.08254730134241119,0.1431265420409409,4.0,3.0,0.0,0.0,0.03193132973704619,3.0,1.0,35.0,2.579869028965715,3.0
req_049,IS_2932_1974,0,synthetic,0.0676238623944624,8.0,1.012628148988782,5.0,0.1559863672319113,0.0935784915045176,0.0935784915045176,0.0157096552608018,1.0,3.0,0.0,0.0,0.0316593815102354,6.0,1.0,52.0,2.561213549183245,6.0
req_083,IS_875_Part3_2015,0,synthetic,0.2520582438517656,3.0,0.8354886560351223,4.0,0.0754180641976555,0.1022143116700236,0.1022143116700236,0.0874785271968097,1.0,0.0,0.0,0.0,0.0314851679871071,6.0,1.0,11.0,2.115443025085879,6.0
req_204,IS_9595_1996,0,synthetic,0.0738063509660207,2.0,2.3737186602971057,2.0,0.0464198190286931,0.057288460773725,0.057288460773725,0.0,0.0,2.0,0.0,0.0,0.0321279163992475,1.0,1.0,30.0,2.5817354117440345,1.0
req_130,IS_875_Part2_1987_H,1,synthetic,0.550390631698367,2.0,4.900864536686153,2.0,,0.09349677988036836,0.10003547073799571,0.03237055182507735,0.0,0.0,1.0,0.19191640863174436,0.032123965969907145,3.0,1.0,39.0,1.980378646924102,3.0
req_519,IS_2062_2011_H,1,synthetic,0.13276910161468294,2.0,1.5018615835448001,1.0,0.3812507950511998,0.16951649298447802,0.18566374383811995,0.7244511346695501,1.0,2.0,0.0,0.0,0.032050151041219506,1.0,1.0,15.0,1.7943682359650261,1.0
req_294,IS_2062_2011_H,0,synthetic,0.23887432390566085,2.0,1.147347097182327,1.0,,0.19539412685724752,0.16846641304891122,0.05928392592290323,0.0,,0.0,0.0,0.03237241025343214,2.0,1.0,15.0,2.691078914672342,2.0
req_492,IS_875_Part1_1987,1,synthetic,0.3168056133191564,1.0,6.706484367356492,1.0,0.3248615155291954,0.3649542494590727,0.3649542494590727,0.0,0.0,0.0,0.0,0.5871750608052413,0.0312414734741438,2.0,1.0,39.0,2.0919754979527863,2.0
req_077,IS_1642_1989,0,synthetic,0.2312161285265565,5.0,0.7745997438750891,8.0,0.1496106571740128,0.1744430320903263,0.1744430320903263,0.0406766719284027,4.0,0.0,0.0,0.0,0.0311185717730594,8.0,1.0,37.0,1.9017103086230287,8.0
req_192,IS_3495_Part1_1992_H,0,synthetic,0.15672934240672817,1.0,0.8360603389424215,1.0,0.24526891858437763,0.10981868756371875,0.06627690837036478,0.0,0.0,,0.0,0.015552445028002175,0.03189283933701213,2.0,1.0,34.0,2.4021042013680467,2.0
req_009,IS_875_Part1_1987_H,0,manual,0.17265086627012902,3.0,0.8705036497266881,5.0,0.3685160806686811,0.14111226494198165,0.1460404766257144,0.022770916475668677,0.0,0.0,0.0,0.0,0.03207464593162885,3.0,1.0,39.0,2.5493238439363495,3.0
req_386,IS_458_2003_H,1,synthetic,0.12950677103577451,1.0,0.9722078953911903,1.0,0.3309821494336733,0.14770869556667404,0.1521047046078498,0.20621885885832705,2.0,0.0,0.0,0.0,0.03210262108379274,2.0,1.0,23.0,2.57365486273624,2.0
req_106,IS_1904_1986,0,synthetic,0.0965048444397266,5.0,0.8921039479154667,6.0,0.3309726114896887,0.0478650256036915,0.0478650256036915,0.0,0.0,1.0,0.0,0.0,0.0322507333251179,1.0,1.0,40.0,3.231378955807105,1.0
req_312,IS_1642_1989_H,0,synthetic,0.09302269586984238,1.0,2.3236680710190822,2.0,0.2099429509246704,0.023867931189321186,0.05967364883468111,0.20705517801507023,4.0,0.0,0.0,0.044576672293649,0.031524481073861334,1.0,1.0,37.0,1.6931273813764907,1.0
req_364,IS_516_1959,0,synthetic,0.0784572957709667,2.0,0.2250237259097363,2.0,0.1324532357065043,0.0689655172413793,0.0689655172413793,0.0,1.0,0.0,0.0,0.0,0.0317460317460317,2.0,1.0,67.0,1.6696428571428572,2.0
req_376,IS_2309_1989,0,synthetic,0.0800931149372667,1.0,-0.0062054108810592,2.0,0.3284849890182393,0.1854519357996423,0.1854519357996423,0.2178416129121887,3.0,1.0,0.0,0.0,0.0316949501777185,2.0,1.0,37.0,3.1664599668219195,2.0
req_420,IS_1077_1992,0,synthetic,0.0973459294458201,2.0,1.0406187508697515,2.0,0.3633489676387696,0.0596688181299294,0.0596688181299294,0.2400484181547105,4.0,0.0,0.0,0.0,0.0320713038147944,1.0,1.0,34.0,2.8969235979439025,1.0
req_161,IS_2911_Part1_Sec2_2010,0,synthetic,0.1808857261731033,1.0,0.3495195467201072,2.0,0.1152300946727656,0.1032730523121741,0.1032730523121741,0.0,0.0,2.0,0.0,0.0,0.0311958174564032,2.0,1.0,16.0,2.782540500896527,2.0
req_095,IS_383_2016,0,synthetic,0.1208850961663446,5.0,0.7379772624052687,4.0,0.1733061988145973,0.0698392874524477,0.0698392874524477,0.0565080243720023,4.0,1.0,0.0,0.0,0.0311135493487928,6.0,1.0,10.0,3.264691096064112,6.0
req_488,IS_875_Part2_1987,0,synthetic,0.0238895713023914,2.0,0.6663222158610711,2.0,0.2944302952008581,0.1605664807176594,0.1605664807176594,0.2734459131221216,2.0,0.0,0.0,0.0,0.0325102154104171,1.0,1.0,39.0,2.534545571247917,1.0
req_072,IS_2212_1991_H,1,synthetic,0.28666515385791985,3.0,3.1131530631345945,2.0,0.3389923365102054,,0.3390921297884527,0.6321412607364002,1.0,1.0,0.0,0.3140705122429775,,,1.0,35.0,1.8809843266947037,
req_015,IS_1346_1991_H,0,manual,0.12205474204438747,5.0,0.8355920849215881,5.0,0.2486704043521379,0.07274866950415856,,0.02282292616625259,0.0,0.0,0.0,,0.031782068106321726,5.0,1.0,35.0,1.6107776584163072,5.0
req_566,IS_875_Part3_2015_H,0,synthetic,0.25645330303939917,1.0,0.9972091149549598,1.0,0.12295993506768746,0.11800808938280867,0.1206945757705899,0.05601138846227534,1.0,0.0,0.0,0.0,0.03163301025948824,1.0,1.0,11.0,2.2027991996328073,1.0
req_004,IS_3812_Part1_2013,0,manual,0.0977748557348516,8.0,0.5270301753990412,7.0,0.1259881576697424,0.0714285714285714,0.0714285714285714,0.0,1.0,0.0,0.0,0.0,0.0314980158730158,7.5,1.0,13.0,1.6607142857142858,7.5
req_350,IS_456_2000,0,synthetic,0.1552972414847029,2.0,0.4195258001184176,2.0,0.2420910130675209,0.1071428571428571,0.1071428571428571,0.0,1.0,0.0,0.0,0.0,0.0314980158730158,2.0,1.0,26.0,1.537190082644628,2.0
req_543,IS_875_Part2_1987,1,synthetic,0.6633648475545535,1.0,6.317512228553836,1.0,0.701073676036498,0.0850813182965696,0.0850813182965696,0.0,0.0,0.0,1.0,0.2670610863634015,0.0320760109158139,2.0,1.0,39.0,1.7289331792600222,2.0
req_622,IS_2932_1974_H,0,synthetic,0.3389099697523001,2.0,2.4593357901065076,1.0,0.4902663465366291,0.2719983556735871,0.23272856214719664,0.7385987004904628,1.0,2.0,1.0,0.7348413855071253,0.031337361050266896,1.0,1.0,52.0,1.6314022274133486,1.0
req_215,IS_1893_Part1_2016_H,1,synthetic,0.4400880892671381,2.0,4.801998449881079,2.0,0.3391787983864282,0.2391128564095587,0.22013411892418652,0.44619433627181637,3.0,4.0,0.0,0.0,0.03211668221363178,2.0,1.0,10.0,1.7216394856263564,2.0
req_546,IS_3067_1988,0,synthetic,0.0951815926945997,2.0,1.7599127104550756,1.0,0.2658449803480873,0.0425306531228424,0.0425306531228424,0.1600434089305141,1.0,3.0,0.0,0.0,0.0328832139757371,1.0,1.0,38.0,1.6123565271669735,1.0
req_133,IS_1642_1989,0,synthetic,0.0655871167311993,8.0,0.4856107663683485,7.0,0.0939338109325324,0.0247156798633973,0.0247156798633973,0.0800587839013438,3.0,3.0,0.0,0.0,0.0314643650685386,6.0,1.0,37.0,2.8653380301691485,6.0
req_620,IS_383_2016_H,0,synthetic,0.1862780601548983,1.0,1.8446368039437946,2.0,0.39070654979872693,0.13904459090624488,0.15286753686669352,0.15843108721103,4.0,1.0,0.0,0.0568566042041307,0.03156913081738085,1.0,1.0,10.0,3.2151004715665708,1.0
req_057,IS_875_Part5_1987,0,synthetic,0.2500877002748933,4.0,1.1372723334402517,6.0,0.3019863888056369,0.1096468508245009,0.1096468508245009,0.0869014970404817,4.0,3.0,0.0,0.0,0.0326093763084314,3.0,1.0,39.0,2.85972847680984,3.0
req_059,IS_2911_Part1_Sec1_2010_H,1,synthetic,0.07013008816868249,5.0,0.38577472058655604,5.0,0.32523582344664403,0.14873569766289527,0.14663809564773625,0.02155434475699343,3.0,2.0,0.0,0.0,0.03260159966785514,2.0,1.0,16.0,2.0868985666688933,2.0
req_016,IS_814_2004_H,0,manual,0.2036185031044284,3.0,1.4279887653832217,1.0,0.35884332284288334,0.10234764751393648,0.11188277088169123,0.021845880409972922,0.0,0.0,0.0,0.0,0.03241128312743136,3.0,1.0,22.0,2.0035516295626388,3.0
req_038,IS_2062_2011_H,0,synthetic,0.30296898533295474,4.0,1.1823544464102165,6.0,0.1981108143799012,0.12709148354465508,0.11329363794843358,0.17202263689261385,1.0,1.0,0.0,0.0,0.031753033754588274,3.0,1.0,15.0,1.877222474133988,3.0
req_108,IS_73_2013_H,1,synthetic,0.38485029910330293,2.0,2.8386052426309716,2.0,0.5353547811209136,0.2450647319610405,0.24214534309246305,0.4986945888366294,2.0,3.0,1.0,0.0319358150840475,0.03143184017908576,5.0,1.0,13.0,1.9075705127214402,5.0
req_641,IS_783_1985,1,synthetic,0.6638363804222238,1.0,4.078203694376367,1.0,0.6340375160171947,0.1249276508441693,0.1249276508441693,0.8403805538051425,4.0,4.0,0.0,0.2602558483495455,0.0314494013189115,2.0,1.0,41.0,3.2273033518000336,2.0
req_370,IS_2911_Part1_Sec1_2010,0,synthetic,0.1062888222941981,2.0,0.8404793623998136,2.0,0.0824762320290997,0.1113342584542407,0.1113342584542407,0.0,0.0,2.0,0.0,0.0378764336745433,0.0317351221012307,2.0,1.0,16.0,3.042123235051597,2.0
req_414,IS_1904_1986_H,0,synthetic,0.12057877449893015,1.0,1.6909384694207663,1.0,0.22505497221774187,0.1267681955488027,0.10088503249762863,0.008462319522204945,0.0,0.0,0.0,0.0,0.03162065422084455,1.0,1.0,40.0,2.1632445465820784,1.0
req_552,IS_814_2004_H,0,synthetic,0.09474257702850049,1.0,0.6609892538915444,1.0,0.24839855975433892,0.17933070502784365,0.16497677483205797,2.4030608925442593e-05,0.0,1.0,0.0,0.0,0.031618620035679244,1.0,1.0,22.0,2.5344626088405926,1.0
req_464,IS_1642_1989_H,0,synthetic,0.12606871773954564,1.0,2.280734087670326,2.0,0.24622980224093208,0.07498479136494825,0.047962662031633775,0.17314605474104452,4.0,0.0,0.0,0.0,0.031435340338801174,1.0,1.0,37.0,1.8099257287125217,1.0
req_210,IS_2062_2011,0,synthetic,0.3196706999688016,1.0,1.3454749879687475,2.0,0.1009241215369435,0.1169445039866972,0.1169445039866972,0.1655752251212432,1.0,1.0,0.0,0.0,0.031643554700458,2.0,1.0,15.0,1.6933330782116978,2.0
req_012,IS_783_1985,0,manual,0.2772363263911637,1.0,2.4823738925654872,1.0,0.2828427124746189,0.125,0.125,0.0,0.0,0.0,0.0,0.0,0.0327868852459016,1.0,1.0,41.0,1.9381443298969072,1.0
req_078,IS_1200_Part1_1992,0,synthetic,0.1408552319905462,8.0,2.086936791188592,3.0,0.3248284824482932,0.177917124229914,0.177917124229914,0.098186784048279,2.0,2.0,0.0,0.2709473516531926,0.0324618638749741,1.0,1.0,34.0,2.3273557531973363,1.0
req_028,IS_1642_1989_H,0,synthetic,0.09582016564399,6.0,1.157456101779255,5.0,0.24614102087951703,0.12168892280732872,0.12578011716364762,0.1388196570380229,,1.0,0.0,0.0,0.03199660279774452,1.0,1.0,37.0,3.1473227000089,1.0
req_029,IS_2074_1992,0,synthetic,0.1714334494473205,8.0,2.317122133706033,5.0,0.2646274997504396,0.1814974585819872,0.1814974585819872,0.1350209271740724,4.0,2.0,0.0,0.0,0.0315546227062614,7.0,1.0,34.0,3.077535863034834,7.0
req_066,IS_73_2013_H,0,synthetic,0.2827574044796425,1.0,0.5944778270146798,6.0,0.28254052779465855,0.070969850363343,0.06654860185491107,0.04903972776881866,4.0,3.0,0.0,0.0,0.031694081800859926,5.0,1.0,13.0,2.234179500453833,5.0
req_364,IS_516_1959_H,0,synthetic,0.11629071103437043,1.0,0.9349514845533191,1.0,0.23106358219174494,0.087209590058853,0.09514662014155227,0.07092980008381095,1.0,0.0,0.0,0.006367184513796999,0.03180464295306475,1.0,1.0,67.0,1.8701766717587733,1.0
req_475,IS_8329_2000_H,1,synthetic,0.20639027262186901,2.0,0.7941829367621343,1.0,0.41579667121336733,0.16390158635149463,,0.07173203074834592,0.0,0.0,0.0,0.0,0.032534567408473644,2.0,1.0,26.0,1.8646347684614892,2.0
req_031,IS_783_1985,0,synthetic,0.2704732744736364,3.0,1.2903744832071835,4.0,0.3470999470439688,0.0293754094837859,0.0293754094837859,0.1950432279749624,1.0,0.0,0.0,0.0,0.032508466408119,3.0,1.0,41.0,3.481587571882574,3.0
req_260,IS_516_1959_H,0,synthetic,,,0.7915502348534527,1.0,0.18993807236378416,0.08621004405460146,0.09535430652537388,0.012957062786665374,1.0,0.0,0.0,0.02572787575253242,,,1.0,67.0,1.9273482107129765,
req_141,IS_1201_1220_1978,0,synthetic,0.1647123968239496,8.0,0.1382708137559544,7.0,0.1253776397832143,0.1449307749150293,0.1449307749150293,0.1701633582725974,2.0,2.0,0.0,0.2429466048825831,0.0323392103922053,3.0,1.0,48.0,2.987512555625503,3.0
req_623,IS_1642_1989_H,0,synthetic,0.095006565798197,1.0,0.9674121470502706,1.0,0.12253155912117514,0.0617154054454457,0.035636299917610366,0.09986732599063496,3.0,,0.0,,0.03160774125145271,1.0,1.0,37.0,2.70176243351803,1.0
req_524,IS_2911_Part1_Sec2_2010,0,synthetic,0.210435415836226,1.0,1.3514185362443878,2.0,0.0774093865804691,0.0826329901330371,0.0826329901330371,0.2010400528563556,1.0,1.0,0.0,0.0,0.0323873473479668,1.0,1.0,16.0,1.9273118190994207,1.0
req_399,IS_3034_1993,0,synthetic,0.1913036544064096,2.0,2.3334536508285,1.0,0.309747715896837,0.1146478452705941,0.1146478452705941,0.0767815591001934,4.0,3.0,0.0,0.0,0.0311417479219002,2.0,1.0,33.0,3.43599593650127,2.0
req_262,IS_875_Part1_1987,0,synthetic,0.2167688831542912,1.0,1.9490656030798288,1.0,0.0944032510546421,0.046323819816493,0.046323819816493,0.228442076243957,1.0,0.0,0.0,0.0,0.0321548510586083,1.0,1.0,39.0,1.881485307405592,1.0
req_031,IS_2074_1992_H,1,synthetic,0.48156188673889344,2.0,2.430314031860942,2.0,0.3805741463087671,0.19578582516643805,0.19997970992992145,0.4228021305076013,3.0,3.0,0.0,0.0007636022161164291,0.03264627259263958,2.0,1.0,34.0,2.358936108804372,2.0
req_578,IS_1200_Part1_1992_H,1,synthetic,0.171870539911009,1.0,2.1922113324096153,1.0,0.2921026241421587,0.16567778271841657,0.16380356830384088,0.07302627880742284,2.0,2.0,0.0,0.21652183975668327,,,1.0,34.0,2.420682017155836,
req_452,IS_1642_1989,0,synthetic,0.2312161285265565,1.0,0.7745997438750891,2.0,0.1496106571740128,0.1744430320903263,0.1744430320903263,0.0406766719284027,4.0,0.0,0.0,0.0,0.0311185717730594,2.0,1.0,37.0,1.9017103086230287,2.0
req_010,IS_732_2019_H,0,manual,0.14151117950844583,5.0,0.5355759472267667,6.0,,0.1051398594129567,0.09321918376281062,0.0,1.0,0.0,0.0,0.0,0.03166301102074934,5.0,1.0,7.0,2.191632209236932,5.0
req_021,IS_732_2019,0,synthetic,0.0534656520787629,8.0,1.189080964406949,5.0,0.2260267195949746,0.1916868669537944,0.1916868669537944,0.2915664296610343,4.0,1.0,0.0,0.0,0.0312128216455954,8.0,1.0,7.0,2.719455454881081,8.0
req_080,IS_2911_Part1_Sec2_2010_H,0,synthetic,0.48084301008270725,2.0,2.710144287499591,2.0,0.30814301421299856,0.32676788651444644,0.39649767062120944,0.44405599146135855,1.0,2.0,1.0,0.4244924142782098,0.03250989343513666,2.0,1.0,16.0,1.6957843001441038,2.0
req_077,IS_1489_Part1_2015_H,1,synthetic,0.1774308558350685,7.0,1.5918520470624644,6.0,0.36112281112773786,0.15659818666649908,0.1500398062158253,0.0,0.0,3.0,0.0,0.045610394163227215,0.032080908522331954,4.0,1.0,11.0,2.117741776247704,4.0
req_095,IS_383_2016_H,1,synthetic,,,0.9163804948546712,3.0,0.2496398734316035,0.1006994905517988,0.051351419704937035,0.056645582025411395,4.0,1.0,0.0,0.0,0.031349164476919385,5.0,1.0,10.0,2.944712405225918,5.0
req_130,IS_3495_Part1_1992_H,0,synthetic,0.07568126804608818,5.0,1.116272139676302,3.0,0.3262997150457355,0.09631684546913936,0.08281001976136396,0.08469797290188293,2.0,0.0,0.0,0.0,0.032611439995005057,2.0,1.0,34.0,2.320718150654727,2.0
req_137,IS_3034_1993,0,synthetic,0.1071464192403651,8.0,0.5016329955645321,8.0,0.08846492513891,0.1036794141872445,0.1036794141872445,0.0,0.0,0.0,0.0,0.0,0.0318280822790487,5.0,1.0,33.0,2.034411803794485,5.0
req_020,IS_875_Part3_2015_H,0,synthetic,0.4276090522410648,2.0,3.9693178918746614,2.0,0.5389527790346618,0.3167898700977678,0.2313888461566142,0.00861432132745662,0.0,0.0,0.0,0.0,0.03177326954567045,4.0,1.0,11.0,1.820371310443494,4.0
req_149,IS_732_2019,0,synthetic,0.0407476015812878,2.0,2.366195600611135,1.0,0.3659687061440054,0.1411359774311973,0.1411359774311973,0.0,0.0,1.0,0.0,0.2305320389863113,0.0325781535264401,1.0,1.0,7.0,1.423818068618378,1.0
req_068,IS_73_2013_H,0,synthetic,0.13199809748443556,7.0,1.4241917809652749,3.0,0.3807166739942249,0.12745513447885426,,0.1842933594362774,4.0,2.0,0.0,0.03675190624251322,0.031439659563031595,3.0,1.0,13.0,2.9870130972041435,3.0
req_504,IS_2911_Part1_Sec2_2010_H,1,synthetic,0.4513683892334395,2.0,2.6012390571031796,2.0,0.29192183521249826,0.3422435426770212,0.18853949374777565,0.3848023636800323,1.0,2.0,1.0,0.37669954119288657,0.03244710370244189,2.0,1.0,16.0,1.5228306771943452,2.0
req_632,IS_383_2016_H,1,synthetic,0.2817947157296447,2.0,2.6215888165551413,2.0,0.3324484460855528,,0.1664007254561625,0.016125850479160136,1.0,0.0,0.0,0.0,0.03243764284012719,2.0,1.0,10.0,1.7272058637356547,2.0
req_135,IS_1786_2008_H,0,synthetic,0.21772035631258768,7.0,2.2938950215004215,4.0,0.1271499859700818,0.06338264028941161,0.07303080914664102,0.031227946449260243,4.0,1.0,0.0,0.0,0.03249155454855578,2.0,1.0,18.0,2.003424263753226,2.0
req_509,IS_814_2004_H,0,synthetic,0.08970258414831839,1.0,0.7176309100544292,1.0,0.2545812918763454,0.16188998477737837,0.16189301413036336,0.0,0.0,1.0,0.0,0.01371482387377434,0.03168460809281185,1.0,1.0,22.0,2.5901470850550825,1.0
req_129,IS_875_Part5_1987_H,0,synthetic,0.4177326740580664,2.0,2.1711809077807835,1.0,0.4029796173729384,0.33849989401481945,0.3509016756295977,0.501174503474678,4.0,5.0,1.0,0.6738421088199507,0.032276070088524726,2.0,1.0,39.0,1.8378854114924605,2.0
req_088,IS_875_Part5_1987,0,synthetic,0.0869711641941927,5.0,1.628507943981845,4.0,0.1118941682959905,0.0752281812736324,0.0752281812736324,0.0382045094170606,4.0,1.0,0.0,0.0,0.0328973963196998,1.0,1.0,39.0,2.1702633541023646,1.0
req_605,IS_456_2000,1,synthetic,0.4620588218340096,1.0,4.05505919618506,1.0,0.627729085069223,0.1295020891488429,0.1295020891488429,0.8625635702433759,3.0,3.0,0.0,0.9301706771452282,0.0310382494662466,2.0,1.0,26.0,1.777155203810682,2.0
req_115,IS_1200_Part1_1992,1,synthetic,0.6019549545576918,1.0,3.287233860885216,1.0,0.2684851432679421,0.3018205177702211,0.3018205177702211,0.7883544921369523,4.0,4.0,0.0,0.0,0.032310038238768,3.0,1.0,34.0,3.542767867222393,3.0
req_094,IS_875_Part2_1987_H,0,synthetic,0.19180503737350826,3.0,0.7433661395639597,4.0,0.36848417805749256,0.12224765208285306,0.12707276265327616,0.07223755359252117,1.0,1.0,0.0,0.0,0.03225280157247972,2.0,1.0,39.0,2.133692873754466,2.0
req_292,IS_2911_Part1_Sec2_2010_H,0,synthetic,0.2990660924720392,1.0,2.185965365363223,2.0,0.5730401495707774,0.2100775476658581,0.23705933442595217,0.35591338804115463,4.0,5.0,0.0,0.33007574408949963,0.03208169770689346,2.0,1.0,16.0,2.8145311563800193,2.0
req_088,IS_8329_2000,0,synthetic,0.0265738688730716,8.0,1.6218361490099469,5.0,0.4160619004672586,0.1593859697875805,0.1593859697875805,0.2881676250827273,3.0,1.0,0.0,0.0,0.0317911911247077,8.0,1.0,26.0,1.4874255999246129,8.0
req_065,IS_458_2003,1,synthetic,0.2318799560560416,2.0,6.969443034479984,1.0,0.7640205393867205,0.1055370840793161,0.1055370840793161,0.607899888790226,3.0,2.0,0.0,0.3515716498670783,0.0324585789985341,1.0,1.0,23.0,3.5148890323031736,1.0
req_500,IS_2911_Part1_Sec2_2010_H,0,synthetic,0.24672165743345395,2.0,2.233680581546383,2.0,0.17773648948060167,0.16532997223468462,0.13891356356826312,0.09850043075611813,2.0,1.0,0.0,0.0,0.03137954793716272,1.0,1.0,16.0,1.906117128776312,1.0
req_353,IS_269_2015,1,synthetic,0.6208346740862335,1.0,4.439846986283698,1.0,0.3594011059706031,0.2183481254587247,0.2183481254587247,0.779419521453126,1.0,0.0,0.0,0.3339007939906713,0.0329706427578876,1.0,1.0,11.0,3.1459207912732525,1.0
req_586,IS_875_Part1_1987_H,1,synthetic,0.29677070802460526,2.0,2.226744574078451,2.0,0.3513791380292338,0.3348562522911166,0.3238748681786969,0.29315930051303735,3.0,3.0,0.0,0.017214915916436667,0.03264786995067755,2.0,1.0,39.0,2.865376818628922,2.0
req_109,IS_2074_1992_H,0,synthetic,0.27341141429004084,4.0,1.3447148624070027,7.0,,0.08243871147169626,0.07879638779707002,0.052359969110728904,1.0,3.0,0.0,0.1530573427859122,0.03224009277421603,4.0,1.0,34.0,2.840877493353474,4.0
req_428,IS_2062_2011_H,0,synthetic,0.20122122672465123,2.0,1.3348167711521106,2.0,0.2961291379725771,0.1459184371255086,0.12548864872296472,0.001896346554949771,0.0,0.0,0.0,0.0,0.032301156787817926,1.0,1.0,15.0,2.9143443751622105,1.0
req_043,IS_732_2019,0,synthetic,0.2689453511651397,3.0,1.5294921971142177,8.0,0.2804170642684404,0.1663495366017906,0.1663495366017906,0.0,0.0,1.0,0.0,0.0,0.0321919632703488,3.0,1.0,7.0,1.901595888042855,3.0
req_197,IS_1904_1986_H,0,synthetic,0.22955248931301422,2.0,2.2170628804172754,1.0,0.33322351729974903,0.1756333309006904,0.17884448248241372,0.04876746683149305,0.0,1.0,0.0,0.009370209085385082,0.03180811387037263,1.0,1.0,40.0,2.3765109371618505,1.0
req_599,IS_8329_2000_H,0,synthetic,0.17373636807791698,1.0,1.5756101408998626,2.0,0.26465234354019457,0.05660249683653262,0.057706526743486634,0.05753749183411891,0.0,3.0,0.0,0.0,0.031982168276679865,1.0,1.0,26.0,1.9534005564273829,1.0
req_568,IS_1200_Part1_1992,1,synthetic,0.3505774091577192,1.0,5.907522548570635,1.0,0.5525880988459817,0.1069658943272503,0.1069658943272503,0.976343244695127,2.0,2.0,1.0,0.8396936795030181,0.0320861603101646,1.0,1.0,34.0,2.1980301060979963,1.0
req_585,IS_1786_2008,0,synthetic,0.2795922505162153,1.0,0.4051440370709587,2.0,0.1742486865284899,0.1239836668208473,0.1239836668208473,0.2289364125415885,1.0,0.0,0.0,0.0,0.0319975194167953,1.0,1.0,18.0,1.9750701328279088,1.0
req_479,IS_456_2000,0,synthetic,0.2633348744283841,1.0,3.4350430485826915,1.0,0.3058876451607489,0.1363636363636363,0.1363636363636363,0.0,0.0,0.0,0.0,0.0,0.032258064516129,1.0,1.0,26.0,3.6666666666666665,1.0
req_218,IS_732_2019,0,synthetic,0.1717528830012288,2.0,2.15254615430975,1.0,0.3678836036909794,0.125,0.125,0.0,0.0,0.0,0.0,0.0,0.032258064516129,1.0,1.0,7.0,1.719298245614035,1.0
req_200,IS_3067_1988,0,synthetic,0.0951815926945997,2.0,1.7599127104550756,2.0,0.2658449803480873,0.0425306531228424,0.0425306531228424,0.1600434089305141,1.0,3.0,0.0,0.0,0.0328832139757371,1.0,1.0,38.0,1.6123565271669735,1.0
req_067,IS_1642_1989_H,1,synthetic,0.4213732044601933,2.0,,,0.33374639979897536,0.29955032020208505,0.28574415497049444,0.5454187775008233,4.0,4.0,0.0,0.013301089689078541,0.03267133931821238,4.0,1.0,37.0,1.6011133606852752,4.0
req_103,IS_1893_Part1_2016_H,0,synthetic,0.13816047630504474,4.0,1.281505053722046,5.0,0.17710494091271053,0.0748006847158612,0.06197079487221602,0.10918540168168205,2.0,0.0,0.0,0.0,,,1.0,10.0,2.301255857579392,
req_099,IS_456_2000_H,1,synthetic,0.12838845717246686,4.0,1.0037618814289506,5.0,0.2145142951326487,0.12050912082263661,0.1205315463286844,0.07893879499130324,0.0,1.0,0.0,0.0,0.031324361753241915,3.0,1.0,26.0,2.460651959570037,3.0
req_047,IS_1200_Part1_1992_H,0,synthetic,0.07534599025101117,7.0,1.1937852884061058,7.0,0.16747548424067463,0.07003728604026857,0.08492382620459812,0.1069876328273557,1.0,1.0,0.0,0.1421657848747668,0.03188427287596802,4.0,1.0,34.0,2.792602425586984,4.0
req_125,IS_458_2003_H,1,synthetic,0.2848953861008842,2.0,3.5099768127926896,2.0,0.6085818364861703,0.10065500548219279,0.12262952856821954,0.006832299998203586,0.0,0.0,0.0,,0.03188083969267391,3.0,1.0,23.0,2.1031588169543025,3.0
req_081,IS_875_Part5_1987,0,synthetic,0.2962774576318208,3.0,2.726793145410502,1.0,0.1037046238029001,0.0788150533313428,0.0788150533313428,0.0930508480191436,3.0,0.0,0.0,0.0,0.0314772747763679,4.0,1.0,39.0,1.824527421240509,4.0
req_247,IS_3043_2018_H,0,synthetic,0.11851238999539421,1.0,2.3621039119472536,2.0,0.3883950264943721,0.13117117614718318,0.11136461872016545,0.06371106805976715,0.0,0.0,0.0,0.015916302407913387,0.0320893719802034,1.0,1.0,8.0,2.5500347324695087,1.0
req_017,IS_1077_1992_H,1,manual,0.2726731641008064,2.0,2.8272913092507364,2.0,0.4612400820432865,0.2229367694348519,0.2275357953656403,0.0,0.0,0.0,0.0,0.001038772235914277,0.03250178093041049,2.0,1.0,34.0,1.870575751172677,2.0
req_241,IS_3034_1993,1,synthetic,0.2299904889854233,1.0,6.774448044003914,1.0,0.5589258598633504,0.3279049079509494,0.3279049079509494,0.9304840547288752,3.0,3.0,0.0,0.0,0.0328316873419442,1.0,1.0,33.0,1.3708982879350835,1.0
req_575,IS_2074_1992,0,synthetic,0.3030393635142891,1.0,0.9120582095040471,2.0,0.3529778565231911,0.1079517980960867,0.1079517980960867,0.1382486995344615,4.0,2.0,0.0,0.0,0.0312799170571612,2.0,1.0,34.0,2.5343838725056003,2.0
req_131,IS_3043_2018_H,1,synthetic,0.2936023230155348,4.0,1.0666520463732365,3.0,0.17084533605998253,0.08546376858414335,0.09738437866201816,0.2616814792733862,2.0,0.0,0.0,0.0,0.03187919522318465,3.0,1.0,8.0,2.166468048656841,3.0
req_280,IS_458_2003_H,0,synthetic,0.08762787879382,1.0,,,0.17614111973768554,0.15975895335015955,0.11057940999518003,0.08640802845014786,2.0,0.0,0.0,0.0,0.03244872768511933,2.0,1.0,23.0,2.3873305868432886,2.0
req_230,IS_694_2010_H,0,synthetic,0.24120491347322076,2.0,0.6619915075609762,1.0,0.2328364685718562,0.1691980940634593,0.09808235836242057,0.0038713640236579857,0.0,3.0,0.0,0.017366945578867154,0.03254394714992805,2.0,1.0,16.0,2.837383404656626,2.0
req_011,IS_732_2019_H,0,manual,0.17786501007915947,3.0,1.8682555709980324,4.0,0.3680721670910467,0.13306364398132733,0.08844861629660992,0.0,0.0,0.0,0.0,0.0,0.03213929763419947,4.0,1.0,7.0,1.8830942967786877,4.0
req_066,IS_1489_Part1_2015_H,1,synthetic,0.0769479785384243,6.0,1.7065554607967255,3.0,0.24420237025978486,0.12320199809307565,0.12786628694190016,0.04282238254307896,0.0,0.0,0.0,0.0,0.03155856650372334,7.0,1.0,11.0,2.0608242250111295,7.0
req_449,IS_1201_1220_1978,0,synthetic,0.0336547102949655,2.0,0.1053991576811151,2.0,0.1597760242666388,0.1899361306632333,0.1899361306632333,0.0307762940363282,4.0,2.0,0.0,0.0995187644980022,0.0316814118651205,2.0,1.0,48.0,3.518919461374993,2.0
req_547,IS_1346_1991,0,synthetic,0.2524916905421273,1.0,2.5734847072070504,1.0,0.3978552606540513,0.1524507088283626,0.1524507088283626,0.0,0.0,0.0,0.0,0.0,0.0329962457368109,1.0,1.0,35.0,2.3741718108569927,1.0
req_322,IS_15911_2010_H,0,synthetic,0.23147288567037416,2.0,4.3885653341287405,2.0,0.3040741099597132,0.1251409267083561,0.07083098559690934,0.002116096375261446,1.0,1.0,0.0,0.0,0.032546874948676925,2.0,1.0,16.0,,2.0
req_059,IS_783_1985_H,0,synthetic,0.42774976452051217,2.0,4.407697011991628,2.0,0.4198431477974602,0.20668431839625934,0.21224954127892576,0.5216031755257494,4.0,4.0,0.0,0.39487396745303804,0.03203265275321699,6.0,1.0,41.0,2.9446523319081126,6.0
req_410,IS_1893_Part1_2016,0,synthetic,0.1695126514121585,2.0,1.9923194790766048,1.0,0.2486375261784998,0.0692164814083893,0.0692164814083893,0.0731192718225415,2.0,2.0,0.0,0.0,0.0328437362998631,1.0,1.0,10.0,2.444366095243301,1.0
req_252,IS_12269_2013,0,synthetic,0.1085315488999149,2.0,1.1241777879440702,2.0,0.265782352733632,0.0309762324079117,0.0309762324079117,0.0411708051396194,1.0,2.0,0.0,0.3096283806787377,0.0322615087776495,1.0,1.0,13.0,3.1350949945121496,1.0
req_635,IS_383_2016_H,0,synthetic,0.21438510659297302,2.0,2.078689239235813,1.0,0.1363980371591691,0.13780691004793427,0.15920898990971583,0.22782709507184104,4.0,3.0,0.0,,0.03253838569475131,2.0,1.0,10.0,3.1031829237258264,2.0
req_207,IS_1200_Part1_1992_H,0,synthetic,0.22261487514608924,1.0,2.4065773155865617,2.0,0.24995084060101777,0.09401421800624639,0.07539018299908364,0.022969800537070522,3.0,0.0,0.0,0.0,0.03176353729852925,1.0,1.0,34.0,3.0777688593921773,1.0
req_120,IS_875_Part5_1987_H,1,synthetic,0.26574859420393715,2.0,1.3372981706738922,4.0,0.16344751007538355,0.07371869998024394,0.05512124896511809,0.17787523266419217,4.0,0.0,0.0,0.0,0.03149046171679625,5.0,1.0,39.0,1.8663097322352264,5.0
req_003,IS_269_2015_H,0,manual,,,2.5613332626729397,4.0,0.31864709840775607,0.13834690924443796,0.1464809296790841,0.009341874551323192,2.0,1.0,0.0,0.7132079021210452,0.032149589037016174,4.0,1.0,11.0,2.0539259245273382,4.0
req_140,IS_9595_1996,0,synthetic,0.2048946013054794,4.0,0.8404558557804408,6.0,0.3751512114051009,0.1483217632510696,0.1483217632510696,0.0235636822291058,4.0,3.0,0.0,0.0,0.0321355786045163,3.0,1.0,30.0,1.468353009672462,3.0
req_091,IS_2212_1991_H,0,synthetic,0.10899735705415552,7.0,2.303739964831238,1.0,0.16653676066043896,0.1322813431770303,0.13142835498124555,0.2014766064416884,3.0,2.0,0.0,0.03821705902976809,0.03252358319726698,3.0,1.0,35.0,2.874704528859572,3.0
req_078,IS_875_Part5_1987,1,synthetic,0.2789917574870807,1.0,4.173894307043514,1.0,0.7955110313513687,0.2382857413206825,0.2382857413206825,0.5374376045982007,1.0,1.0,0.0,0.0,0.0323091759288375,2.0,1.0,39.0,1.8384148045904056,2.0
req_489,IS_458_2003_H,0,synthetic,0.16107031016263115,1.0,1.1105969988566415,1.0,0.19980851683477305,0.15588655757107597,0.1650944334257026,0.0,0.0,2.0,0.0,0.017743537428706022,0.032050647964683036,1.0,1.0,23.0,,1.0
req_102,IS_1489_Part1_2015,0,synthetic,0.2112614367259992,4.0,2.486816061651428,4.0,0.270556354558535,0.1378272770409687,0.1378272770409687,0.1090027432709433,2.0,1.0,0.0,0.0780213400387101,0.0321203016902121,3.0,1.0,11.0,2.706431228741148,3.0
req_032,IS_10262_2019_H,0,synthetic,0.3011099924293389,1.0,1.7263417598315207,3.0,0.12386238862682278,0.17404634657257284,0.17954093155522244,0.0,0.0,1.0,0.0,0.0,0.031479748966930544,3.0,1.0,7.0,2.6272131488990143,3.0
req_067,IS_3043_2018,0,synthetic,0.3011479289606743,3.0,2.691921034926208,2.0,0.0880996417717671,0.1999229612632061,0.1999229612632061,0.2086878857114945,2.0,0.0,0.0,0.0,0.031478661917926,8.0,1.0,8.0,2.005795270744396,8.0
req_194,IS_1893_Part1_2016,0,synthetic,0.1427632271654043,2.0,0.6747245370665752,2.0,0.1203278015322446,0.0417342453259149,0.0417342453259149,0.1371138024878966,2.0,0.0,0.0,0.0,0.0312155314945749,2.0,1.0,10.0,2.224005311051576,2.0
req_510,IS_2911_Part1_Sec2_2010_H,0,synthetic,0.24108680598820798,1.0,2.2695076513103962,2.0,0.16750073062561008,0.06597887371868753,0.08033736463041359,0.059454723035104864,3.0,,0.0,0.12398181141303727,0.03215779020300457,2.0,1.0,16.0,2.505668537575736,2.0
req_455,IS_3067_1988_H,0,synthetic,0.13216338442826187,1.0,0.5955840967173136,1.0,0.26545215407280676,0.12894955220078053,0.06794927482884432,0.15726264583929747,4.0,1.0,0.0,0.004844335432509624,0.0320189302459761,1.0,1.0,38.0,2.18408345513512,1.0
req_060,IS_694_2010,0,synthetic,0.0279941464891499,8.0,1.3025821101424222,8.0,0.4364989854305409,0.1609227184576558,0.1609227184576558,0.0682629675896468,3.0,3.0,0.0,0.1681570743000449,0.0324423656704982,4.0,1.0,16.0,3.070324405109456,4.0
req_110,IS_3034_1993_H,1,synthetic,0.42858623709497323,2.0,4.496295747738203,2.0,0.595899730663028,0.3023142018633757,0.3086734699860644,,0.0,1.0,1.0,0.0014178311315619376,0.0312832479402064,5.0,1.0,33.0,2.034382448877189,5.0
req_203,IS_3067_1988_H,0,synthetic,0.3203835854750368,2.0,4.386566553168253,2.0,0.48040666789729747,0.10630241478476568,0.1065841968227972,0.4797412721324082,1.0,1.0,0.0,0.5384939582403887,0.03255928211515076,2.0,1.0,38.0,2.6252355790144937,2.0
req_017,IS_2212_1991,0,manual,0.1411738163336649,5.0,1.2117128499330216,3.0,0.1631784879661263,0.125,0.125,0.0,0.0,0.0,0.0,0.0,0.0320020481310803,5.5,1.0,35.0,1.8350515463917525,5.5
req_274,IS_456_2000,0,synthetic,0.1921514734579656,2.0,1.3780894678863145,1.0,0.3244428422615251,0.1481481481481481,0.1481481481481481,0.0,1.0,0.0,0.0,0.0,0.032258064516129,1.0,1.0,26.0,1.626086956521739,1.0
req_604,IS_2932_1974_H,0,synthetic,0.29830634384892335,2.0,0.7062513993322941,1.0,0.10057505619646015,0.13338118464648,0.09316344492014293,0.00201132976436549,0.0,1.0,0.0,0.0,0.03181209747473505,1.0,1.0,52.0,2.649485168107852,1.0
req_502,IS_1489_Part1_2015_H,0,synthetic,0.1803420882166853,1.0,,,0.3441412349176983,,0.1493512837126446,0.0,4.0,0.0,0.0,0.016706972731774475,0.03146794928336812,1.0,1.0,11.0,,1.0
req_459,IS_458_2003_H,0,synthetic,0.1594681811010561,1.0,0.727134909677916,1.0,0.3851540738656913,0.14400235857336466,0.13571407349307377,0.07220493490681856,0.0,0.0,0.0,0.0,0.031851992168107295,2.0,1.0,23.0,2.442632887147009,2.0
req_104,IS_458_2003,0,synthetic,0.139360998936579,7.0,0.9271475971929816,6.0,0.1606111522441114,0.1648634295464078,0.1648634295464078,0.0,0.0,2.0,0.0,0.0,0.0320245892450051,5.0,1.0,23.0,3.231224913511512,5.0
req_148,IS_1786_2008,0,synthetic,0.0722036088900285,2.0,0.152486194342078,2.0,0.1889822365046136,0.1071428571428571,0.1071428571428571,0.0,1.0,0.0,0.0,0.0,0.03125,1.0,1.0,18.0,2.6875,1.0
req_048,IS_1077_1992_H,0,synthetic,0.14039611867807944,5.0,2.3652696584577417,4.0,0.3058992575780737,0.0769763985634935,0.07361787945371091,0.05293044793629631,0.0,0.0,0.0,0.03777384763863135,0.03229319447640708,4.0,1.0,34.0,1.6901155602762858,4.0
req_035,IS_458_2003_H,0,synthetic,0.14924071145979145,5.0,0.8718131709570444,3.0,0.325367914075746,0.13905339382390508,0.07862938583469614,0.2005350976765382,2.0,0.0,0.0,0.01382935352948619,0.032204323346205946,2.0,1.0,23.0,2.5722662133990974,2.0
req_272,IS_1893_Part1_2016_H,0,synthetic,0.23885614804570732,2.0,2.518743429200831,1.0,0.22311708843727157,0.17398056130879017,0.17569054375944795,0.09633513928057674,2.0,2.0,0.0,0.0,0.03142037306078037,1.0,1.0,10.0,2.3987494337781508,1.0
req_062,IS_875_Part2_1987_H,1,synthetic,0.18764721494780928,3.0,1.6431299492786655,5.0,0.34670868854146386,0.11456925542725255,0.15347083236973036,0.18639280861831647,1.0,0.0,0.0,0.16147876062025232,0.03234660599714695,3.0,1.0,39.0,3.239674788443094,3.0
req_044,IS_458_2003_H,0,synthetic,0.19276490510209582,5.0,1.470305373358596,3.0,0.3817880041937161,0.05549716968382634,0.05548298265400051,,2.0,2.0,0.0,0.16560017600064128,0.03248612188803827,4.0,1.0,23.0,2.1214109880616903,4.0
req_036,IS_269_2015_H,1,synthetic,0.08319902915223512,5.0,1.0850878235847867,5.0,0.30145892274754105,0.1639184015097262,0.17377290456189298,0.17416066537317332,3.0,0.0,0.0,0.0,0.0315869306373572,5.0,1.0,11.0,2.852206214195544,5.0
req_237,IS_1642_1989_H,1,synthetic,0.2672171529194514,2.0,1.1673421105525572,1.0,0.17700976890723538,0.08241474289592257,0.11456512077142196,0.11508716654510877,1.0,2.0,0.0,0.023458111158265155,0.03270733131481574,2.0,1.0,37.0,2.504779605630318,2.0
req_034,IS_2911_Part1_Sec2_2010,0,synthetic,0.0957435171478917,4.0,2.405910449188412,3.0,0.086775727697219,0.0317618183205078,0.0317618183205078,0.1731063469412454,2.0,0.0,0.0,0.0,0.0326222841525501,1.0,1.0,16.0,3.4804452595413733,1.0
req_071,IS_875_Part5_1987_H,1,synthetic,0.3077065257941838,2.0,4.626841472286488,2.0,0.3570885750152511,0.17277335015677303,0.15290204141141175,0.02598651211351444,0.0,0.0,0.0,0.3356884803225593,0.03145739231691224,6.0,1.0,39.0,2.1439395553976026,6.0
req_636,IS_1200_Part1_1992_H,1,synthetic,0.12486411918514534,1.0,0.8268100983533426,1.0,0.16216985266104694,0.06018824831297422,0.0627227046665992,0.0,0.0,0.0,0.0,0.0,0.03181392894274507,1.0,1.0,34.0,2.0375981639263254,1.0
req_165,IS_1200_Part1_1992,0,synthetic,0.1408552319905462,2.0,2.086936791188592,1.0,0.3248284824482932,0.177917124229914,0.177917124229914,0.098186784048279,2.0,2.0,0.0,0.2709473516531926,0.0324618638749741,1.0,1.0,34.0,2.3273557531973363,1.0
req_156,IS_800_2007,0,synthetic,0.2448706713730799,1.0,1.2019600853246677,2.0,0.3903600291794132,0.1851851851851851,0.1851851851851851,0.0,0.0,0.0,0.0,0.0,0.0320020481310803,1.0,1.0,19.0,2.2872340425531914,1.0
req_024,IS_456_2000,0,synthetic,0.2979554220678,3.0,2.1876186668632465,3.0,0.1569521838682373,0.1453864706480292,0.1453864706480292,0.1985613935852235,4.0,3.0,0.0,0.0,0.0314354017968283,5.0,1.0,26.0,1.3874357362171537,5.0
req_558,IS_2911_Part1_Sec2_2010,0,synthetic,0.0957435171478917,2.0,2.405910449188412,1.0,0.086775727697219,0.0317618183205078,0.0317618183205078,0.1731063469412454,2.0,0.0,0.0,0.0,0.0326222841525501,1.0,1.0,16.0,3.4804452595413733,1.0
req_005,IS_516_1959_H,0,manual,0.12865638325020695,5.0,0.6614251688300357,6.0,0.17652094106191407,0.08295054038993904,0.09333880262280742,0.04324587102765004,1.0,0.0,0.0,,0.031833929126037074,5.0,1.0,67.0,1.9738640457549967,5.0
req_109,IS_2932_1974,0,synthetic,0.1319391544700972,8.0,2.655975545061961,1.0,0.2669449169833544,0.1199125542152471,0.1199125542152471,0.0,0.0,0.0,0.0,0.2088292106086655,0.0328939587784577,1.0,1.0,52.0,1.9660242080213448,1.0
req_008,IS_2911_Part1_Sec1_2010_H,0,manual,0.2195433253357239,5.0,1.1717909795605856,6.0,0.27758611194803956,0.17165899771292675,0.15814468209354465,0.03293780550156562,0.0,0.0,0.0,0.0,0.03176719683603416,5.0,1.0,16.0,1.7882900685276388,5.0
req_331,IS_73_2013_H,1,synthetic,0.4116762693863231,2.0,2.4712991592862132,2.0,0.4227240276158472,0.3449970863405346,0.36808850703035273,0.7463461060838407,2.0,2.0,0.0,0.847080005540552,0.0316659464070574,1.0,1.0,13.0,2.4937671107998702,1.0
req_025,IS_2911_Part1_Sec1_2010,0,synthetic,0.1099991239396286,7.0,0.8511050093747838,7.0,0.3482644418899048,0.0330577606087683,0.0330577606087683,0.2995363322563327,2.0,3.0,0.0,0.0,0.031426308624534,8.0,1.0,16.0,1.8732209746634432,8.0
req_320,IS_814_2004_H,0,synthetic,0.059215640292357555,1.0,1.1413948074404119,1.0,0.2634680221226241,0.16956315306722883,0.1881874536366187,0.005637996930947152,0.0,1.0,0.0,0.009319037416562434,0.031632024914222116,1.0,1.0,22.0,2.653723485309593,1.0
req_094,IS_12269_2013,1,synthetic,0.2165355222539926,1.0,2.062908264799129,2.0,0.4482062949802627,0.153670615787593,0.153670615787593,0.7278195062154402,2.0,3.0,1.0,0.0,0.0310611263847639,6.0,1.0,13.0,2.125296889607972,6.0
req_002,IS_15911_2010,0,manual,0.2424955647004153,2.0,5.071148329977193,1.0,0.2672612419124244,0.1212121212121212,0.1212121212121212,0.0,1.0,1.0,0.0,0.0,0.0327868852459016,1.0,1.0,16.0,1.524822695035461,1.0
req_388,IS_814_2004,1,synthetic,0.3164970742771172,1.0,6.017586031269824,1.0,0.3005478167069549,0.2279253519367726,0.2279253519367726,0.8479692897094833,1.0,0.0,1.0,0.0,0.0326514104887697,1.0,1.0,22.0,2.870548487467264,1.0
req_196,IS_2074_1992_H,0,synthetic,0.22427459846605272,2.0,2.4557156596995697,2.0,0.33123944821612344,0.08959159732088247,0.10689346381215865,0.13036673733322574,3.0,2.0,0.0,0.0,0.03165165148510996,1.0,1.0,34.0,1.6013667542934307,1.0
req_557,IS_1786_2008,0,synthetic,0.1237248462372511,2.0,1.877442369818707,2.0,0.1977994131367529,0.1710259438213617,0.1710259438213617,0.0163698345683027,3.0,3.0,0.0,0.0,0.032697691149552,1.0,1.0,18.0,3.251897205898256,1.0
req_516,IS_694_2010,0,synthetic,0.0279941464891499,2.0,1.3025821101424222,2.0,0.4364989854305409,0.1609227184576558,0.1609227184576558,0.0682629675896468,3.0,3.0,0.0,0.1681570743000449,0.0324423656704982,1.0,1.0,16.0,3.070324405109456,1.0
req_128,IS_1642_1989,0,synthetic,0.2443035971807968,5.0,2.3710127768409226,2.0,0.4207477979711301,0.1340996785457086,0.1340996785457086,0.0162383846300469,4.0,2.0,0.0,0.0,0.032129825787985,2.0,1.0,37.0,2.018054324989347,2.0
req_139,IS_1642_1989,0,synthetic,0.287640675328327,1.0,0.864509054061645,4.0,0.1189437122456179,0.0697969169602516,0.0697969169602516,0.2013372125871125,1.0,2.0,0.0,0.0551236051751144,0.0329165961090169,1.0,1.0,37.0,2.565120544344504,1.0
req_137,IS_2212_1991_H,0,synthetic,0.2226580185141258,3.0,1.6831005123253169,6.0,0.40318244643735435,0.13247207134116823,0.1319399092369064,0.1791210493363585,2.0,3.0,0.0,0.030959457042899444,0.03258166243513606,3.0,1.0,35.0,,3.0
req_081,IS_1642_1989,1,synthetic,0.6623138771745696,1.0,2.403130224030715,3.0,0.5867632369313972,0.1003605892839828,0.1003605892839828,0.4569657343577246,1.0,0.0,0.0,0.2585129523491447,0.0316934102553577,3.0,1.0,37.0,2.4654736797513044,3.0
req_591,IS_2911_Part1_Sec2_2010,0,synthetic,0.1665733540546362,1.0,2.110769262425029,2.0,0.3231498291730744,0.1362625219533714,0.1362625219533714,0.2378798604396952,2.0,2.0,0.0,0.0775587401653855,0.0316124120602601,2.0,1.0,16.0,2.616655625531063,2.0
req_628,IS_1489_Part1_2015_H,0,synthetic,0.2111906616029431,2.0,1.7112482836862049,2.0,0.2890188912838968,0.060149366845052774,0.04288663965461789,0.05470426111673751,0.0,0.0,0.0,0.02781571440015845,0.031400282107632765,1.0,1.0,11.0,2.0639240509421986,1.0
req_105,IS_2062_2011_H,1,synthetic,0.3694735527372205,2.0,3.6886397650536176,2.0,0.5685251505082194,0.2686481782988836,0.26660176373217825,0.0,0.0,1.0,0.0,0.7104274775404915,0.03173639764721814,3.0,1.0,15.0,2.377714031695238,3.0
req_043,IS_2911_Part1_Sec2_2010_H,0,synthetic,0.1668974555065361,5.0,2.450002328448151,4.0,0.3790848774018911,0.0728545912870566,0.07533053823789063,0.11958786309464464,4.0,1.0,0.0,0.004618329101734776,0.03181389525227218,7.0,1.0,16.0,1.8885250373209415,7.0
req_348,IS_2911_Part1_Sec1_2010,0,synthetic,0.0444505962343651,2.0,1.8412945021172675,1.0,0.4158660465734192,0.0758417127593261,0.0758417127593261,0.038685497481468,4.0,2.0,0.0,0.0,0.0321178441401821,2.0,1.0,16.0,2.762209168899101,2.0
req_369,IS_2911_Part1_Sec2_2010_H,1,synthetic,0.2522821373200636,2.0,2.1686453008678357,2.0,0.16011081109341832,0.15035657660672122,0.1721042958402823,0.10899296653921439,2.0,1.0,0.0,0.01841371053344784,0.0313112980203642,1.0,1.0,16.0,2.0715168059192086,1.0
req_344,IS_2062_2011_H,0,synthetic,0.29190913981109445,2.0,1.492575669563231,1.0,0.1316061991086614,0.1412209065951242,0.116288953749538,0.138770511424562,1.0,1.0,0.0,0.0229847585149716,0.031730781273071676,1.0,1.0,15.0,1.9491953555795394,1.0
req_271,IS_1893_Part1_2016_H,0,synthetic,0.25141730635487647,2.0,0.6047308230207227,1.0,0.35187550964586295,0.17413442463137174,0.16866441891565098,0.10086342251575253,3.0,0.0,0.0,0.0,0.0324519811579815,2.0,1.0,10.0,2.246621039330462,2.0
req_242,IS_2932_1974_H,0,synthetic,0.2658530991878062,2.0,0.9754491530548662,1.0,0.1387563320032855,0.08781131485945463,0.11743912024417108,0.04791482441018869,0.0,1.0,0.0,0.0,,,1.0,52.0,2.5126482402228976,
req_181,IS_9595_1996_H,0,synthetic,0.34238088076319484,2.0,3.47241429310556,2.0,0.5117977685976414,0.2150940692988913,0.18969003204617665,0.6893242488406662,1.0,2.0,0.0,0.19855510377508545,0.0320295166528659,2.0,1.0,30.0,2.973126056178143,2.0
req_115,IS_1200_Part1_1992_H,1,synthetic,0.4914731771093597,2.0,2.835347906455311,2.0,0.2534627321089087,0.24081931417028132,0.2514985001156423,0.5646039631617698,4.0,4.0,0.0,0.0,0.03222766599978258,4.0,1.0,34.0,3.184024120368429,4.0
req_293,IS_2932_1974_H,1,synthetic,0.413848955146012,2.0,2.6310031078408485,2.0,0.3216931334608324,0.24473553798225198,0.25371263155113766,0.531869403189439,3.0,3.0,1.0,0.020652409802606332,0.03199738649500476,2.0,1.0,52.0,2.367088956923904,2.0
req_093,IS_2074_1992,0,synthetic,0.0883872240805302,6.0,0.806369275424818,8.0,0.3449266930794369,0.1593255620349064,0.1593255620349064,0.2186398239808664,1.0,1.0,0.0,0.0,0.0318834331961183,7.0,1.0,34.0,3.39656709273404,7.0
req_125,IS_458_2003,1,synthetic,0.3043690467467507,1.0,4.355308607427025,1.0,0.7393720288399066,0.1095840171961626,0.1095840171961626,0.0,0.0,0.0,0.0,0.0,0.0318319064054195,4.0,1.0,23.0,2.117311329517413,4.0
req_417,IS_13920_2016,1,synthetic,0.5728326375169979,1.0,4.2764790202009015,1.0,0.6779093716228115,0.2698980443154009,0.2698980443154009,0.0,0.0,1.0,1.0,0.9590617322275796,0.0325664539919607,1.0,1.0,10.0,3.28740513323562,1.0
req_025,IS_2074_1992_H,0,synthetic,0.20630780010340044,4.0,0.9889436408225243,5.0,0.2937571635412206,0.09384697209993222,0.08845171082149943,0.21347300858988,2.0,1.0,0.0,0.02236357436354696,0.031878648235280645,3.0,1.0,34.0,2.0808376906514163,3.0
req_063,IS_814_2004_H,0,synthetic,0.25714113756627893,2.0,1.4659189129721435,5.0,0.1317966895661017,,0.11340604205044151,0.033476450246678405,,0.0,0.0,0.014307479136983542,0.031252647533032814,7.0,1.0,22.0,2.1863447537335934,7.0
req_278,IS_269_2015_H,1,synthetic,0.18464365886323278,1.0,1.9350874249568555,2.0,0.12393555034016204,0.15145591886743084,0.1479594552393267,0.029020560936146276,0.0,3.0,0.0,0.01778270341100165,0.0321861292772292,2.0,1.0,11.0,3.099497939864634,2.0
req_051,IS_458_2003,1,synthetic,0.3250016057945035,1.0,5.134130988263125,1.0,0.7307643197787304,0.2851800758070395,0.2851800758070395,0.0,0.0,0.0,0.0,0.8223376227187682,0.0328106124179564,1.0,1.0,23.0,1.5962693415802702,1.0
req_092,IS_1200_Part1_1992_H,1,synthetic,0.5570673960879473,2.0,4.482838154472792,2.0,0.29706733386420764,0.21066068591706402,0.22419529082502446,0.6995131971880479,3.0,3.0,0.0,0.026090025851801563,0.03169095204636516,4.0,1.0,34.0,3.094209235839986,4.0
req_347,IS_1489_Part1_2015,0,synthetic,0.0798076019994183,2.0,0.3121079260214439,1.0,0.2946278254943948,0.0714285714285714,0.0714285714285714,0.0,2.0,0.0,0.0,0.0,0.03125,2.0,1.0,11.0,2.5789473684210527,2.0
req_025,IS_13920_2016,0,synthetic,0.0223469321456473,8.0,2.2787467850790657,4.0,0.1627452884019909,0.1394099686938939,0.1394099686938939,0.0,0.0,1.0,0.0,0.0374625921982961,0.0315446964246296,7.0,1.0,10.0,2.6713500935210264,7.0
req_526,IS_875_Part5_1987_H,0,synthetic,0.2701341215624853,2.0,1.3181921253888598,1.0,0.1830023017132633,0.05458433330001237,0.04362707330639582,0.18971786362401874,4.0,0.0,0.0,0.012427335051917125,0.0314851588359085,1.0,1.0,39.0,1.8935069101109783,1.0
req_590,IS_694_2010_H,0,synthetic,0.10225933125087835,1.0,1.5279982258608307,1.0,0.35759064980821,0.165462046510247,,0.016286870457204717,3.0,3.0,0.0,0.05680100508605368,0.03237302113570918,2.0,1.0,16.0,2.8986700202814144,2.0
req_130,IS_1489_Part1_2015,0,synthetic,0.1769797644399593,4.0,0.6871753097629557,5.0,0.2380407954413236,0.1513862450317619,0.1513862450317619,0.0,0.0,0.0,0.0,0.0,0.0320535981810611,5.0,1.0,11.0,1.8503224097211,5.0
req_471,IS_456_2000_H,1,synthetic,0.2359789961956613,2.0,5.509496520462806,2.0,0.37325490241577236,0.3442709906965706,0.3569657409655176,0.7410924562034193,4.0,5.0,0.0,0.41001115362214674,0.03251369299197289,2.0,1.0,26.0,2.127168739609159,2.0
req_016,IS_9595_1996,1,manual,0.0783540230184698,6.0,0.2625115854987158,6.0,0.2575131013123024,0.12,0.12,0.0,0.0,0.0,0.0,0.0,0.0317460317460317,5.0,1.0,30.0,1.935185185185185,5.0
req_144,IS_2212_1991_H,0,synthetic,0.1755926120707746,2.0,1.8774012918751866,1.0,0.4110346488204827,0.1564835619990852,0.08572508697100947,0.3040482387351225,2.0,3.0,0.0,0.003301368529370921,0.032541471248545964,2.0,1.0,35.0,1.9297408492088084,2.0
req_286,IS_12269_2013,0,synthetic,0.0541864912115485,2.0,1.8614990704395928,1.0,0.2406884313103792,0.1938649519908394,0.1938649519908394,0.1165917782738247,1.0,3.0,0.0,0.0,0.0317039698488342,2.0,1.0,13.0,2.325972377514856,2.0
req_320,IS_814_2004,0,synthetic,0.0277740022592429,2.0,0.4802369409969096,2.0,0.2522755624254407,0.1844376510463736,0.1844376510463736,0.0,0.0,1.0,0.0,0.0,0.0314291408508474,2.0,1.0,22.0,2.68791137949456,2.0
req_063,IS_2212_1991,0,synthetic,0.154020656541936,8.0,0.7109338318481984,8.0,0.1751463743582203,0.1248429352798972,0.1248429352798972,0.0784659452446178,3.0,0.0,0.0,0.0,0.0323355722295973,5.0,1.0,35.0,2.343678228713534,5.0
req_033,IS_1077_1992,0,synthetic,0.1175042503666278,8.0,1.3395173073153313,8.0,0.185478236132199,0.066503433594562,0.066503433594562,0.2103551250996604,1.0,3.0,0.0,0.0035528900535369,0.031171225923916,8.0,1.0,34.0,2.9421754606448567,8.0
req_625,IS_1642_1989,0,synthetic,0.2393357701426322,2.0,1.7976132153213384,2.0,0.3346252511169137,0.0225351552113236,0.0225351552113236,0.1703343667262818,1.0,1.0,0.0,0.0,0.0327122930085469,1.0,1.0,37.0,3.358050490192342,1.0
req_065,IS_814_2004_H,0,synthetic,0.13389093120476558,4.0,2.1778952542320913,6.0,0.25132998393866385,0.06251484694430345,0.08027005782438654,0.022079469911170338,0.0,,0.0,0.03115754408641255,0.03191604886122305,3.0,1.0,22.0,2.7595942369475104,3.0
req_642,IS_458_2003,1,synthetic,0.4179179880233182,1.0,1.9509290637229195,2.0,0.4348712490341103,0.3312824974604894,0.3312824974604894,0.9122781146844072,3.0,3.0,0.0,0.0,0.032068247259065,1.0,1.0,23.0,3.381282827078905,1.0
req_050,IS_694_2010,0,synthetic,0.2851046496477685,3.0,0.0575803532190495,7.0,0.1780733925053554,0.1579353688005035,0.1579353688005035,0.0,0.0,3.0,0.0,0.0,0.0326626901133782,1.0,1.0,16.0,3.062079862267823,1.0
req_424,IS_226_1975,0,synthetic,0.0842337401195126,2.0,1.3710244078935985,2.0,0.2672612419124243,0.1111111111111111,0.1111111111111111,0.0,1.0,1.0,0.0,0.0,0.0320020481310803,2.0,0.0,51.0,2.5903614457831323,2.0
req_232,IS_383_2016,1,synthetic,0.6977808851498007,1.0,6.216827560062634,1.0,0.5343538362062754,0.3466073219241133,0.3466073219241133,0.5880357184199702,3.0,3.0,1.0,0.0,0.0311979495985886,2.0,1.0,10.0,1.6338534186861329,2.0
req_202,IS_1201_1220_1978_H,0,synthetic,0.22528970822104433,1.0,2.4856883299453627,2.0,0.24063387453219287,0.07818842902897162,,0.13062889725054533,3.0,3.0,0.0,0.0,0.031655740419488744,1.0,1.0,48.0,2.0954034718295813,1.0
req_005,IS_516_1959,0,manual,0.0784572957709667,6.0,0.2250237259097363,7.0,0.1324532357065043,0.0689655172413793,0.0689655172413793,0.0,1.0,0.0,0.0,0.0,0.0317460317460317,6.0,1.0,67.0,1.6696428571428572,6.0
req_120,IS_1786_2008,0,synthetic,0.0509027942170658,8.0,0.1318083388348066,8.0,0.4002633003443939,0.1187180738872929,0.1187180738872929,0.0,0.0,2.0,0.0,0.0,0.0312078568080433,7.0,1.0,18.0,2.702540103457084,7.0
req_098,IS_456_2000_H,1,synthetic,0.3682053213120508,2.0,3.53610084711743,2.0,0.5221653196812792,0.1347848165715139,0.09878849820217935,0.3929720202658264,3.0,3.0,0.0,0.6868467955060712,0.031257198637668855,6.0,1.0,26.0,1.97002596166108,6.0
req_080,IS_875_Part5_1987,0,synthetic,0.0241380277175872,8.0,0.5648673747741172,8.0,0.4182575084626095,0.1907623994504824,0.1907623994504824,0.0859463400287271,2.0,3.0,0.0,0.0,0.0318471504703433,6.0,1.0,39.0,2.195351915014575,6.0
req_226,IS_3067_1988_H,1,synthetic,0.4401362172945548,2.0,2.82272819650811,2.0,0.279568345370637,0.16925433841441098,0.16649810553170832,0.02640277716018086,0.0,0.0,0.0,0.36679927529912215,0.03221503825079807,2.0,1.0,38.0,3.0013014883364635,2.0
req_121,IS_9595_1996,1,synthetic,0.3868219382635167,1.0,3.9410265191439,1.0,0.5583048972517886,0.2260582694594678,0.2260582694594678,0.90563477060271,1.0,2.0,0.0,0.309407299881276,0.0320332201237162,4.0,1.0,30.0,3.129903815227694,4.0
req_152,IS_269_2015_H,1,synthetic,0.18872611661524513,1.0,0.2521566437194651,1.0,0.14114989079658444,0.17182257396798103,0.1604586413876586,0.12344041673284085,1.0,2.0,0.0,0.0,0.03268774374110374,2.0,1.0,11.0,2.0439521441526276,2.0
req_091,IS_1904_1986_H,1,synthetic,0.2775220176172078,2.0,1.9708478295567133,2.0,0.350414968688264,0.18933755439002783,0.17624161369327862,0.0,0.0,1.0,0.0,0.013501096296626503,0.03190734425085362,5.0,1.0,40.0,,5.0
req_312,IS_1642_1989,0,synthetic,0.0823081952814845,2.0,2.6094043822578503,1.0,0.1755474826406476,0.0204928398303306,0.0204928398303306,0.2720640132809376,4.0,0.0,0.0,0.0,0.0312982889853335,2.0,1.0,37.0,1.4616942829034223,2.0
req_008,IS_456_2000,0,manual,0.2633348744283841,3.0,3.4350430485826915,3.0,0.3058876451607489,0.1363636363636363,0.1363636363636363,0.0,0.0,0.0,0.0,0.0,0.032258064516129,3.0,1.0,26.0,3.6666666666666665,3.0
req_583,IS_1642_1989,0,synthetic,0.0839166354270578,2.0,2.082566183667006,1.0,0.4171565911084492,0.1308936822681271,0.1308936822681271,0.0260064100397965,2.0,0.0,0.0,0.2633559762917833,0.0317680638186862,1.0,1.0,37.0,3.513634469800171,1.0
req_365,IS_732_2019,0,synthetic,0.174292718625404,2.0,1.399896440057733,1.0,0.2395899307577251,0.0733581145233712,0.0733581145233712,0.0960938271445662,4.0,0.0,0.0,0.0335847508802129,0.0325466370364721,1.0,1.0,7.0,2.5030336820872643,1.0
req_637,IS_2911_Part1_Sec2_2010,1,synthetic,0.4022114422526172,1.0,5.12873667904741,1.0,0.409233363072167,0.2298619536140331,0.2298619536140331,0.8907271848707488,2.0,2.0,0.0,0.0,0.0328395395034827,1.0,1.0,16.0,1.457105221050029,1.0
req_061,IS_694_2010,0,synthetic,0.2442015499154014,4.0,0.5598624030194713,8.0,0.3794601984382938,0.0688038899596356,0.0688038899596356,0.0411818864402768,3.0,1.0,0.0,0.0,0.0314849160768205,7.0,1.0,16.0,2.8241098174987944,7.0
req_456,IS_732_2019,0,synthetic,0.0534656520787629,2.0,1.189080964406949,2.0,0.2260267195949746,0.1916868669537944,0.1916868669537944,0.2915664296610343,4.0,1.0,0.0,0.0,0.0312128216455954,2.0,1.0,7.0,2.719455454881081,2.0
req_093,IS_3043_2018,0,synthetic,0.0347872926572333,8.0,1.304371844786254,6.0,0.1501195855273519,0.0870393252644085,0.0870393252644085,0.0932847893543839,1.0,1.0,0.0,0.0,0.0323697040542694,4.0,1.0,8.0,3.535367110311352,4.0
req_203,IS_3067_1988,1,synthetic,0.3706807926150013,1.0,5.566862542617262,1.0,0.5887963386480664,0.0907734312702404,0.0907734312702404,0.6317831576511556,1.0,1.0,0.0,0.754354718024516,0.0325945087676578,1.0,1.0,38.0,2.7672827185617512,1.0
req_033,IS_783_1985_H,0,synthetic,0.279440455377484,3.0,2.017749810616839,6.0,0.1632076653996249,0.1608776297512916,0.15912660034716922,0.0,0.0,2.0,0.0,0.008352578542664553,0.03191434859363775,1.0,1.0,41.0,2.3645862744484267,1.0
req_343,IS_15911_2010,0,synthetic,0.2424955647004153,1.0,5.071148329977193,1.0,0.2672612419124244,0.1212121212121212,0.1212121212121212,0.0,1.0,1.0,0.0,0.0,0.0327868852459016,1.0,1.0,16.0,1.524822695035461,1.0
req_221,IS_694_2010_H,0,synthetic,0.18411850868583618,1.0,0.7838424877808959,1.0,0.21561916180823,0.059801972371073514,0.0762503785695833,0.025052279284511828,0.0,0.0,1.0,0.03952376542246554,0.03193568565029529,2.0,1.0,16.0,2.483173954261582,2.0
req_054,IS_2309_1989_H,1,synthetic,0.15394816416398285,6.0,2.1750692928660924,7.0,0.36214066291781055,0.1785329099634733,0.1684740881619947,0.0,0.0,3.0,0.0,0.0052611240036902875,0.03146924602360524,4.0,1.0,37.0,1.991599895504482,4.0
req_097,IS_1642_1989,1,synthetic,0.5817845835527495,1.0,2.257814987547032,4.0,0.587963856298784,0.3143903900599598,0.3143903900599598,0.9809303120715184,3.0,4.0,1.0,0.2782939888562035,0.0317462028108547,3.0,1.0,37.0,1.2830812290028857,3.0
req_272,IS_1893_Part1_2016,0,synthetic,0.2429923116558863,1.0,2.4997168606219016,2.0,0.1985243549868838,0.1952702451767556,0.1952702451767556,0.1102040780879045,2.0,2.0,0.0,0.0,0.0311652230132681,2.0,1.0,10.0,2.2475742040982727,2.0
req_043,IS_875_Part1_1987,0,synthetic,0.0566479157261791,8.0,2.366894587121491,5.0,0.226434121113912,0.139298372851156,0.139298372851156,0.2913279936194958,4.0,3.0,0.0,0.1167282047513805,0.0325739561999526,1.0,1.0,39.0,1.7322331015857595,1.0
req_088,IS_8329_2000_H,1,synthetic,0.07264360347720926,6.0,1.467760410954026,7.0,0.400035996195445,0.160091070159321,0.15367885817390695,0.25020961357266136,3.0,1.0,0.0,0.05365650999030947,0.03180126220437636,7.0,1.0,26.0,1.7505232525934824,7.0
req_103,IS_1893_Part1_2016,0,synthetic,0.1427632271654043,3.0,0.6747245370665752,8.0,0.1203278015322446,0.0417342453259149,0.0417342453259149,0.1371138024878966,2.0,0.0,0.0,0.0,0.0312155314945749,6.0,1.0,10.0,2.224005311051576,6.0
req_024,IS_2911_Part1_Sec1_2010,0,synthetic,0.1411326653954832,5.0,2.6335489626029047,1.0,0.2735669181566558,0.1242054303512979,0.1242054303512979,0.0,0.0,3.0,0.0,0.2300806075653828,0.0316327396919534,3.0,1.0,16.0,1.862799384668537,3.0
req_014,IS_8329_2000,1,manual,0.2140603926012885,1.0,0.5023301888537608,3.0,0.4642070825485275,0.1818181818181818,0.1818181818181818,0.0,0.0,0.0,0.0,0.0,0.0327868852459016,1.0,1.0,26.0,1.75,1.0
req_133,IS_2911_Part1_Sec2_2010,1,synthetic,0.6773495345772342,1.0,4.08428305468761,1.0,0.58938264861307,0.3345092005298389,0.3345092005298389,0.6851556258103007,3.0,3.0,0.0,0.0,0.0326486570295747,1.0,1.0,16.0,2.9424721467145467,1.0
req_045,IS_3034_1993,1,synthetic,0.2299904889854233,1.0,6.774448044003914,1.0,0.5589258598633504,0.3279049079509494,0.3279049079509494,0.9304840547288752,3.0,3.0,0.0,0.0,0.0328316873419442,1.0,1.0,33.0,1.3708982879350835,1.0
req_415,IS_2911_Part1_Sec2_2010,1,synthetic,0.6773495345772342,1.0,4.08428305468761,1.0,0.58938264861307,0.3345092005298389,0.3345092005298389,0.6851556258103007,3.0,3.0,0.0,0.0,0.0326486570295747,1.0,1.0,16.0,2.9424721467145467,1.0
req_068,IS_2074_1992_H,1,synthetic,0.264369264859354,3.0,1.1135032371453772,4.0,0.34733429983530945,0.11653324083402053,0.09428195575466113,0.13959707821792838,4.0,2.0,0.0,0.020967758817166452,0.031435995163858824,4.0,1.0,34.0,2.4335311024925312,4.0
req_058,IS_875_Part3_2015_H,0,synthetic,0.19372036620661257,4.0,1.149244174838594,4.0,0.20637654890305324,0.06276473061141259,0.040464554749076835,0.08722823089976878,4.0,1.0,0.0,0.0048217952078046175,0.03142253640860038,7.0,1.0,11.0,2.1811859183492417,7.0
req_115,IS_13920_2016_H,0,synthetic,0.25742742437501853,4.0,2.549798204471405,4.0,0.15073013527583531,0.12627255326482792,0.13670317794171033,0.2033947455816289,1.0,3.0,0.0,,0.03179307772369419,5.0,1.0,10.0,2.725816243831244,5.0
req_058,IS_1786_2008_H,0,synthetic,0.25353257640966953,2.0,0.730903513940871,7.0,0.19262252955275797,0.13269087320837444,0.1499277870775201,0.24884062073098842,1.0,0.0,0.0,0.04444334873120381,0.031978494784212795,6.0,1.0,18.0,2.164065077409667,6.0
req_273,IS_1200_Part1_1992_H,0,synthetic,0.08190779627821416,1.0,1.2774673276294588,1.0,0.29146283581151905,0.1589623369374512,0.15012037996889438,0.06888608325371322,3.0,3.0,0.0,0.23956704989461736,0.032484503190515907,2.0,1.0,34.0,2.788572529927596,2.0
req_143,IS_1489_Part1_2015,0,synthetic,0.1359697012222954,2.0,0.4142861059560683,2.0,0.2746258050183233,0.1936851696564059,0.1936851696564059,0.0,0.0,0.0,0.0,0.0,0.031819014392991,1.0,1.0,11.0,1.2971230401238822,1.0
req_407,IS_1786_2008_H,0,synthetic,0.10710796549340439,1.0,1.4557173520084,2.0,0.3524529951955141,0.13049320242039197,0.1017393959542156,0.04191249842225159,3.0,1.0,0.0,,0.0321373046770134,2.0,1.0,18.0,1.715065023435276,2.0
req_052,IS_1200_Part1_1992,0,synthetic,0.063814792046546,7.0,0.0591640946835745,8.0,0.416132430361228,0.1050418879486095,0.1050418879486095,0.0,0.0,2.0,1.0,0.0,0.0311584515425414,7.0,1.0,34.0,1.851421231827055,7.0
req_013,IS_383_2016_H,0,manual,0.1354575408076468,5.0,1.0695814705695603,5.0,0.21925117453028606,0.0775839134274358,0.0894289577796846,0.00022199932323948725,1.0,0.0,0.0,0.0026857799820881054,0.03177773460114188,5.0,1.0,10.0,1.8316440859811771,5.0
req_398,IS_875_Part3_2015_H,1,synthetic,0.07322662590638716,1.0,1.5812880245130259,2.0,0.18592721673713997,0.08142582745552122,0.08210006222924826,0.008723037614544647,0.0,1.0,0.0,0.23007266479683658,0.03219215152838668,2.0,1.0,11.0,1.866386530688651,2.0
req_593,IS_1346_1991,1,synthetic,0.5383111228912728,1.0,3.774409763946789,1.0,0.7890882955267493,0.3827996602483081,0.3827996602483081,0.473136567757999,1.0,1.0,1.0,0.0,0.0328480192637797,1.0,1.0,35.0,2.791534318794633,1.0
req_090,IS_875_Part3_2015_H,0,synthetic,0.2779337160505772,3.0,1.9727287720988518,3.0,0.26667671847014,0.13261126602132117,,0.024672788581766136,3.0,2.0,0.0,0.05142130069535243,0.03226937973752373,2.0,1.0,11.0,2.667577282267999,2.0
req_262,IS_875_Part1_1987_H,1,synthetic,0.17788546932633859,2.0,1.9328914198255787,2.0,0.13965418208493272,0.07835127060078151,0.06767681125516077,0.21142346536308437,1.0,0.0,0.0,0.017763396008847986,0.0321456836185301,2.0,1.0,39.0,2.1082899255595136,2.0
req_171,IS_2911_Part1_Sec1_2010,0,synthetic,0.1411326653954832,2.0,2.6335489626029047,2.0,0.2735669181566558,0.1242054303512979,0.1242054303512979,0.0,0.0,3.0,0.0,0.2300806075653828,0.0316327396919534,2.0,1.0,16.0,1.862799384668537,2.0
req_099,IS_2932_1974,1,synthetic,0.4104357282134315,1.0,2.3250952053436,3.0,0.5361700788027601,0.3104351774162404,0.3104351774162404,0.9068589962589896,1.0,2.0,1.0,0.7890746683871259,0.0312280251053684,5.0,1.0,52.0,1.4997197145200285,5.0
req_111,IS_732_2019_H,0,synthetic,0.26219563685807284,3.0,0.8941352202126602,5.0,0.24698147676734564,0.10894478040160058,,0.16855500792518277,2.0,1.0,0.0,0.00301594216454933,0.03238987789560159,3.0,1.0,7.0,2.5390369737390204,3.0
req_603,IS_456_2000_H,0,synthetic,0.10308260850721221,1.0,0.9657179234155586,1.0,0.16998631563153654,0.1240159537713656,0.1297299333041895,,0.0,1.0,0.0,0.0,0.031331382588565854,1.0,1.0,26.0,2.496316791417991,1.0
req_014,IS_458_2003_H,1,manual,,,,,0.3799280850680276,0.15052937699736146,0.13578747576608086,0.0,0.0,0.0,0.0,0.012116587669987697,0.03206972913080648,3.0,1.0,23.0,2.48981160232459,3.0
req_615,IS_2062_2011_H,1,synthetic,0.2745836570171805,2.0,1.365793756951628,1.0,0.1886559854587045,0.11322872544678812,0.12883480592426264,0.13941712539948012,1.0,1.0,0.0,0.019072740852132557,0.031687698524345664,1.0,1.0,15.0,1.8112550275561663,1.0
req_125,IS_3034_1993_H,1,synthetic,0.19740334177778635,5.0,1.7760888259808871,4.0,0.3173170541276149,0.12057891486150349,0.11030780576709004,0.04617051810387241,4.0,3.0,0.0,0.0,0.031459596493774146,5.0,1.0,33.0,3.22565345257164,5.0
req_244,IS_3067_1988,1,synthetic,0.3706807926150013,1.0,5.566862542617262,1.0,0.5887963386480664,0.0907734312702404,0.0907734312702404,0.6317831576511556,1.0,1.0,0.0,0.754354718024516,0.0325945087676578,1.0,1.0,38.0,2.7672827185617512,1.0
req_079,IS_1642_1989_H,1,synthetic,0.11962987076622833,5.0,2.002501982352292,6.0,0.39922743482259815,0.1262472585401595,0.1357447551186697,0.09872453539973972,2.0,0.0,0.0,0.20684626433323977,0.03191495330505387,3.0,1.0,37.0,3.2655441234149305,3.0
req_069,IS_8112_2013,0,synthetic,0.1001974210029907,5.0,1.0811548041195034,4.0,0.1929511492201097,0.0930849337772994,0.0930849337772994,0.2970699094919182,3.0,0.0,0.0,0.2394145689146349,0.0323074714391183,1.0,1.0,13.0,3.26681502369979,1.0
req_096,IS_800_2007_H,1,synthetic,0.13638120697272743,5.0,1.510381793506847,5.0,0.3623224699406062,0.16316911821612384,0.18098595974895162,0.10046253556500673,4.0,1.0,0.0,0.0,0.03254829609222252,2.0,1.0,19.0,1.8897756702058188,2.0
req_020,IS_12269_2013_H,0,synthetic,0.12525577044325423,7.0,2.407554422992534,4.0,,0.12440215982278524,0.14174215594159142,0.017207975946093544,0.0,3.0,0.0,0.0,0.03188224361179434,1.0,1.0,13.0,3.273894058440315,1.0
req_135,IS_875_Part1_1987_H,0,synthetic,0.24076308224186976,6.0,0.8252082421882188,7.0,0.28987614454975,0.11444781516395831,0.12207761138424518,0.07999901956061935,2.0,2.0,0.0,0.013027078398618695,0.03215229515218852,3.0,1.0,39.0,2.54088111239305,3.0
req_089,IS_2212_1991,1,synthetic,0.310447625218506,1.0,4.740861279825666,1.0,0.7651782864548399,0.1320380462149702,0.1320380462149702,0.0,0.0,0.0,0.0,0.4896390093558695,0.0329261592490781,1.0,1.0,35.0,3.180905242756528,1.0
req_123,IS_3067_1988,0,synthetic,0.0558948776032215,6.0,2.1990597735554323,4.0,0.0436612409146302,0.0275588064237971,0.0275588064237971,0.2065219616805291,4.0,2.0,0.0,0.2697789500006881,0.03199983841317,1.0,1.0,38.0,2.86196991282564,1.0
req_541,IS_73_2013_H,1,synthetic,,,0.4809755528426145,1.0,0.19335856926600534,0.1374622697995808,0.12015113466529269,0.1914966421213306,4.0,0.0,0.0,0.026764930476474384,0.03181019371424374,1.0,1.0,13.0,2.465483848348099,1.0
req_093,IS_8329_2000_H,1,synthetic,0.3596596207261453,2.0,3.738574447635659,2.0,0.47659935413385995,0.19822077253702505,0.20830231343368696,0.0,0.0,0.0,0.0,0.5542322940215534,0.032346863268641404,5.0,1.0,26.0,2.4814440142146816,5.0
req_088,IS_383_2016,0,synthetic,0.0368503930403814,7.0,1.6647389413685012,3.0,0.0481704758543065,0.1060380178699123,0.1060380178699123,0.0604393150056423,1.0,3.0,0.0,0.2509281714417856,0.0326885681728753,3.0,1.0,10.0,2.010433706566368,3.0
req_122,IS_1346_1991,0,synthetic,0.310914865288818,3.0,0.0130730240041174,8.0,0.4386563680464933,0.0707806167636448,0.0707806167636448,0.0,0.0,2.0,0.0,0.0,0.0313013673873949,7.0,1.0,35.0,2.409911950010001,7.0
req_303,IS_3067_1988,0,synthetic,0.0558948776032215,2.0,2.1990597735554323,2.0,0.0436612409146302,0.0275588064237971,0.0275588064237971,0.2065219616805291,4.0,2.0,0.0,0.2697789500006881,0.03199983841317,1.0,1.0,38.0,2.86196991282564,1.0
req_106,IS_12269_2013,0,synthetic,0.0732277695464789,6.0,1.895577727349375,4.0,0.1166603984282527,0.0512831237339549,0.0512831237339549,0.1131594681157936,3.0,0.0,0.0,0.0,0.0312601330602307,6.0,1.0,13.0,2.6223672355572383,6.0
req_209,IS_694_2010,0,synthetic,0.1775301259062847,1.0,0.448786325528168,2.0,0.1934284331785666,0.0267311064899136,0.0267311064899136,0.0,0.0,0.0,1.0,0.0,0.0319653263822936,2.0,1.0,16.0,2.425127624810359,2.0
req_622,IS_2932_1974,1,synthetic,0.4104357282134315,1.0,2.3250952053436,2.0,0.5361700788027601,0.3104351774162404,0.3104351774162404,0.9068589962589896,1.0,2.0,1.0,0.7890746683871259,0.0312280251053684,2.0,1.0,52.0,1.4997197145200285,2.0
req_052,IS_800_2007,0,synthetic,0.0388421453033191,8.0,2.334560003725205,3.0,0.2449299811174199,0.116489681176531,0.116489681176531,0.17251423725919,4.0,3.0,0.0,0.0,0.0310031286718667,8.0,1.0,19.0,2.0791176931211792,8.0
req_103,IS_269_2015_H,1,synthetic,0.09969588258012167,5.0,2.55855744199428,4.0,0.35584120922488677,0.09806168797896944,0.09718411635503683,0.17640344375287587,3.0,0.0,0.0,0.16426943020562407,0.03227275557909468,4.0,1.0,11.0,2.603516040482238,4.0
req_264,IS_814_2004,0,synthetic,0.1666098535819056,1.0,0.1856112834914305,2.0,0.0526528893136319,0.1569901913381763,0.1569901913381763,0.0824558754820602,1.0,0.0,0.0,0.0,0.0319146427745469,2.0,1.0,22.0,2.994917892035,2.0
req_461,IS_1077_1992,1,synthetic,0.3467803267058823,1.0,3.577749233354645,1.0,0.5321811563901744,0.2727272727272727,0.2727272727272727,0.0,0.0,0.0,0.0,0.0,0.0327868852459016,1.0,1.0,34.0,1.5344827586206895,1.0
req_055,IS_875_Part1_1987_H,0,synthetic,0.42385700528419723,2.0,5.3201609571333135,2.0,0.3314155075788548,0.1365808107427625,0.11091443554846044,0.055816794788498464,0.0,1.0,0.0,0.518465117607149,0.032426977730602435,2.0,1.0,39.0,3.2716000456992123,2.0
req_595,IS_875_Part5_1987,1,synthetic,0.4969385745205352,1.0,1.925875517743399,2.0,0.4176503661505162,0.4454312092765798,0.4454312092765798,0.7927501859530819,4.0,5.0,1.0,0.9431599051775704,0.0323707184549245,1.0,1.0,39.0,1.616579360370892,1.0
req_120,IS_875_Part3_2015_H,1,synthetic,0.13093594973941547,5.0,1.3462003099529258,3.0,0.1758638363916754,0.07233219722762638,0.07929817582704102,0.06713507425763818,4.0,2.0,0.0,0.0,0.03183718816688017,3.0,1.0,11.0,2.586833522054556,3.0
req_483,IS_2212_1991_H,1,synthetic,0.1714368597738251,1.0,0.7195404057155347,1.0,0.2171630701652038,0.12223802406627785,0.1527962655327716,0.04040326369478507,3.0,0.0,0.0,0.009959398161147949,0.03222349240097384,2.0,1.0,35.0,2.420249924250843,2.0
req_565,IS_814_2004,0,synthetic,0.190620391469048,2.0,1.2160758159588427,2.0,0.3713906763541037,0.1071428571428571,0.1071428571428571,0.0,0.0,0.0,0.0,0.0,0.0325224748810153,1.0,1.0,22.0,1.6328125,1.0
req_021,IS_269_2015_H,0,synthetic,0.48294932694940124,2.0,3.8221465342771044,2.0,0.3656725461007349,0.19464184484419716,0.21086644522324538,0.6244430174047352,1.0,0.0,0.0,0.1371982637270747,0.032656152747426156,2.0,1.0,11.0,2.959998691652615,2.0
req_084,IS_875_Part5_1987,0,synthetic,0.1903462184867624,5.0,1.189701203539708,5.0,0.4353294926404237,0.0626189122535413,0.0626189122535413,0.2778125855344909,1.0,1.0,0.0,0.0,0.0316525031375595,4.0,1.0,39.0,2.3139809529415984,4.0
req_609,IS_1489_Part1_2015,1,synthetic,0.2428267260339394,2.0,4.327150409246392,1.0,0.288066885157611,0.3614228011451756,0.3614228011451756,0.8128629525110521,1.0,1.0,1.0,0.0,0.0320553475748365,1.0,1.0,11.0,2.675495706084178,1.0
req_131,IS_3043_2018,0,synthetic,0.3135763474581796,2.0,0.7362530951492087,5.0,0.0654239757103835,0.0663822856408499,0.0663822856408499,0.2832410094624892,2.0,0.0,0.0,0.0,0.0316835723056968,5.0,1.0,8.0,2.1731895021631544,5.0
req_086,IS_875_Part3_2015_H,0,synthetic,0.09331314448035952,7.0,1.803189348106359,6.0,0.15480812345986514,0.08009659168805681,0.07442111107685155,0.02017188701523499,0.0,1.0,0.0,0.22814581177144122,0.03220791319235342,6.0,1.0,11.0,1.9979063402195423,6.0
req_051,IS_875_Part1_1987_H,0,synthetic,0.211390974851173,4.0,1.7255740473948373,5.0,0.2507173800204327,0.14803155468697554,0.148887424302514,0.1136049521100507,2.0,3.0,0.0,0.019263284860067807,0.032480507211690365,5.0,1.0,39.0,1.8479279190426092,5.0
req_108,IS_2062_2011,0,synthetic,0.2350604851507739,3.0,0.0579759970265221,6.0,0.0700316919554017,0.0520385894399781,0.0520385894399781,0.0211326276696375,1.0,3.0,0.0,0.0,0.0318152655569915,3.0,1.0,15.0,2.3101453097984983,3.0
req_441,IS_1489_Part1_2015,0,synthetic,0.2877979478634099,1.0,2.4022556114541858,1.0,0.4030407342590451,0.1601156732181185,0.1601156732181185,0.0,0.0,0.0,0.0,0.0,0.0319290997691485,2.0,1.0,11.0,2.559903615978479,2.0
req_029,IS_456_2000_H,0,synthetic,0.37200349691491913,2.0,2.6510481403084216,2.0,0.4210874097509062,0.25959104807727645,0.2938551335722053,0.44170679051387807,1.0,1.0,1.0,0.010189343718559004,0.0315924180573421,6.0,1.0,26.0,2.1668679149515935,6.0
req_030,IS_458_2003,1,synthetic,0.4179179880233182,1.0,1.9509290637229195,1.0,0.4348712490341103,0.3312824974604894,0.3312824974604894,0.9122781146844072,3.0,3.0,0.0,0.0,0.032068247259065,3.0,1.0,23.0,3.381282827078905,3.0
req_037,IS_383_2016,0,synthetic,0.3035580618689631,3.0,2.268663199003222,4.0,0.265539609678431,0.1018686635483113,0.1018686635483113,0.0969821358827984,1.0,1.0,0.0,0.0,0.0320291925046582,4.0,1.0,10.0,3.5720801547371224,4.0
req_638,IS_2911_Part1_Sec1_2010_H,0,synthetic,0.18339206804047647,1.0,1.0554272465805592,1.0,0.20532750144129974,0.11160603326547582,0.14943178521375816,0.035948271458072535,4.0,3.0,0.0,0.03903366659454875,0.03178640883837947,1.0,1.0,16.0,2.16650546705561,1.0
req_481,IS_2062_2011,1,synthetic,0.6755846567980671,1.0,3.5770081946840504,1.0,0.6713859142173009,0.1510419364558229,0.1510419364558229,0.492440796365482,1.0,1.0,1.0,0.0,0.0325417494407262,1.0,1.0,15.0,3.2125315925912066,1.0
req_101,IS_1786_2008,0,synthetic,0.1237248462372511,6.0,1.877442369818707,6.0,0.1977994131367529,0.1710259438213617,0.1710259438213617,0.0163698345683027,3.0,3.0,0.0,0.0,0.032697691149552,2.0,1.0,18.0,3.251897205898256,2.0
req_259,IS_9595_1996_H,1,synthetic,0.1072377140693656,1.0,0.7969032048269028,1.0,0.2709021953812461,0.13772629042341472,0.11435746199083213,0.03867736587627066,0.0,0.0,0.0,0.0,0.03175835319170968,1.0,1.0,30.0,1.977310207615389,1.0
req_325,IS_732_2019,0,synthetic,0.2399680481638703,1.0,0.7793476066109655,2.0,0.2305274682898856,0.1118741588018814,0.1118741588018814,0.1506501808999292,2.0,1.0,0.0,0.0,0.0326130801138557,1.0,1.0,7.0,2.692984544916301,1.0
req_455,IS_3067_1988,0,synthetic,0.0645001476981093,2.0,0.3096460266694097,2.0,0.2959701726552952,0.1253656439386618,0.1253656439386618,0.1142713196455562,4.0,1.0,0.0,0.0,0.0320111021489713,2.0,1.0,38.0,2.2609684156855145,2.0
req_323,IS_2911_Part1_Sec1_2010_H,1,synthetic,0.11344678965298954,1.0,1.7539970988624325,2.0,0.3758685289700126,0.08633667121767458,0.0855300349488528,0.05619167743029241,4.0,2.0,0.0,0.0341125414078633,0.032117325390986856,2.0,1.0,16.0,2.717119659627608,2.0
req_060,IS_1536_2001,1,synthetic,0.3900951681575764,1.0,6.072638713864832,1.0,0.3832081080776734,0.2918510004195266,0.2918510004195266,0.0,0.0,0.0,1.0,0.4852693625843914,0.032381000521837,5.0,0.5,25.0,2.214386911908357,5.0
req_140,IS_1554_Part1_1988_H,0,synthetic,0.18219912369276653,5.0,1.5343220372535957,4.0,0.16384183510348724,0.06377322273524832,0.08772183629835723,0.10912796004754442,2.0,2.0,0.0,0.0,0.03249586628215681,2.0,0.5,38.0,2.853240437776436,2.0
req_041,IS_3043_2018,0,synthetic,0.2362785130012126,4.0,1.828667389902748,5.0,0.3837182179546318,0.1330846586636417,0.1330846586636417,0.0926798651857908,4.0,0.0,0.0,0.0,0.0324647195358784,1.0,1.0,8.0,1.4618134330036143,1.0
req_617,IS_456_2000_H,0,synthetic,0.2454879966806689,2.0,2.3621699584960387,1.0,0.34194042509232186,0.1290093017323051,0.11941457786686706,0.0,0.0,0.0,0.0,0.013119561612591393,0.03255019727154777,2.0,1.0,26.0,2.700890283233816,2.0
req_097,IS_3043_2018_H,0,synthetic,0.14845199944101006,3.0,2.5922863440866544,1.0,0.17161111018456476,0.1825040227672804,0.18125731823052724,0.18081796047325144,1.0,2.0,0.0,0.008039749632985236,,,1.0,8.0,3.0062896197235625,
req_440,IS_875_Part1_1987_H,1,synthetic,0.2525711633964223,2.0,1.556693980014255,2.0,0.3246244331867318,0.09369542472921777,0.0782043247698573,0.20143066889310032,2.0,2.0,0.0,0.03517632320609356,0.03157830546973153,1.0,1.0,39.0,2.8821174339135394,1.0
req_217,IS_1893_Part1_2016_H,0,synthetic,0.19571994247130786,1.0,2.0195513400067093,1.0,0.27203015436647376,0.09204662363198647,0.08318353672307591,0.05908511056123042,2.0,2.0,0.0,0.0,0.03254502555041365,2.0,1.0,10.0,2.3911244715142224,2.0
req_052,IS_800_2007_H,0,synthetic,0.10711458945565294,6.0,2.125176139964112,4.0,0.2947175695663195,0.12126252901364393,0.11882813060123741,0.10914730995552249,4.0,3.0,0.0,0.029465540171286095,0.031330688633171115,6.0,1.0,19.0,2.181806158051799,6.0
req_112,IS_2309_1989_H,0,synthetic,0.1721850272170061,5.0,1.970184175794485,3.0,0.3045079284567043,0.1101676169254233,0.10164867215684484,0.0584295166196932,0.0,0.0,0.0,0.13113427081273424,0.03197466875637115,4.0,1.0,37.0,3.0382322216132325,4.0
req_458,IS_1642_1989_H,0,synthetic,0.1865270182024825,2.0,1.1833429486843645,1.0,0.17969047866232185,0.15450867118328349,0.1511806474876512,0.020168222810269525,4.0,0.0,0.0,0.0,0.031395385024045666,1.0,1.0,37.0,2.070138042121938,1.0
req_354,IS_2911_Part1_Sec2_2010,1,synthetic,0.5550618157441836,1.0,5.306066124803702,1.0,0.7416263007578561,0.2775440373703342,0.2775440373703342,0.7375014924150614,3.0,2.0,0.0,0.3589950337245966,0.0313998048345294,2.0,1.0,16.0,3.012934793874626,2.0
req_436,IS_2911_Part1_Sec1_2010_H,1,synthetic,0.17894979269530825,2.0,1.3424490444959734,1.0,0.161277368252469,0.10744058510155963,0.12970390265543202,0.19565834769349605,3.0,3.0,0.0,0.003311134650539728,0.032614006735694985,2.0,1.0,16.0,2.799538889904493,2.0
req_535,IS_8112_2013,1,synthetic,0.5622925005465258,1.0,6.878356518991895,1.0,0.5385502780097343,0.1847095202117333,0.1847095202117333,0.0,0.0,0.0,0.0,0.5206608018620398,0.032416036971422,1.0,1.0,13.0,1.547469955642757,1.0
req_502,IS_1489_Part1_2015,0,synthetic,0.1470735869059762,2.0,1.2810203039045234,1.0,0.3389210982785387,0.1412056185127942,0.1412056185127942,0.018183802223104,4.0,0.0,0.0,0.0,0.0312185380644896,2.0,1.0,11.0,1.700236669532887,2.0
req_003,IS_269_2015,0,manual,0.2633274781403547,3.0,2.8134934310551385,2.0,0.3273268353539886,0.1428571428571428,0.1428571428571428,0.0,2.0,1.0,0.0,1.0,0.032258064516129,3.0,1.0,11.0,1.8846153846153848,3.0
req_337,IS_456_2000_H,1,synthetic,0.22359636811856035,2.0,5.2708440615828325,2.0,0.38343517972866714,0.34947866857388094,0.3554916552897051,0.7567512344918546,4.0,5.0,0.0,0.46208435775577733,0.03245236154423683,2.0,1.0,26.0,2.148720384660394,2.0
req_121,IS_2911_Part1_Sec2_2010_H,0,synthetic,0.11992797273078,7.0,1.3012899028541356,5.0,0.1324840748310374,0.15947277432826748,0.17392761133623239,0.08544842125385876,2.0,1.0,0.0,0.0,0.03165443592399102,7.0,1.0,16.0,1.5515605840276114,7.0
req_080,IS_1489_Part1_2015,0,synthetic,0.0944501081557496,6.0,1.6628473260255334,4.0,0.335683651932427,0.0712857458011399,0.0712857458011399,0.2543676313319877,4.0,0.0,0.0,0.0,0.0320354982555944,4.0,1.0,11.0,2.447378030369575,4.0
req_453,IS_1893_Part1_2016,0,synthetic,0.221848514562126,2.0,1.8661712724503872,1.0,0.2796696375773881,0.1680351142208193,0.1680351142208193,0.2024509666125965,1.0,0.0,0.0,0.0,0.0328863382721157,1.0,1.0,10.0,2.020814762270833,1.0
req_097,IS_1642_1989_H,1,synthetic,0.4264627314527671,2.0,2.3586316852947813,3.0,0.48540714530380247,,0.1966947843849309,0.8227291014826545,3.0,4.0,1.0,0.11164490147380106,,,1.0,37.0,1.5922895008121654,
req_082,IS_732_2019,0,synthetic,0.1458107913088395,4.0,0.8671357412453744,6.0,0.2106652053855393,0.1496518258570754,0.1496518258570754,0.1714607887852374,1.0,0.0,0.0,0.2356640008515071,0.0314463701219013,6.0,1.0,7.0,2.462069207104464,6.0
req_397,IS_2212_1991,0,synthetic,0.1185429662760752,2.0,0.3142122276859859,2.0,0.3281606575837222,0.1904795523954886,0.1904795523954886,0.0280358895198065,4.0,3.0,0.0,0.0,0.031036461075583,2.0,1.0,35.0,1.97583526465012,2.0
req_269,IS_875_Part2_1987,0,synthetic,0.2377965090411335,1.0,2.102411647642478,2.0,0.2159846857096921,0.0364158536990407,0.0364158536990407,0.0,0.0,0.0,0.0,0.0272785525504121,0.0320388885092732,1.0,1.0,39.0,2.2959071604298376,1.0
req_586,IS_875_Part1_1987,1,synthetic,0.3508825768627345,1.0,2.509548678058948,1.0,0.3366271373092652,0.4310166068497397,0.4310166068497397,0.5458114690255419,3.0,3.0,0.0,0.0,0.0328576904179708,1.0,1.0,39.0,3.099430712599606,1.0
req_504,IS_2911_Part1_Sec2_2010,1,synthetic,0.5739218204906247,1.0,3.336818666458747,1.0,0.2800130220583891,0.4122276473320861,0.4122276473320861,0.6622370661199765,1.0,2.0,1.0,0.7285617474127362,0.0327774490561738,1.0,1.0,16.0,1.2783574791191066,1.0
req_038,IS_1893_Part1_2016,0,synthetic,0.1695126514121585,6.0,1.9923194790766048,4.0,0.2486375261784998,0.0692164814083893,0.0692164814083893,0.0731192718225415,2.0,2.0,0.0,0.0,0.0328437362998631,1.0,1.0,10.0,2.444366095243301,1.0
req_051,IS_1200_Part1_1992_H,1,synthetic,0.12213118375440382,6.0,2.4238518079814937,3.0,0.39397156772073927,0.13465768528777128,0.12697922516496277,0.13409821063954658,4.0,2.0,0.0,0.21398522529051994,0.03259593540761022,4.0,1.0,34.0,1.7980322497753194,4.0
req_092,IS_383_2016,0,synthetic,0.294252181069576,3.0,0.1409840661885453,6.0,0.1991206527360478,0.0915238989842664,0.0915238989842664,0.1559064532626208,1.0,1.0,1.0,0.0,0.0324008242431738,1.0,1.0,10.0,2.6308038061709755,1.0
req_026,IS_2911_Part1_Sec1_2010_H,1,synthetic,0.1695449617901488,3.0,1.4433826934375502,5.0,0.1556735342052905,,0.1681557345829608,0.0,0.0,0.0,1.0,0.0,0.03240593386168932,3.0,1.0,16.0,2.0944555018621895,3.0
req_486,IS_2932_1974,0,synthetic,0.1319391544700972,1.0,2.655975545061961,1.0,0.2669449169833544,0.1199125542152471,0.1199125542152471,0.0,0.0,0.0,0.0,0.2088292106086655,0.0328939587784577,1.0,1.0,52.0,1.9660242080213448,1.0
req_606,IS_1077_1992,1,synthetic,0.3467803267058823,1.0,3.577749233354645,1.0,0.5321811563901744,0.2727272727272727,0.2727272727272727,0.0,0.0,0.0,0.0,0.0,0.0327868852459016,1.0,1.0,34.0,1.5344827586206895,1.0
req_507,IS_875_Part1_1987_H,1,synthetic,0.2318438854407241,2.0,1.2185244232794155,1.0,0.23857155705999247,0.06538687020426263,0.04938110407246445,0.03637206905751736,0.0,2.0,0.0,0.06131762598431179,0.03151184338312554,1.0,1.0,39.0,2.244964448675961,1.0
req_508,IS_8329_2000,1,synthetic,0.3654474212607184,1.0,3.246417077346323,1.0,0.5288111327028915,0.2836833608003512,0.2836833608003512,0.8994068181458861,3.0,4.0,0.0,0.5831416573445942,0.031176039723405,2.0,1.0,26.0,2.421371943508164,2.0
req_564,IS_1489_Part1_2015,0,synthetic,0.1027871410230817,2.0,1.5279399868631638,2.0,0.268092465057775,0.1866660410381118,0.1866660410381118,0.0,0.0,0.0,0.0,0.1244795136499217,0.0317341657860521,2.0,1.0,11.0,2.6180659099456944,2.0
req_338,IS_800_2007,0,synthetic,0.087879713386725,2.0,2.4494076354905725,1.0,0.1679578267996134,0.0384874802011183,0.0384874802011183,0.0918345276274238,3.0,3.0,0.0,0.01600142310836,0.031911852623937,2.0,1.0,19.0,2.472677768777827,2.0
req_062,IS_269_2015,0,synthetic,0.1439904098144775,6.0,1.9944704603131944,3.0,0.0812234109587126,0.1587378904576902,0.1587378904576902,0.0,0.0,3.0,0.0,0.0,0.0323057855954026,4.0,1.0,11.0,3.319521524490708,4.0
req_423,IS_694_2010_H,1,synthetic,0.11220808901353405,1.0,2.3658521853292593,2.0,0.38256886033703263,0.1338591010268959,0.14002650831994085,0.1273365851007321,2.0,3.0,1.0,0.018520980263417832,0.03207540121167598,1.0,1.0,16.0,2.291700722034112,1.0
req_074,IS_2911_Part1_Sec1_2010_H,0,synthetic,,,2.3387735032223853,3.0,0.26051370169170396,0.056676166056576195,0.04833889739886733,0.00763427135239005,0.0,0.0,0.0,0.06641688030709508,0.032385569338788084,2.0,1.0,16.0,3.0506130248355228,2.0
req_046,IS_3495_Part1_1992,1,synthetic,0.2716257451710145,1.0,5.218192101151336,1.0,0.2882719816865851,0.3541585518738154,0.3541585518738154,0.0,0.0,0.0,1.0,0.0,0.031839664987529,2.0,1.0,34.0,2.051105557157932,2.0
req_017,IS_2212_1991_H,1,manual,0.15662600233198565,3.0,1.1470671960099832,4.0,0.20619715947968673,0.11875618358530417,0.10220457791047458,0.041160562583827345,0.0,0.0,0.0,0.037018690506572055,0.03203955726678326,4.0,1.0,35.0,1.9355748184793626,4.0
req_631,IS_269_2015,1,synthetic,0.4074484529095027,1.0,3.861560620445289,1.0,0.455678818223461,0.2228814636765001,0.2228814636765001,0.0,0.0,0.0,1.0,0.4890136565872984,0.0324294085450464,1.0,1.0,11.0,2.037932336403016,1.0
req_484,IS_3495_Part1_1992,0,synthetic,0.0380330148727004,2.0,0.5219837624519108,2.0,0.3255759422731814,0.068830661248828,0.068830661248828,0.0199793377264853,2.0,0.0,0.0,0.0,0.0328257375606909,1.0,1.0,34.0,2.096514984451706,1.0
req_277,IS_456_2000,0,synthetic,0.1552972414847029,2.0,0.4195258001184176,2.0,0.2420910130675209,0.1071428571428571,0.1071428571428571,0.0,1.0,0.0,0.0,0.0,0.0314980158730158,2.0,1.0,26.0,1.537190082644628,2.0
req_159,IS_2309_1989,1,synthetic,0.2829217760160791,1.0,4.473510738685188,1.0,0.4954212441114509,0.1462837180461896,0.1462837180461896,0.8547558948591535,4.0,4.0,1.0,0.5190966541343545,0.0319752842967472,2.0,1.0,37.0,1.397723729321653,2.0
req_121,IS_9595_1996_H,0,synthetic,0.3641837113327337,2.0,3.1117073172913687,2.0,0.49321758788096354,0.20161608470450668,0.20531112865746146,0.6526024320164489,1.0,2.0,0.0,0.21694998960137213,0.032004933888811336,6.0,1.0,30.0,2.9206418397094858,6.0
req_390,IS_1554_Part1_1988_H,0,synthetic,0.2501586476021198,2.0,1.462843148375532,1.0,0.23142635541246787,0.08619256917697515,0.07696785465838515,0.03641387393254966,4.0,2.0,0.0,0.0672337639717106,0.03164716123698968,1.0,0.5,38.0,3.006093330714831,1.0
req_240,IS_13920_2016,0,synthetic,0.3192407298734888,1.0,0.6893648772291683,2.0,0.21161193129335,0.0898894857809825,0.0898894857809825,0.0,0.0,3.0,0.0,0.0,0.0313798303208227,2.0,1.0,10.0,2.957392209965123,2.0
req_056,IS_13920_2016,0,synthetic,0.2507493651124094,3.0,2.2965172885989134,2.0,0.070237792293608,0.1950283516724778,0.1950283516724778,0.1349923486988988,4.0,0.0,0.0,0.0,0.0327559203033008,1.0,1.0,10.0,3.0836178827700245,1.0
req_426,IS_2911_Part1_Sec2_2010_H,0,synthetic,0.2484026388941393,2.0,2.3000052838845626,2.0,0.17857097759557233,0.1664103606294959,0.16164005590379626,0.11115767687342831,2.0,1.0,0.0,0.0,0.031233672509367632,1.0,1.0,16.0,1.8967531662490889,1.0
req_512,IS_9595_1996,1,synthetic,0.3868219382635167,1.0,3.9410265191439,1.0,0.5583048972517886,0.2260582694594678,0.2260582694594678,0.90563477060271,1.0,2.0,0.0,0.309407299881276,0.0320332201237162,2.0,1.0,30.0,3.129903815227694,2.0
req_117,IS_800_2007,0,synthetic,0.0990049074178731,7.0,0.7687753112247352,8.0,0.2035615610049377,0.1547818637474882,0.1547818637474882,0.1663654512123679,1.0,0.0,0.0,0.1098554728458692,0.0321474252383273,3.0,1.0,19.0,1.6795434637049402,3.0
req_028,IS_1642_1989,0,synthetic,0.0201217819091862,8.0,0.7677040930764424,6.0,0.2162541414958322,0.1243972606152227,0.1243972606152227,0.1394964570741042,4.0,1.0,0.0,0.0,0.0319463723718186,2.0,1.0,37.0,3.367774940696397,2.0
req_001,IS_1786_2008_H,1,manual,0.16747218806696662,2.0,2.8000233281425144,4.0,0.33631712780262235,0.1704614523159337,0.16981491293956857,0.19869329572529218,4.0,3.0,0.0,0.3191817245483746,0.03258954915169063,2.0,1.0,18.0,1.911753572125255,2.0
req_148,IS_1786_2008_H,0,synthetic,0.1139594223074917,1.0,0.7177929177908488,1.0,0.24346577606556763,0.13368904094821965,0.12060329346000649,0.031136970823543175,1.0,0.0,0.0,0.0,,,1.0,18.0,2.6134107281179553,
req_045,IS_2911_Part1_Sec1_2010,0,synthetic,0.1062888222941981,6.0,0.8404793623998136,4.0,0.0824762320290997,0.1113342584542407,0.1113342584542407,0.0,0.0,2.0,0.0,0.0378764336745433,0.0317351221012307,6.0,1.0,16.0,3.042123235051597,6.0
req_119,IS_8329_2000,0,synthetic,0.1435282714394572,6.0,0.9506078960150512,5.0,0.3186301990961864,0.1290036858306263,0.1290036858306263,0.1949596449340826,3.0,3.0,0.0,0.0,0.0315692174636588,6.0,1.0,26.0,2.013962173700356,6.0
req_445,IS_875_Part1_1987_H,0,synthetic,0.2649985713553738,1.0,1.790742611094676,1.0,0.2595056207518028,0.16779559359047558,0.15331901066589124,0.09515118755746604,2.0,3.0,0.0,0.0,0.03242512060490726,2.0,1.0,39.0,1.7005776565958348,2.0
req_136,IS_10262_2019,1,synthetic,0.2806676137152705,1.0,3.278778832984468,1.0,0.6135085361475683,0.338943321929414,0.338943321929414,0.9814612951162144,4.0,4.0,0.0,0.0,0.0310716800852585,6.0,1.0,7.0,3.0560031600545496,6.0
req_498,IS_2911_Part1_Sec2_2010_H,0,synthetic,0.15018631845936112,1.0,2.3556006537704226,2.0,0.15134896390154615,0.07777146826377586,0.0721767518919238,0.2289066251609299,2.0,0.0,0.0,0.0030806946478742375,0.03242341815210166,2.0,1.0,16.0,3.1021439451442094,2.0
req_311,IS_875_Part5_1987,0,synthetic,0.3060211033956544,1.0,1.5006335857948951,2.0,0.3624290576965802,0.1113720659892808,0.1113720659892808,0.0,0.0,2.0,0.0,0.0,0.0317737626430547,2.0,1.0,39.0,2.1272606096869566,2.0
req_119,IS_383_2016_H,1,synthetic,0.5240633848238109,2.0,5.024640702835059,2.0,0.4644810729630778,0.29070804774393655,0.2987399170577758,0.45318242386436636,3.0,3.0,1.0,0.02706658111483641,0.03143000811475528,7.0,1.0,10.0,1.9235336908615266,7.0
req_514,IS_875_Part3_2015_H,1,synthetic,0.18354429753957602,1.0,1.441032978927225,1.0,0.37481749292940264,0.14035208781723954,0.12803308437420588,0.06763264164576369,0.0,0.0,0.0,0.006800028270815818,0.03156716769976605,1.0,1.0,11.0,2.5321286910435283,1.0
req_085,IS_73_2013_H,1,synthetic,0.31477349132923244,2.0,3.788742068758132,2.0,0.4786620781254236,0.1562891488298209,0.14922954852094758,0.7206277427154906,1.0,0.0,0.0,0.0,0.03214908033020645,3.0,1.0,13.0,1.619194098299144,3.0
req_127,IS_2212_1991,0,synthetic,0.1752828076520987,6.0,2.7812242272304366,3.0,0.1637550781122835,0.0740601131110712,0.0740601131110712,0.0,0.0,0.0,1.0,0.0,0.0326438798448942,3.0,1.0,35.0,2.8708400821871534,3.0
req_196,IS_2074_1992,0,synthetic,0.2584538732905611,1.0,2.769800304920372,1.0,0.3605854644066242,0.0846401797707617,0.0846401797707617,0.1032102359369628,3.0,2.0,0.0,0.0,0.0315408713695379,2.0,1.0,34.0,1.31124797425689,2.0
req_052,IS_269_2015,1,synthetic,0.4074484529095027,1.0,3.861560620445289,1.0,0.455678818223461,0.2228814636765001,0.2228814636765001,0.0,0.0,0.0,1.0,0.4890136565872984,0.0324294085450464,1.0,1.0,11.0,2.037932336403016,1.0
req_111,IS_1077_1992,0,synthetic,0.2311208758542866,5.0,1.435912776780619,4.0,0.3801553338179966,0.1702770079191308,0.1702770079191308,0.1633050186265114,1.0,3.0,0.0,0.2287863595968594,0.0323066730931137,4.0,1.0,34.0,3.213352309040115,4.0
req_221,IS_694_2010,0,synthetic,0.1775301259062847,2.0,0.448786325528168,2.0,0.1934284331785666,0.0267311064899136,0.0267311064899136,0.0,0.0,0.0,1.0,0.0,0.0319653263822936,1.0,1.0,16.0,2.425127624810359,1.0
req_136,IS_10262_2019_H,1,synthetic,0.2577958475202355,3.0,2.9914791053394865,2.0,0.5408202303274761,0.2791495470432431,0.19357646380150825,0.6094266133920196,4.0,4.0,0.0,0.0,0.03139362177015806,5.0,1.0,7.0,2.945826834568296,5.0
req_349,IS_1346_1991_H,1,synthetic,0.4476446561132222,2.0,3.2804538783033554,2.0,0.6098038516799494,0.31034979171888943,0.2920285285274009,0.26873746232500667,1.0,1.0,1.0,0.0,0.03266065535508132,2.0,1.0,35.0,2.8648494660881196,2.0
req_081,IS_1642_1989_H,1,synthetic,0.5156526942077987,2.0,2.4157262955506664,2.0,0.49589907757019913,0.10324615578701034,0.11896289834347333,0.3526805537454178,1.0,0.0,0.0,0.18349281971855338,0.03177742859819239,1.0,1.0,37.0,2.3864302776756134,1.0
req_287,IS_383_2016_H,0,synthetic,0.12023563006213432,1.0,1.8125404274574757,1.0,0.12169354541586568,0.17544543023409778,0.14868302653306,0.0007010328162352641,2.0,3.0,0.0,0.20074386220516066,0.03191512599860753,1.0,1.0,10.0,1.8375543340258855,1.0
req_006,IS_875_Part3_2015_H,0,manual,0.17382729329991337,5.0,1.301276362985682,5.0,0.3918428226721827,0.1312058813125483,0.11281521184005991,0.0,0.0,0.0,0.0,0.0,0.03165995377166038,5.0,1.0,11.0,2.5754967831028375,5.0
req_463,IS_694_2010,0,synthetic,0.2442015499154014,1.0,0.5598624030194713,2.0,0.3794601984382938,0.0688038899596356,0.0688038899596356,0.0411818864402768,3.0,1.0,0.0,0.0,0.0314849160768205,2.0,1.0,16.0,2.8241098174987944,2.0
req_467,IS_694_2010_H,0,synthetic,0.08310091939946396,1.0,1.4471744137952276,1.0,0.42476993862718815,0.12249977530976591,,0.06278571400697217,3.0,3.0,0.0,0.07924484775501842,0.03239886681731799,2.0,1.0,16.0,2.918503610029173,2.0
req_627,IS_1200_Part1_1992,1,synthetic,0.6019549545576918,1.0,3.287233860885216,1.0,0.2684851432679421,0.3018205177702211,0.3018205177702211,0.7883544921369523,4.0,4.0,0.0,0.0,0.032310038238768,1.0,1.0,34.0,3.542767867222393,1.0
req_096,IS_8329_2000_H,1,synthetic,0.1160201921377276,7.0,1.6018459420876079,4.0,0.2619927031503902,0.06972191605670994,0.08771213277578338,0.08901310471461071,0.0,3.0,0.0,0.0,0.03199385388581246,3.0,1.0,26.0,1.9188981919286576,3.0
req_307,IS_1200_Part1_1992,0,synthetic,0.1292898242392307,2.0,2.000819170303352,1.0,0.4375313273975362,0.1299071759826468,0.1299071759826468,0.0702008833006273,4.0,2.0,0.0,0.3379588230179127,0.0328079486762749,1.0,1.0,34.0,1.7059380141230391,1.0
req_042,IS_694_2010,0,synthetic,0.0622271045017648,8.0,2.704525596968843,3.0,0.3926576447285169,0.1503590081735932,0.1503590081735932,0.1097325148216699,2.0,3.0,1.0,0.0,0.0320731446165381,3.0,1.0,16.0,2.3187471651746057,3.0
req_159,IS_2309_1989_H,1,synthetic,0.26695217707779145,2.0,3.67943838716687,2.0,0.46177985549187256,0.14556533637335708,0.15741036197951813,0.6761602964304512,4.0,4.0,1.0,0.2885051005871074,0.03205047358699795,1.0,1.0,37.0,1.7080408869222312,1.0
req_122,IS_2074_1992_H,0,synthetic,0.1267474600454117,5.0,0.5791194788732731,5.0,0.14290838742502388,0.06944179279232875,0.06646100832506066,0.12127165297821291,2.0,3.0,0.0,0.0098236537775144,0.03171444874481599,3.0,1.0,34.0,2.0144573701633575,3.0
req_507,IS_875_Part1_1987,0,synthetic,0.2389922017010869,1.0,0.7060045926474331,2.0,0.1554244601125587,0.0627586912905042,0.0627586912905042,0.0,0.0,2.0,0.0,0.0,0.0313071798690334,2.0,1.0,39.0,2.097947964884092,2.0
req_120,IS_875_Part3_2015,0,synthetic,0.0884653818163619,7.0,0.8531029888323494,6.0,0.1594561046457121,0.0681450303567148,0.0681450303567148,0.0813744304054047,4.0,2.0,0.0,0.0,0.0317263296805008,4.0,1.0,11.0,2.629261467786125,4.0
req_279,IS_2911_Part1_Sec2_2010,0,synthetic,0.1530149258182104,1.0,2.6590822340765667,1.0,0.3907345792554414,0.0378838324291034,0.0378838324291034,0.1633397584446434,4.0,1.0,0.0,0.0,0.0317962792854887,1.0,1.0,16.0,1.696050121078537,1.0
req_116,IS_2309_1989_H,0,synthetic,0.09402959580391068,4.0,0.8261875578334004,5.0,,0.18836464426949504,0.1644707465298023,0.1825055288658039,3.0,1.0,0.0,0.0,0.031868006661923895,4.0,1.0,37.0,2.9494810384741563,4.0
req_442,IS_1489_Part1_2015,0,synthetic,0.0798076019994183,2.0,0.3121079260214439,2.0,0.2946278254943948,0.0714285714285714,0.0714285714285714,0.0,2.0,0.0,0.0,0.0,0.03125,2.0,1.0,11.0,2.5789473684210527,2.0
req_115,IS_1893_Part1_2016_H,1,synthetic,0.22232926626817484,6.0,1.9706495093692853,6.0,0.2505781439291554,0.1150025660117333,0.13799239960219767,0.04492898536305694,0.0,0.0,0.0,0.1079017272662171,0.03234323368011714,2.0,1.0,10.0,3.175620093741047,2.0
req_258,IS_269_2015,1,synthetic,0.6208346740862335,1.0,4.439846986283698,1.0,0.3594011059706031,0.2183481254587247,0.2183481254587247,0.779419521453126,1.0,0.0,0.0,0.3339007939906713,0.0329706427578876,1.0,1.0,11.0,3.1459207912732525,1.0
req_083,IS_1904_1986,0,synthetic,0.2280382418867914,5.0,-0.0226547627872061,6.0,0.1773571209654169,0.1566072475784621,0.1566072475784621,0.0311847058054678,2.0,1.0,0.0,0.0,0.0319840577536997,3.0,1.0,40.0,1.3907534277849956,3.0
req_566,IS_875_Part3_2015,0,synthetic,0.2520582438517656,2.0,0.8354886560351223,2.0,0.0754180641976555,0.1022143116700236,0.1022143116700236,0.0874785271968097,1.0,0.0,0.0,0.0,0.0314851679871071,2.0,1.0,11.0,2.115443025085879,2.0
req_076,IS_814_2004_H,1,synthetic,0.16758645442348252,6.0,0.5030219555197423,7.0,0.13827987541886053,0.1567523154281297,0.09981726738726591,0.050710684939265,1.0,0.0,0.0,0.0212037323522951,0.03192699282454693,3.0,1.0,22.0,2.8179884661627312,3.0
req_545,IS_2074_1992_H,0,synthetic,0.24155904761315788,2.0,2.379183988737659,2.0,0.3763066320108297,0.3071943113477707,0.3263660177900952,0.6257295939667267,1.0,1.0,0.0,0.2907704371162764,0.03186317197725248,1.0,1.0,34.0,2.9762582455424114,1.0
req_026,IS_13920_2016,0,synthetic,0.0684745928821658,6.0,1.2092312088034238,6.0,0.3293236531715962,0.1209632356594543,0.1209632356594543,0.0,0.0,0.0,0.0,0.0,0.031298108570957,6.0,1.0,10.0,1.334666124442952,6.0
req_011,IS_2309_1989,0,manual,0.0667760655773891,6.0,0.6709545524598233,6.0,0.1908854288927333,0.074074074074074,0.074074074074074,0.0,0.0,0.0,0.0,0.0,0.0317460317460317,6.0,1.0,37.0,1.8148148148148149,6.0
req_444,IS_12269_2013_H,0,synthetic,0.08688781105969634,1.0,2.0004884226784134,1.0,0.27667923789782617,0.16164164840920497,0.17553707594435405,0.16077819307795066,1.0,3.0,0.0,0.0060935676395848185,0.031767710546098595,1.0,1.0,13.0,2.376325988041524,1.0
req_576,IS_2074_1992_H,1,synthetic,0.50252842893691,2.0,4.862028027901392,2.0,0.38449098469931237,0.28072149698638826,0.3020030144027275,,3.0,3.0,0.0,0.5927287516664648,0.03184048494081161,1.0,1.0,34.0,2.4749947172949214,1.0
req_038,IS_2062_2011,0,synthetic,0.3196706999688016,3.0,1.3454749879687475,5.0,0.1009241215369435,0.1169445039866972,0.1169445039866972,0.1655752251212432,1.0,1.0,0.0,0.0,0.031643554700458,5.0,1.0,15.0,1.6933330782116978,5.0
req_001,IS_2062_2011_H,0,manual,0.13627989856330067,5.0,1.6758016283068382,6.0,0.2721236481436049,0.08721410782469989,0.09006167772976297,0.029859476757898854,4.0,2.0,0.0,0.05949968775734914,0.031779396099528213,5.0,1.0,15.0,,5.0
req_046,IS_9595_1996_H,0,synthetic,0.1916019310892209,3.0,1.7292800649659394,5.0,0.3128407945676951,0.14970538673438652,0.13716467569235904,0.017667904211550053,0.0,0.0,0.0,0.18538785523988943,0.031871662822014216,1.0,1.0,30.0,1.8271626178073488,1.0
req_027,IS_3043_2018_H,0,synthetic,0.28977648340967604,4.0,1.19719489228421,7.0,0.136011890379734,,0.11781934180732939,0.14442289343499531,3.0,3.0,0.0,0.0,,,1.0,8.0,2.389193592918939,
req_497,IS_1554_Part1_1988_H,1,synthetic,,,1.9186658906488574,1.0,0.1720007704670427,0.0549516730826579,0.04839874099660264,0.0337283237527084,2.0,2.0,0.0,0.024713579134999143,0.03249779476227985,2.0,0.5,38.0,2.6601349857527605,2.0
req_098,IS_2932_1974_H,0,synthetic,0.29732053189845975,4.0,0.9889625392162313,7.0,0.13751884002953224,0.11884041019970507,0.10815281115716159,0.06279424974150496,0.0,1.0,0.0,0.04043452063252558,0.03183562736513108,3.0,1.0,52.0,2.5969377496267554,3.0
req_142,IS_1077_1992_H,1,synthetic,0.39855576797952114,2.0,4.672072503277096,2.0,0.37118970928978573,0.3498236984870613,0.34930161921247377,0.0,0.0,0.0,0.0,0.011049585351021556,0.032485453882125294,2.0,1.0,34.0,2.2549795979329286,2.0
req_048,IS_783_1985,1,synthetic,0.4619812715003157,1.0,3.857986823668532,1.0,0.4206510090097237,0.2056199140249316,0.2056199140249316,0.4920086576101616,2.0,2.0,0.0,0.0,0.0313878074125338,6.0,1.0,41.0,3.0741363389121883,6.0
req_367,IS_458_2003,0,synthetic,0.0751636936241748,2.0,1.4830955535138295,1.0,0.1387969574945403,0.0605620187083822,0.0605620187083822,0.241732847980466,4.0,0.0,0.0,0.0,0.0329355723770932,1.0,1.0,23.0,2.559623881768292,1.0
req_082,IS_1536_2001,1,synthetic,0.6293445045610089,1.0,1.863897979793456,4.0,0.2752898414393553,0.2146713036425591,0.2146713036425591,0.962138042436452,1.0,1.0,0.0,0.0,0.0328278953390422,1.0,0.5,25.0,2.9905646960504555,1.0
req_060,IS_694_2010_H,1,synthetic,0.05764130950693587,7.0,1.4749716990654864,7.0,0.36603117801708607,0.14842902751155612,0.08905192545055746,0.08564602670360873,3.0,3.0,0.0,0.1958338112082479,0.032243267026449814,6.0,1.0,16.0,2.88564007926435,6.0
req_231,IS_2911_Part1_Sec2_2010_H,1,synthetic,0.2610518827223967,2.0,2.2433558404371405,2.0,0.26442346691772445,0.15937958309119607,0.15635180277862143,0.1447005634090897,1.0,2.0,0.0,0.02605126830526661,0.03239300158186137,2.0,1.0,16.0,1.757728334963577,2.0
req_539,IS_1077_1992_H,1,synthetic,0.24179052854500993,1.0,2.0900968644677436,1.0,,0.16514334083219617,0.16488660456104237,0.14283423688260385,1.0,3.0,0.0,0.1512076018396342,0.03215347444955725,2.0,1.0,34.0,3.004135016568969,2.0
req_284,IS_2074_1992_H,0,synthetic,0.18015421616954175,1.0,2.3196776992284187,1.0,0.290933917301783,0.15655445393089237,0.11343184931702534,0.17165708074671693,4.0,2.0,0.0,0.029230103605173287,0.03167220163600919,1.0,1.0,34.0,2.978114400828823,1.0
req_103,IS_10262_2019_H,0,synthetic,0.525971078915575,2.0,4.891972826976289,2.0,0.48147158317221544,0.302533833279066,0.3021163869074512,0.6251305252370076,3.0,4.0,1.0,0.0,,,1.0,7.0,2.3467386762183766,
req_421,IS_432_1982,0,synthetic,0.1489498935275797,2.0,3.034124847114809,1.0,0.3803194146278324,0.2,0.2,0.0,4.0,0.0,0.0,0.0,0.032258064516129,1.0,0.5,44.0,1.7876712328767124,1.0
req_482,IS_9595_1996,0,synthetic,0.1870219265511344,2.0,1.6856355093262358,2.0,0.3097108034795442,0.1448248138140186,0.1448248138140186,0.0,0.0,0.0,0.0,0.2668433312933492,0.0317020468414739,2.0,1.0,30.0,1.6763030617995365,2.0
req_099,IS_1642_1989,0,synthetic,0.0823081952814845,5.0,2.6094043822578503,1.0,0.1755474826406476,0.0204928398303306,0.0204928398303306,0.2720640132809376,4.0,0.0,0.0,0.0,0.0312982889853335,4.0,1.0,37.0,1.4616942829034223,4.0
req_587,IS_2212_1991_H,1,synthetic,0.3628069130823244,2.0,3.6729993340965827,2.0,0.6465328793876356,0.2825600177899288,0.27959665869295813,0.684784315206024,,3.0,0.0,0.5720544262144078,0.032342620902260706,2.0,1.0,35.0,3.043907519897543,2.0
req_214,IS_1893_Part1_2016,1,synthetic,0.6953503072184839,1.0,4.292020438817657,1.0,0.4704428035311555,0.2674466779209183,0.2674466779209183,0.8848965043770927,3.0,2.0,0.0,0.9216261365206744,0.0322763607340216,1.0,1.0,10.0,1.4497075450198211,1.0
req_560,IS_1489_Part1_2015,0,synthetic,0.1027871410230817,2.0,1.5279399868631638,2.0,0.268092465057775,0.1866660410381118,0.1866660410381118,0.0,0.0,0.0,0.0,0.1244795136499217,0.0317341657860521,2.0,1.0,11.0,2.6180659099456944,2.0
req_619,IS_2911_Part1_Sec2_2010,0,synthetic,0.1530149258182104,1.0,2.6590822340765667,1.0,0.3907345792554414,0.0378838324291034,0.0378838324291034,0.1633397584446434,4.0,1.0,0.0,0.0,0.0317962792854887,2.0,1.0,16.0,1.696050121078537,2.0
req_556,IS_1642_1989_H,1,synthetic,0.4137736688992127,2.0,2.0651806473951373,2.0,0.5472163734893336,0.3479093281808791,0.36459994929138895,0.5383750506606688,4.0,5.0,0.0,0.5132422670111338,0.03155163698022345,1.0,1.0,37.0,2.685834277873047,1.0
req_133,IS_2911_Part1_Sec2_2010_H,0,synthetic,0.536441799345847,2.0,3.246999613136861,2.0,0.5136430364073339,0.2834921239951447,0.15569765143605757,0.6446327829832249,3.0,3.0,0.0,0.0,0.03250550770178301,2.0,1.0,16.0,2.7296309030094297,2.0
req_234,IS_1786_2008_H,0,synthetic,0.1205381474959778,1.0,1.9305171431336903,1.0,0.3503208051023298,0.14129806900544198,0.12762638175202198,0.0478948891096638,3.0,1.0,0.0,0.0,0.03213128967946319,2.0,1.0,18.0,1.6822192484998275,2.0
req_090,IS_875_Part1_1987_H,0,synthetic,0.23189278640909647,6.0,1.1279489537943619,5.0,0.18739342242384627,0.08071698643948139,0.08778647770807226,0.03467179297244574,0.0,2.0,0.0,0.0,0.031559356453576166,5.0,1.0,39.0,2.2820800450770844,5.0
req_487,IS_1346_1991_H,1,synthetic,0.08058620263301514,1.0,0.6896914013274323,1.0,0.2795455649391423,0.0688400468239132,0.07734986917107145,0.012410009391912828,0.0,0.0,0.0,0.0,0.031931950893066045,1.0,1.0,35.0,1.550093528009624,1.0
req_040,IS_2932_1974,1,synthetic,0.540900185676364,1.0,2.736295807986818,1.0,0.3462881452845975,0.3055119611487586,0.3055119611487586,0.7237169888023731,3.0,3.0,1.0,0.0,0.0322758092620071,1.0,1.0,52.0,2.3299906730653177,1.0
req_130,IS_3495_Part1_1992,0,synthetic,0.0380330148727004,6.0,0.5219837624519108,6.0,0.3255759422731814,0.068830661248828,0.068830661248828,0.0199793377264853,2.0,0.0,0.0,0.0,0.0328257375606909,1.0,1.0,34.0,2.096514984451706,1.0
req_107,IS_732_2019,0,synthetic,0.174292718625404,6.0,1.399896440057733,4.0,0.2395899307577251,0.0733581145233712,0.0733581145233712,0.0960938271445662,4.0,0.0,0.0,0.0335847508802129,0.0325466370364721,3.0,1.0,7.0,2.5030336820872643,3.0
req_098,IS_800_2007_H,0,synthetic,0.11959058487498306,7.0,2.3141317958404413,4.0,0.20143042586970097,0.04410061259639997,0.07493234661803243,0.047215645775211375,3.0,3.0,0.0,0.004253561081202026,0.03194222159403844,1.0,1.0,19.0,2.366626110991396,1.0
req_095,IS_2074_1992,1,synthetic,0.5385980781936566,1.0,6.086416271647451,1.0,0.4684338969846661,0.117855478098382,0.117855478098382,0.7588014144900305,4.0,4.0,0.0,0.0,0.0323688262717143,1.0,1.0,34.0,2.382085284218319,1.0
req_046,IS_2074_1992_H,0,synthetic,0.18366486624035794,5.0,2.341563870706161,3.0,0.34193170153539443,0.1364702045703471,0.1311815944457826,0.049633561097046086,0.0,0.0,0.0,0.1751194778630893,0.03148827937295634,5.0,1.0,34.0,2.2886044107823236,5.0
req_403,IS_1642_1989_H,0,synthetic,0.22618128577233232,2.0,2.1844912619129078,2.0,0.3974827833213891,0.12419918468651205,0.07603795605429657,0.0174439669226406,4.0,2.0,0.0,0.0312057974046277,0.03205695829055775,2.0,1.0,37.0,2.21427128258737,2.0
req_130,IS_1489_Part1_2015_H,0,synthetic,0.19041630640047247,3.0,1.0527287442564288,4.0,0.3083104138789624,0.13683606504095325,0.15398610620545178,0.024770834819391227,0.0,0.0,0.0,0.005129771780294622,0.03203791230843014,6.0,1.0,11.0,1.9399159446798089,6.0
req_459,IS_458_2003,0,synthetic,0.1593725759903062,2.0,-0.0171210695480172,2.0,0.3849001794597505,0.1428571428571428,0.1428571428571428,0.0,0.0,0.0,0.0,0.0,0.0320020481310803,1.0,1.0,23.0,2.52,1.0
req_033,IS_2911_Part1_Sec2_2010_H,1,synthetic,0.17781442401274428,5.0,2.0988804545831488,5.0,0.2982656420325846,0.14484656356005368,0.12989318314145865,0.12682401726291945,2.0,2.0,0.0,0.08008128132023307,0.031676294967029874,2.0,1.0,16.0,2.5350547776205747,2.0
req_002,IS_1786_2008_H,0,manual,0.11774147041686579,5.0,0.6790974687852588,7.0,0.22347931557743245,0.11821867899621837,0.1257439657424906,0.020254772261386722,1.0,,0.0,0.0,0.03146335314738549,7.0,1.0,18.0,2.5977613158190778,7.0
req_499,IS_2911_Part1_Sec1_2010_H,0,synthetic,0.10505278848006784,1.0,1.6642106694093457,2.0,0.37910418526140294,0.08812488557726612,0.07807199310238547,0.09374895555145622,4.0,2.0,0.0,0.03323181119528103,0.032080277219172,2.0,1.0,16.0,2.6604902284281104,2.0
req_597,IS_875_Part1_1987_H,1,synthetic,0.4642698240182944,2.0,2.4107438631141007,2.0,0.5204770123557408,0.3634549775808435,0.28046256985548224,0.4593950908104131,3.0,2.0,1.0,0.2322592144051068,0.03145360919599442,1.0,1.0,39.0,2.666383472068989,1.0
req_493,IS_1786_2008_H,1,synthetic,0.2742581194648636,2.0,0.9730869557420485,1.0,0.21696495209701963,0.12619822822979024,0.12498393752378308,0.18484550887435605,1.0,0.0,0.0,0.0,0.031930998607146516,2.0,1.0,18.0,2.1028957516167748,2.0
req_553,IS_694_2010,1,synthetic,0.2199386242127096,2.0,6.405432826793733,1.0,0.4597549341899367,0.3745964366916227,0.3745964366916227,0.0,0.0,1.0,1.0,0.792981706277443,0.0320337356451468,1.0,1.0,16.0,3.060661657386656,1.0
req_572,IS_1893_Part1_2016_H,1,synthetic,0.5255770733403374,2.0,3.7284177115156085,2.0,0.39676889357419154,0.2342220640135485,0.192326375651349,0.7394673332077312,3.0,2.0,0.0,0.3627804387655688,0.03224712515021078,2.0,1.0,10.0,1.7276618463281261,2.0
req_037,IS_2911_Part1_Sec2_2010_H,0,synthetic,0.2236465182407743,5.0,1.523065904251574,6.0,0.16255836860570846,0.09108797816806664,0.09954579561230445,0.15613245356417726,1.0,1.0,0.0,0.011866338054273819,0.032313600782587014,2.0,1.0,16.0,2.140651173670036,2.0
req_093,IS_8329_2000,1,synthetic,0.4035851804202228,1.0,4.319193714479843,1.0,0.5340757800411726,0.2183467775864633,0.2183467775864633,0.0,0.0,0.0,0.0,0.7821770487732921,0.0325610328592553,2.0,1.0,26.0,2.482072610157964,2.0
req_071,IS_3043_2018_H,0,synthetic,,,1.0588809975381772,5.0,0.16582018361909773,,0.0683282530504219,0.02986975134311205,0.0,1.0,0.0,0.0,0.032064565384896826,2.0,1.0,8.0,3.0976196791726784,2.0
req_091,IS_1904_1986,1,synthetic,0.2998374003804732,1.0,1.933825602204766,4.0,0.3439577054307227,0.1879702424370598,0.1879702424370598,0.0,0.0,1.0,0.0,0.0,0.0317949346970162,6.0,1.0,40.0,2.3993775084835445,6.0
req_332,IS_2074_1992_H,0,synthetic,0.2819703462541224,2.0,1.2391568521362726,1.0,0.3346897075352678,0.10779141884168003,0.1140772872150449,0.07054415339858522,4.0,2.0,0.0,0.0,0.031435667580481746,1.0,1.0,34.0,2.4648161767198986,1.0
req_102,IS_1489_Part1_2015_H,0,synthetic,0.22698341223525403,3.0,2.384603648494538,5.0,0.28616490144559004,0.1329445007365653,0.15359452457046308,0.17929189631645728,2.0,1.0,0.0,0.08905632808568097,0.03211835470253694,4.0,1.0,11.0,2.725370328376636,4.0
req_375,IS_456_2000_H,1,synthetic,0.20139336483734366,1.0,1.3693230913156493,2.0,0.2970773580855967,0.14466214790737852,0.12616000011328873,0.054659808699250245,1.0,0.0,0.0,0.016219030731038142,0.03210713544324027,2.0,1.0,26.0,1.9718395381985068,2.0
req_049,IS_1200_Part1_1992,0,synthetic,0.1108461305417038,7.0,0.7328199523355535,7.0,0.063030569287362,0.11132063935216,0.11132063935216,0.1355741591102046,1.0,2.0,0.0,0.2910938210820925,0.0327285000678504,1.0,1.0,34.0,3.2599394229218124,1.0
req_004,IS_383_2016,1,manual,0.2909201742452772,1.0,2.8217677648297665,1.0,0.3631365196012814,0.1923076923076923,0.1923076923076923,0.0,1.0,0.0,0.0,0.0,0.0327868852459016,1.0,1.0,10.0,1.3777777777777778,1.0
req_569,IS_783_1985_H,0,synthetic,0.3245262731729883,2.0,3.326701401067277,2.0,0.5278151850897312,0.32467050921065355,0.23368161084125819,0.27809308608987915,4.0,5.0,0.0,0.0,0.03144864446290742,1.0,1.0,41.0,2.649869307841309,1.0
req_050,IS_2911_Part1_Sec1_2010,0,synthetic,0.0444505962343651,8.0,1.8412945021172675,4.0,0.4158660465734192,0.0758417127593261,0.0758417127593261,0.038685497481468,4.0,2.0,0.0,0.0,0.0321178441401821,5.0,1.0,16.0,2.762209168899101,5.0
req_292,IS_2911_Part1_Sec2_2010,1,synthetic,0.2697689642625719,2.0,2.332974916091839,1.0,0.6573672595672218,0.2817856174868894,0.2817856174868894,0.4674804737149809,4.0,5.0,0.0,0.4244956700430546,0.0321224901258772,1.0,1.0,16.0,2.932646090367648,1.0
req_018,IS_2074_1992_H,0,manual,0.1574131811225726,5.0,2.051775612484269,2.0,0.24841565213628758,0.10919380959290859,0.07235744907972366,0.04199231333224153,0.0,0.0,0.0,0.0,0.032202096873499036,5.0,1.0,34.0,1.753920901083448,5.0
req_074,IS_10262_2019,0,synthetic,0.0273687959077307,7.0,0.2479656703172758,8.0,0.2105499256955421,0.1931110158223946,0.1931110158223946,0.0,0.0,0.0,0.0,0.1200733382952691,0.0320422296596009,5.0,1.0,7.0,2.0685056970937694,5.0
req_104,IS_2911_Part1_Sec2_2010_H,1,synthetic,0.45649328212407897,2.0,4.2626125059315445,2.0,0.6038220860917014,0.24534874903693835,0.25199188252443144,0.48910308941082614,3.0,,0.0,0.30026116597777874,0.031675439693679176,7.0,1.0,16.0,2.7993586214218316,7.0
req_191,IS_814_2004_H,0,synthetic,0.2004280652744945,1.0,1.3037010268206923,1.0,0.34630760360142737,0.12540048312180718,0.09793733585327416,0.0,0.0,0.0,0.0,0.0,0.03226181547794715,2.0,1.0,22.0,1.6789786605388972,2.0
req_544,IS_2911_Part1_Sec1_2010,0,synthetic,0.141913216949635,2.0,1.718885303929531,2.0,0.1033668687162039,0.1873785828248614,0.1873785828248614,0.0,0.0,0.0,1.0,0.0,0.0324731289435101,1.0,1.0,16.0,2.030635849674108,1.0
req_315,IS_2062_2011,1,synthetic,0.4528664598465325,1.0,3.740643601971422,1.0,0.5898093797322417,0.3266992499347357,0.3266992499347357,0.8126063880944245,4.0,5.0,0.0,0.6491593637595524,0.0310334522952052,2.0,1.0,15.0,2.9471528958204445,2.0
req_073,IS_814_2004,0,synthetic,0.2506862143760121,3.0,1.8241646870551813,8.0,0.1855536159738807,0.1364599726370128,0.1364599726370128,0.0,0.0,3.0,0.0,0.0,0.0317992354924501,8.0,1.0,22.0,3.0188045276645736,8.0
req_487,IS_1346_1991,0,synthetic,0.0693068648499906,2.0,0.2838801901114621,2.0,0.2760262237369417,0.0454545454545454,0.0454545454545454,0.0,0.0,0.0,0.0,0.0,0.0317460317460317,2.0,1.0,35.0,1.3245614035087718,2.0
req_510,IS_2911_Part1_Sec2_2010,0,synthetic,0.2402901014768811,2.0,2.328201019884109,1.0,0.0719535036928014,0.0588620113797904,0.0588620113797904,0.0303675362285344,3.0,0.0,0.0,0.1348658808790977,0.0323137530274504,1.0,1.0,16.0,2.5895650220626134,1.0
req_442,IS_1489_Part1_2015_H,0,synthetic,0.10004238207612079,1.0,0.45670649761070203,1.0,0.3143862990661359,0.08101223929994195,0.08602012627091912,0.082270846538759,2.0,0.0,0.0,0.01375114986477284,0.0315029851593982,1.0,1.0,11.0,2.5071727564612667,1.0
req_041,IS_1642_1989,0,synthetic,0.0519959802267082,8.0,1.0368882483242423,8.0,0.1871732546066708,0.0732570302388412,0.0732570302388412,0.0065818793578695,4.0,1.0,0.0,0.0,0.0310161959315229,8.0,1.0,37.0,3.282908384588575,8.0
req_536,IS_269_2015,0,synthetic,0.0277594677165006,2.0,0.6024345848072068,2.0,0.3164623305405902,0.1748930371071088,0.1748930371071088,0.2998717250632354,3.0,0.0,0.0,0.0,0.0310804633462892,2.0,1.0,11.0,3.0272317514695093,2.0
req_480,IS_1554_Part1_1988_H,0,synthetic,0.21946894504629044,2.0,2.494329697632628,2.0,0.28618253491890233,0.12960461821287594,0.13111101918862222,0.04631960122293991,1.0,0.0,0.0,0.0,0.03224804402822397,2.0,0.5,38.0,1.9006932167220352,2.0
req_192,IS_3495_Part1_1992,0,synthetic,0.1493260521675552,2.0,0.3999419425789364,2.0,0.2080125735844609,0.0869565217391304,0.0869565217391304,0.0,0.0,0.0,0.0,0.0,0.0320020481310803,1.0,1.0,34.0,2.3421052631578947,1.0
req_091,IS_2932_1974,0,synthetic,0.2183120164238014,3.0,0.2097401010194358,8.0,0.2630916719800689,0.0532786196975685,0.0532786196975685,0.0559748823473794,2.0,1.0,0.0,0.1539091479984692,0.0326741575042689,2.0,1.0,52.0,2.575979481599126,2.0
req_169,IS_3812_Part1_2013_H,0,synthetic,0.11493816564179882,1.0,0.7909278246822802,1.0,0.18421378756171536,0.08120551802197948,0.08544705469865772,0.024945803404152155,1.0,0.0,0.0,0.0,0.03169081288105556,1.0,1.0,13.0,1.8907897180914,1.0
req_448,IS_1346_1991_H,1,synthetic,0.2125829457960864,2.0,0.5091686371204627,1.0,0.2859973908453477,0.12507047216130243,0.12792469296319647,0.08911773296174123,4.0,2.0,0.0,0.050357440167889,0.03163601733946666,1.0,1.0,35.0,2.470898160285596,1.0
req_051,IS_458_2003_H,1,synthetic,0.2913648167947237,2.0,4.023272951801635,2.0,0.5962134718752636,0.25466856812965877,0.22373000526391282,0.054768260476652675,0.0,0.0,0.0,0.5704005336492913,,,1.0,23.0,1.9093800093450233,
req_201,IS_1642_1989,0,synthetic,0.287640675328327,1.0,0.864509054061645,2.0,0.1189437122456179,0.0697969169602516,0.0697969169602516,0.2013372125871125,1.0,2.0,0.0,0.0551236051751144,0.0329165961090169,1.0,1.0,37.0,2.565120544344504,1.0
req_041,IS_12269_2013,0,synthetic,0.2534934847310233,3.0,2.7247680279595854,3.0,0.4133529510246713,0.1541309877441146,0.1541309877441146,0.1821194994492797,1.0,0.0,0.0,0.0,0.0322417823262606,3.0,1.0,13.0,2.8427464777648948,3.0
req_377,IS_12269_2013_H,0,synthetic,0.4723728867544057,2.0,1.7169540116225293,2.0,0.4642147006363729,0.1875408245293203,0.16122646508761587,0.37802482921072295,,4.0,0.0,0.30700088994144403,0.03224138245181844,2.0,1.0,13.0,2.552954330878184,2.0
req_174,IS_73_2013,1,synthetic,0.5050410979292064,1.0,5.167792379325096,1.0,0.5994721573078665,0.2517789884393917,0.2517789884393917,0.51417176519988,2.0,3.0,0.0,0.2779090961685287,0.0312322409614502,2.0,1.0,13.0,1.801780076213624,2.0
req_064,IS_1893_Part1_2016,0,synthetic,0.2908664480719426,3.0,0.5261468200549463,6.0,0.2600306648868283,0.0496166881848959,0.0496166881848959,0.0348720066553992,3.0,2.0,0.0,0.2041016874543561,0.0320207507080656,2.0,1.0,10.0,3.1504263954665075,2.0
req_366,IS_1346_1991,0,synthetic,0.2423757136149466,1.0,-0.0037732821464076,2.0,0.2668577410522914,0.1251257418412396,0.1251257418412396,0.0885576862523214,4.0,2.0,0.0,0.0805065191011422,0.0314914600327506,2.0,1.0,35.0,2.544009951415126,2.0
req_429,IS_2074_1992,0,synthetic,0.2652658676675105,1.0,2.220759654081588,1.0,0.1736065886022258,0.1369012543020123,0.1369012543020123,0.1382924558240543,1.0,3.0,0.0,0.0,0.0314873821220986,2.0,1.0,34.0,1.6236976805228407,2.0
req_360,IS_3043_2018_H,0,synthetic,0.19906109252493226,2.0,2.0545154940318717,2.0,0.3403408116694068,0.16167694698331983,0.15824019054379448,0.01820902469710979,0.0,0.0,0.0,0.0,0.03268294283981975,2.0,1.0,8.0,2.0717192858515387,2.0
req_002,IS_226_1975_H,0,manual,0.10661043214017335,6.0,1.2813900730669046,5.0,0.280934138027163,0.11199033920461994,0.1200454080817758,0.07133411322750494,1.0,1.0,0.0,0.029600299908315,0.03209396835395015,3.0,0.0,51.0,2.461230008761616,3.0
req_117,IS_1077_1992,0,synthetic,0.0973459294458201,8.0,1.0406187508697515,6.0,0.3633489676387696,0.0596688181299294,0.0596688181299294,0.2400484181547105,4.0,0.0,0.0,0.0,0.0320713038147944,5.0,1.0,34.0,2.8969235979439025,5.0
req_093,IS_2911_Part1_Sec1_2010,0,synthetic,0.1916069719395685,3.0,1.298182855596968,7.0,0.1106018885442599,0.0925353125176838,0.0925353125176838,0.204243858963984,3.0,3.0,0.0,0.0,0.0327579152633472,1.0,1.0,16.0,2.8727073223018,1.0
req_408,IS_8329_2000_H,1,synthetic,0.15225702937287772,1.0,1.9870787870490514,1.0,0.3033285600577442,0.09207994371311459,0.08339141382340684,0.01632897184795738,0.0,3.0,0.0,0.0,0.03198041590270271,1.0,1.0,26.0,1.836390618689343,1.0
req_085,IS_73_2013,1,synthetic,0.3778713777521418,1.0,4.469990311969394,1.0,0.6224508573439895,0.1762617133068528,0.1762617133068528,0.9736531337530592,1.0,0.0,0.0,0.0,0.0321002417840041,4.0,1.0,13.0,1.4726044009313108,4.0
req_074,IS_269_2015_H,0,synthetic,0.24218707956906424,3.0,1.596707232762957,5.0,0.2523552764455195,0.10560936540979879,0.09347399172184676,0.07114847769110103,2.0,2.0,0.0,0.022789305966548254,0.032206039888975836,4.0,1.0,11.0,2.279499098147582,4.0
req_588,IS_73_2013_H,0,synthetic,0.1873657467745885,1.0,1.4427913075542549,1.0,0.28228212430354127,0.11110533265719649,0.11437427721552954,0.03435065929943562,1.0,2.0,0.0,0.0,0.032111997976172965,2.0,1.0,13.0,1.6912674543635386,2.0
req_007,IS_1893_Part1_2016,0,manual,0.0577364570496844,8.0,0.4449311610447231,8.0,0.2519763153394848,0.074074074074074,0.074074074074074,0.0,0.0,0.0,0.0,0.0,0.03125,8.0,1.0,10.0,3.161764705882353,8.0
req_501,IS_814_2004_H,0,synthetic,,,2.041297287224456,2.0,0.39795612117538176,0.156161312613296,0.13518100122374935,0.05623120989479062,0.0,2.0,0.0,0.16904143613972958,0.031757619680655845,1.0,1.0,22.0,2.141270053005747,1.0
req_357,IS_1893_Part1_2016,1,synthetic,0.303954745134624,1.0,3.113989263736945,1.0,0.5940885257860046,0.2608695652173913,0.2608695652173913,0.0,0.0,0.0,0.0,0.0,0.0325224748810153,1.0,1.0,10.0,1.62015503875969,1.0
req_003,IS_8112_2013_H,0,manual,0.2356247131354664,4.0,0.5455575224988544,6.0,0.3993155814454318,0.2254793214253806,0.15305894525594613,0.4111354169100688,2.0,2.0,0.0,0.8704788097293467,0.03192327241824666,5.0,1.0,13.0,1.961036705923425,5.0
req_055,IS_2212_1991,0,synthetic,0.3159723978927458,3.0,1.8533434028935585,3.0,0.3309115995960311,0.1189994865476403,0.1189994865476403,0.2554086152259378,1.0,1.0,0.0,0.0,0.032275400045128,3.0,1.0,35.0,3.1151865020357565,3.0
req_125,IS_1904_1986,0,synthetic,0.2122711789355219,4.0,0.2648227820123017,6.0,0.2545122210692265,0.0320023717573278,0.0320023717573278,0.0,0.0,0.0,0.0,0.0,0.0319707405744733,1.0,1.0,40.0,1.4820709286240508,1.0
req_216,IS_2911_Part1_Sec2_2010,1,synthetic,0.5550618157441836,1.0,5.306066124803702,1.0,0.7416263007578561,0.2775440373703342,0.2775440373703342,0.7375014924150614,3.0,2.0,0.0,0.3589950337245966,0.0313998048345294,2.0,1.0,16.0,3.012934793874626,2.0
req_589,IS_73_2013,1,synthetic,0.3778713777521418,1.0,4.469990311969394,1.0,0.6224508573439895,0.1762617133068528,0.1762617133068528,0.9736531337530592,1.0,0.0,0.0,0.0,0.0321002417840041,2.0,1.0,13.0,1.4726044009313108,2.0
req_640,IS_3043_2018,0,synthetic,0.2362785130012126,1.0,1.828667389902748,2.0,0.3837182179546318,0.1330846586636417,0.1330846586636417,0.0926798651857908,4.0,0.0,0.0,0.0,0.0324647195358784,1.0,1.0,8.0,1.4618134330036143,1.0
req_146,IS_875_Part3_2015,0,synthetic,0.2573327639687132,1.0,2.474502599011599,1.0,0.1693942862203873,0.0758136589286405,0.0758136589286405,0.142019930303053,2.0,3.0,0.0,0.2264151745802625,0.0327242770609385,1.0,1.0,11.0,1.3623394804792548,1.0
req_248,IS_3067_1988,1,synthetic,0.1371609117611926,2.0,1.5464552051708291,2.0,0.3113995776646092,0.15,0.15,0.0,0.0,0.0,0.0,0.0,0.032258064516129,1.0,1.0,38.0,1.411214953271028,1.0
req_359,IS_1536_2001_H,0,synthetic,0.23140223674820423,1.0,2.2760436935879405,2.0,0.21726717643116406,0.07650779709448163,0.07397717072944737,0.014296374096405582,0.0,2.0,0.0,0.1369237802599198,0.031884154273896965,1.0,0.5,25.0,2.5744964385167446,1.0
req_047,IS_2911_Part1_Sec2_2010_H,0,synthetic,0.3308817612408738,2.0,4.161312565212331,2.0,0.3900622628929489,0.21192773752332905,0.14049437664628808,0.4610710895058827,2.0,2.0,0.0,0.00041713711595060284,0.0325450586407422,2.0,1.0,16.0,1.7471507349173752,2.0
req_429,IS_2074_1992_H,0,synthetic,0.24027340513738019,2.0,2.128482317158511,2.0,0.2267092662701165,0.12245141647345005,0.14816505024050597,0.1409938129499533,1.0,3.0,0.0,0.0,0.031605199730936485,1.0,1.0,34.0,1.8998944012965249,1.0
req_489,IS_458_2003,0,synthetic,0.139360998936579,2.0,0.9271475971929816,2.0,0.1606111522441114,0.1648634295464078,0.1648634295464078,0.0,0.0,2.0,0.0,0.0,0.0320245892450051,2.0,1.0,23.0,3.231224913511512,2.0
req_001,IS_800_2007,0,manual,0.0486522886813757,8.0,0.660935367177788,8.0,0.1951800145897066,0.081081081081081,0.081081081081081,0.0,4.0,0.0,0.0,0.0,0.03125,8.0,1.0,19.0,1.8642857142857143,8.0
req_081,IS_875_Part5_1987_H,1,synthetic,0.27585389183314274,4.0,2.049852709777331,4.0,0.1814752736809683,0.07773142380827025,0.11429913212442695,0.08664988897280139,3.0,0.0,0.0,0.0,0.031711554833915793,2.0,1.0,39.0,2.042346619100362,2.0
req_064,IS_1536_2001_H,0,synthetic,0.20950649955588826,6.0,2.4910003634140905,4.0,0.2010517838747982,0.10386794480620272,0.047045055706194994,0.012493215015558832,0.0,2.0,0.0,0.1426552735293611,0.031896924182558246,3.0,0.5,25.0,2.5569541144086627,3.0
req_133,IS_2932_1974,0,synthetic,0.077977948843553,7.0,0.0418542266970805,8.0,0.3534609301925762,0.0227025668813162,0.0227025668813162,0.0667662637137621,1.0,2.0,0.0,0.0,0.0314091242114623,7.0,1.0,52.0,1.6661337742857076,7.0
req_091,IS_1201_1220_1978,0,synthetic,0.1455896224803351,6.0,1.4762160741399493,6.0,0.3954265456192805,0.1054683898619456,0.1054683898619456,0.0,0.0,2.0,0.0,0.1381815278230012,0.0310694569871142,8.0,1.0,48.0,2.5923668478881523,8.0
req_002,IS_1786_2008,0,manual,0.0722036088900285,8.0,0.152486194342078,8.0,0.1889822365046136,0.1071428571428571,0.1071428571428571,0.0,1.0,0.0,0.0,0.0,0.03125,8.0,1.0,18.0,2.6875,8.0
req_064,IS_1536_2001,0,synthetic,0.2116133975598149,5.0,2.630811527675816,3.0,0.1906930002718898,0.0597528631943698,0.0597528631943698,0.0,0.0,2.0,0.0,0.2617071930027997,0.0318316912308624,4.0,0.5,25.0,2.5407010957231573,4.0
req_107,IS_694_2010_H,0,synthetic,0.22442855886126709,1.0,5.005025356388298,2.0,0.4271255745573826,0.31428525340249164,0.30509578379260305,0.0009813024429403579,0.0,1.0,1.0,0.5716429034520737,0.03202529931168415,8.0,1.0,16.0,,8.0
req_190,IS_2911_Part1_Sec2_2010,0,synthetic,0.1665733540546362,1.0,2.110769262425029,1.0,0.3231498291730744,0.1362625219533714,0.1362625219533714,0.2378798604396952,2.0,2.0,0.0,0.0775587401653855,0.0316124120602601,2.0,1.0,16.0,2.616655625531063,2.0
req_065,IS_814_2004,0,synthetic,0.0555899501855826,7.0,2.7796133118211226,3.0,0.2011540390314567,0.0429224757180695,0.0429224757180695,0.0,0.0,0.0,0.0,0.0,0.0319260078023895,2.0,1.0,22.0,2.9398708412755026,2.0
req_011,IS_3043_2018,1,manual,0.2080783294575659,2.0,2.5114694230567705,1.0,0.3817708577854666,0.1818181818181818,0.1818181818181818,0.0,0.0,0.0,0.0,0.0,0.0327868852459016,1.0,1.0,8.0,2.0,1.0
req_185,IS_2062_2011,0,synthetic,0.2952410043366321,1.0,0.2958720076897455,2.0,0.0946690332783818,0.1036357827496826,0.1036357827496826,0.1786356955408259,3.0,3.0,0.0,0.0,0.0322253046455235,1.0,1.0,15.0,2.940293808998523,1.0
req_069,IS_456_2000,0,synthetic,0.1807214308771774,3.0,0.7670623291198639,6.0,0.2459085732206289,0.1456146337190712,0.1456146337190712,0.0321049286083478,2.0,0.0,0.0,0.0521141200090876,0.0320529119708004,4.0,1.0,26.0,3.1657538181762144,4.0
req_541,IS_73_2013,0,synthetic,0.2847645342082154,1.0,0.2070120346749909,2.0,0.172870659855039,0.1367437574512455,0.1367437574512455,0.2155124159155689,4.0,0.0,0.0,0.0399577285884272,0.0317258867783145,2.0,1.0,13.0,2.48097066925545,2.0
req_039,IS_269_2015_H,0,synthetic,0.18816508134733587,3.0,1.612992820741038,5.0,0.23284568580550538,0.15154155608409856,0.12590452848857792,0.025527537394625606,2.0,0.0,0.0,0.022815051787745892,0.0322463861216393,6.0,1.0,11.0,2.345192036777975,6.0
req_127,IS_1489_Part1_2015_H,1,synthetic,0.12195707260679287,7.0,1.8591226242414023,5.0,,0.16289875567954573,0.10810907707802468,,0.0,0.0,0.0,0.04464816250030553,0.03180025812727619,7.0,1.0,11.0,2.4882417060830724,7.0
req_511,IS_1786_2008_H,1,synthetic,0.10066981514970101,1.0,0.6278067532443491,1.0,0.3769225425884787,0.11665881187045582,0.1042456395486903,0.02666761340550346,0.0,2.0,0.0,0.0,0.0313558418651027,1.0,1.0,18.0,2.5212423420839554,1.0
req_485,IS_2074_1992,1,synthetic,0.4248661714152069,1.0,3.612600279476032,1.0,0.6992007218140412,0.2424558642518332,0.2424558642518332,0.0,0.0,0.0,0.0,0.8032097365032353,0.0327220973925404,1.0,1.0,34.0,2.6841152361557707,1.0
req_119,IS_458_2003_H,1,synthetic,0.12438545279416421,7.0,0.9199732283308332,7.0,0.3680841005173237,0.06321825079692671,0.0784432244886592,0.14287448356295673,4.0,1.0,0.0,0.0,0.03245619296270165,2.0,1.0,23.0,2.209252716304443,2.0
req_296,IS_875_Part1_1987_H,0,synthetic,0.4570826320709264,2.0,2.2530789163737674,2.0,0.5319123651479687,0.3441654826238449,0.38048161983399775,0.42254137506322564,3.0,2.0,1.0,0.40058219005844664,0.03147761614942414,1.0,1.0,39.0,2.4999990035505406,1.0
req_612,IS_9595_1996_H,0,synthetic,0.539437187461887,2.0,2.558827319727146,2.0,0.35759542054934884,0.3321623459346406,0.4106095751758513,0.6671798677884636,1.0,0.0,0.0,0.3620135905391229,0.031971771237193615,2.0,1.0,30.0,1.6025948209302963,2.0
req_304,IS_516_1959,0,synthetic,0.0784572957709667,2.0,0.2250237259097363,2.0,0.1324532357065043,0.0689655172413793,0.0689655172413793,0.0,1.0,0.0,0.0,0.0,0.0317460317460317,2.0,1.0,67.0,1.6696428571428572,2.0
req_060,IS_1346_1991_H,0,synthetic,0.24275201403151986,4.0,2.4437148425725006,4.0,0.37337913299652253,0.15095183244381344,0.11129531862799974,0.02351238693618949,0.0,0.0,0.0,0.0,0.03269181529830435,2.0,1.0,35.0,2.460955758258419,2.0
req_089,IS_3495_Part1_1992,0,synthetic,0.0344442373199845,5.0,1.19892740277846,6.0,0.212057823965935,0.0499409197212707,0.0499409197212707,0.2645311975003314,2.0,2.0,0.0,0.0,0.0326576139551325,3.0,1.0,34.0,3.1035154870191155,3.0
req_334,IS_2074_1992,1,synthetic,0.4248661714152069,1.0,3.612600279476032,1.0,0.6992007218140412,0.2424558642518332,0.2424558642518332,0.0,0.0,0.0,0.0,0.8032097365032353,0.0327220973925404,1.0,1.0,34.0,2.6841152361557707,1.0
req_146,IS_875_Part3_2015_H,0,synthetic,0.24551492074587883,2.0,2.2063694558926885,2.0,0.18289078759750665,0.09691998727193557,0.10635702115093053,0.17356567661817343,2.0,3.0,0.0,0.20684060300157778,0.03253330824304718,2.0,1.0,11.0,1.7175280229616114,2.0
req_120,IS_694_2010,1,synthetic,0.2421556333259965,4.0,6.644265817138932,1.0,0.4644154144089957,0.1648617035265021,0.1648617035265021,0.7945643765444044,2.0,3.0,1.0,0.878888334169656,0.0323270982706076,1.0,1.0,16.0,3.2718667209214725,1.0
req_237,IS_1642_1989,0,synthetic,0.287640675328327,1.0,0.864509054061645,2.0,0.1189437122456179,0.0697969169602516,0.0697969169602516,0.2013372125871125,1.0,2.0,0.0,0.0551236051751144,0.0329165961090169,1.0,1.0,37.0,2.565120544344504,1.0
req_606,IS_1077_1992_H,0,synthetic,0.2788896369085056,2.0,2.929185140141248,2.0,0.4455198906011534,0.2386065530234794,0.23706359964340928,0.0,0.0,0.0,0.0,0.0,0.03260442455870091,2.0,1.0,34.0,1.6946534695607418,2.0
req_265,IS_2911_Part1_Sec1_2010,0,synthetic,0.1099991239396286,2.0,0.8511050093747838,2.0,0.3482644418899048,0.0330577606087683,0.0330577606087683,0.2995363322563327,2.0,3.0,0.0,0.0,0.031426308624534,2.0,1.0,16.0,1.8732209746634432,2.0
req_049,IS_2932_1974_H,0,synthetic,0.11156335031890911,6.0,,,0.2198391828660649,0.10839508977702808,0.06524586811962645,0.0,1.0,3.0,0.0,0.0,0.031803169297005496,5.0,1.0,52.0,2.507213107612295,5.0
req_012,IS_783_1985_H,0,manual,0.2379531700421804,2.0,,,0.3316031891160836,0.1319854620549805,0.11336342470683444,0.0,0.0,0.0,0.0,0.0,0.03257711688427507,2.0,1.0,41.0,2.179551362885915,2.0
req_065,IS_73_2013,0,synthetic,0.1323382761914802,5.0,2.490300774872801,4.0,0.2239002243917012,0.185080713802711,0.185080713802711,0.02407499778881,2.0,2.0,0.0,0.0,0.0312659796126713,6.0,1.0,13.0,3.271673465648735,6.0
req_034,IS_1201_1220_1978_H,0,synthetic,0.08895483919260039,5.0,0.8053405496457425,5.0,0.1952254476186814,0.18406955288110458,0.18091852975505518,0.015666651022902135,4.0,2.0,0.0,0.09120742198856488,0.03176933848358929,5.0,1.0,48.0,3.1585805787741905,5.0
req_094,IS_1489_Part1_2015_H,1,synthetic,0.14030327162669248,5.0,0.7561729773793602,3.0,0.2761427179652379,0.19319092561559262,0.17727939849314936,0.060152185520738345,0.0,0.0,0.0,0.0013546743533004182,0.03184777123425127,3.0,1.0,11.0,1.5689231261065935,3.0
req_090,IS_1200_Part1_1992_H,1,synthetic,0.2746455474998173,4.0,3.1660084133757946,2.0,0.6232398241546916,0.12405473306682147,0.05925709079286734,0.2767493351559913,1.0,2.0,0.0,,0.031755491969497805,3.0,1.0,34.0,3.2514131689105836,3.0
req_020,IS_814_2004,0,synthetic,0.218378995570313,6.0,2.153244771247772,5.0,0.4439408234709107,0.1739571897827264,0.1739571897827264,0.0,0.0,2.0,0.0,0.22248955549254,0.0317403619342337,6.0,1.0,22.0,1.742341522312996,6.0
req_007,IS_875_Part3_2015,1,manual,0.3668128517740818,1.0,6.598567612105326,1.0,0.628970902033151,0.3043478260869565,0.3043478260869565,0.0,0.0,0.0,0.0,0.0,0.0327868852459016,1.0,1.0,11.0,2.3626373626373627,1.0
req_042,IS_73_2013,1,synthetic,0.5050410979292064,1.0,5.167792379325096,1.0,0.5994721573078665,0.2517789884393917,0.2517789884393917,0.51417176519988,2.0,3.0,0.0,0.2779090961685287,0.0312322409614502,8.0,1.0,13.0,1.801780076213624,8.0
req_179,IS_1904_1986,0,synthetic,0.2280382418867914,2.0,-0.0226547627872061,2.0,0.1773571209654169,0.1566072475784621,0.1566072475784621,0.0311847058054678,2.0,1.0,0.0,0.0,0.0319840577536997,1.0,1.0,40.0,1.3907534277849956,1.0
req_454,IS_269_2015,1,synthetic,0.6208346740862335,1.0,4.439846986283698,1.0,0.3594011059706031,0.2183481254587247,0.2183481254587247,0.779419521453126,1.0,0.0,0.0,0.3339007939906713,0.0329706427578876,1.0,1.0,11.0,3.1459207912732525,1.0
req_133,IS_1200_Part1_1992_H,0,synthetic,0.12692654992916788,4.0,1.9098142794476953,4.0,0.25842370927915287,0.12194156031019515,0.07574434832566648,0.15787744497336384,3.0,2.0,0.0,0.017535014753942025,0.03198171670766439,4.0,1.0,34.0,1.7582870667883306,4.0
req_025,IS_2309_1989,1,synthetic,0.6666296889968545,1.0,6.380493703169486,1.0,0.7335986333664986,0.216725022833387,0.216725022833387,0.908559725051894,1.0,2.0,0.0,0.0,0.032974466127263,1.0,1.0,37.0,2.7868443466202217,1.0
req_303,IS_3067_1988_H,1,synthetic,0.12818786329107443,1.0,2.3478918799882966,1.0,0.10586622471419688,,0.016391655784668557,0.16329858098988423,4.0,2.0,0.0,0.14697701414247133,0.03193649399761104,2.0,1.0,38.0,2.736934881621813,2.0
req_288,IS_875_Part1_1987_H,0,synthetic,0.10260414697273862,1.0,2.1064182523014874,2.0,0.2399585978930101,0.13417165841966405,0.131574429050788,0.2283394431489983,4.0,3.0,0.0,0.1109949183655197,0.032376962451490736,2.0,1.0,39.0,1.9847555608056378,2.0
req_447,IS_269_2015_H,1,synthetic,0.1712472115338433,1.0,1.668514482278991,1.0,0.22702716082121685,0.11947260262214164,0.08951897667826442,0.10220657798070616,2.0,0.0,0.0,0.0,0.032230157362742276,2.0,1.0,11.0,2.327363915492703,2.0
req_460,IS_1200_Part1_1992_H,1,synthetic,0.5548858550628014,2.0,4.823741699085549,2.0,0.3477028137737155,0.20721080714851053,0.18940560585144225,0.3971886431806492,3.0,,0.0,,0.031646233270849505,1.0,1.0,34.0,3.217767739950259,1.0
req_219,IS_13920_2016_H,0,synthetic,0.24040615234826332,2.0,2.5495509668609864,2.0,0.1556962517119192,0.10928697208954029,0.10692083914441008,0.18672856513583713,1.0,3.0,0.0,0.0,0.03190167940578211,1.0,1.0,10.0,2.600736793980755,1.0
req_042,IS_73_2013_H,1,synthetic,0.41281631864623397,2.0,4.257755090371755,2.0,0.5329375031545501,,0.21478043148371578,0.37974508074370605,2.0,3.0,0.0,0.21911346032274293,0.031507465460515804,7.0,1.0,13.0,2.036761552687105,7.0
req_103,IS_269_2015,0,synthetic,0.0345714816895715,7.0,2.61562860037021,3.0,0.3839146053783557,0.1069277534364667,0.1069277534364667,0.2075453137872093,3.0,0.0,0.0,0.2853354539344729,0.0323150436222634,3.0,1.0,11.0,2.674477818789596,3.0
req_254,IS_13920_2016_H,0,synthetic,0.14942168960206234,2.0,2.284487042880241,1.0,0.2579008786237938,0.05999916599970819,,0.07522548520056492,3.0,1.0,0.0,0.027923878970187378,0.03229277428590318,1.0,1.0,10.0,3.0995365463755746,1.0
req_508,IS_8329_2000_H,1,synthetic,0.3015794342887626,2.0,2.995047966624788,2.0,0.45874946163231745,0.22861005665069772,0.24147508767286832,0.6833687004085289,3.0,4.0,0.0,0.4151998106745695,0.03136103710800741,1.0,1.0,26.0,2.3866675319553887,1.0
req_007,IS_800_2007_H,0,manual,0.25606358759321424,5.0,1.5630038686968355,3.0,0.4074056832490563,0.16362284452472325,0.1693387428776861,0.010014032340652996,0.0,0.0,0.0,0.0008144985744143766,0.03192536591997132,6.0,1.0,19.0,2.415470195435791,6.0
req_008,IS_1904_1986_H,0,manual,0.13562351386110602,7.0,1.2486063752914343,5.0,0.27836318551390715,0.11620564614690182,0.12644326747523646,,0.0,0.0,0.0,0.0,0.03157757629321789,6.0,1.0,40.0,2.0907863127922086,6.0
req_086,IS_12269_2013_H,0,synthetic,0.1641783250406906,5.0,1.4133509701871163,7.0,0.29697613999744754,0.049882322035356086,0.07126466511773039,0.0662331637493732,1.0,2.0,0.0,0.23079607602529914,0.03221364461427485,5.0,1.0,13.0,2.9108689370095195,5.0
req_101,IS_1786_2008_H,0,synthetic,0.14988307179037888,5.0,2.0662145299305155,5.0,0.23313411130179573,0.1456787805861362,0.15406480364820155,0.04076922068194222,3.0,3.0,0.0,0.03633269981290599,0.03238714972387374,4.0,1.0,18.0,2.904853084005949,4.0
req_373,IS_2911_Part1_Sec2_2010_H,0,synthetic,0.3090670655748441,1.0,2.334547889643534,2.0,0.26596862361336326,0.14224896368070286,0.1392253701681155,0.2169541321742674,1.0,2.0,0.0,0.05268656510016481,0.032432722880265434,2.0,1.0,16.0,1.781819293805714,2.0
req_308,IS_2932_1974,1,synthetic,0.4104357282134315,1.0,2.3250952053436,1.0,0.5361700788027601,0.3104351774162404,0.3104351774162404,0.9068589962589896,1.0,2.0,1.0,0.7890746683871259,0.0312280251053684,2.0,1.0,52.0,1.4997197145200285,2.0
req_104,IS_2212_1991,0,synthetic,0.1843417914078552,5.0,0.8446457660111925,8.0,0.3420956458416577,0.1196446813185884,0.1196446813185884,0.0,0.0,0.0,0.0,0.250034587470463,0.0328423835288341,1.0,1.0,35.0,1.5617785621891798,1.0
req_023,IS_1536_2001,1,synthetic,0.3071184036852193,1.0,2.48802161337013,1.0,0.7645328323193691,0.2912859445303553,0.2912859445303553,0.8815406833599144,3.0,3.0,1.0,0.0,0.0311938616284576,8.0,0.5,25.0,2.2629702786549872,8.0
req_007,IS_456_2000,0,manual,0.3039483368381982,3.0,0.5561639513059038,7.0,0.4183300132670378,0.1739130434782608,0.1739130434782608,0.0,0.0,0.0,0.0,0.0,0.0320020481310803,3.5,1.0,26.0,3.583333333333333,3.5
req_124,IS_875_Part2_1987_H,0,synthetic,0.44123507721658733,2.0,4.574121786334565,2.0,0.3338468674452835,0.17257259233279712,0.15719092547001878,0.6100150884823703,4.0,4.0,0.0,0.2536944326600265,0.03184054209682335,5.0,1.0,39.0,1.860547900042541,5.0
req_168,IS_800_2007,1,synthetic,0.4217156619179943,1.0,2.469716054784424,1.0,0.7477928837090841,0.3868617855704446,0.3868617855704446,0.4734829754997369,2.0,1.0,0.0,0.3759919065467923,0.0326433708030645,1.0,1.0,19.0,2.178246917321511,1.0
req_477,IS_875_Part5_1987_H,0,synthetic,0.28492066715392983,2.0,1.7728792164795992,1.0,0.33215052555889285,0.12425200953287972,0.10493389862572002,0.05767824913141003,0.0,2.0,0.0,0.024078113130967114,0.03189113095372055,1.0,1.0,39.0,2.122471776692365,1.0
req_016,IS_814_2004,0,manual,0.190620391469048,4.0,1.2160758159588427,3.0,0.3713906763541037,0.1071428571428571,0.1071428571428571,0.0,0.0,0.0,0.0,0.0,0.0325224748810153,1.5,1.0,22.0,1.6328125,1.5
req_281,IS_1489_Part1_2015,0,synthetic,0.2877979478634099,1.0,2.4022556114541858,1.0,0.4030407342590451,0.1601156732181185,0.1601156732181185,0.0,0.0,0.0,0.0,0.0,0.0319290997691485,1.0,1.0,11.0,2.559903615978479,1.0
req_086,IS_875_Part3_2015,0,synthetic,0.0288446879000874,8.0,1.897156812742296,5.0,0.1108509568506235,0.0586488990746048,0.0586488990746048,0.0,0.0,1.0,0.0,0.3091983296127691,0.0322383530976917,4.0,1.0,11.0,1.827594231226327,4.0
req_361,IS_1904_1986,0,synthetic,0.0965048444397266,2.0,0.8921039479154667,2.0,0.3309726114896887,0.0478650256036915,0.0478650256036915,0.0,0.0,1.0,0.0,0.0,0.0322507333251179,1.0,1.0,40.0,3.231378955807105,1.0
req_267,IS_3034_1993,0,synthetic,0.221007371334216,1.0,2.028464949331898,2.0,0.1776572808855643,0.0220512116531896,0.0220512116531896,0.0,0.0,0.0,0.0,0.0,0.0325740400121813,1.0,1.0,33.0,2.942971931792876,1.0
req_002,IS_226_1975,0,manual,0.0842337401195126,7.0,1.3710244078935985,3.0,0.2672612419124243,0.1111111111111111,0.1111111111111111,0.0,1.0,1.0,0.0,0.0,0.0320020481310803,5.5,0.0,51.0,2.5903614457831323,5.5
req_446,IS_814_2004,0,synthetic,0.2506862143760121,1.0,1.8241646870551813,2.0,0.1855536159738807,0.1364599726370128,0.1364599726370128,0.0,0.0,3.0,0.0,0.0,0.0317992354924501,2.0,1.0,22.0,3.0188045276645736,2.0
req_014,IS_1536_2001_H,1,manual,0.1653306598063822,3.0,0.8616857677473455,2.0,0.38364931560017224,0.1905425357358827,0.16617875603248908,0.05694195306159546,0.0,0.0,0.0,0.0366779248569053,0.03203805909749746,4.0,0.5,25.0,1.8064159109872466,4.0
req_096,IS_800_2007,0,synthetic,0.0867089581928806,8.0,1.4737100394010072,6.0,0.3618077926714079,0.1831747709909098,0.1831747709909098,0.1521944566820446,4.0,1.0,0.0,0.0,0.0327529895686842,1.0,1.0,19.0,1.6756692658394017,1.0
req_013,IS_383_2016,0,manual,0.1264793435005615,6.0,0.3421676447516023,6.0,0.1571348402636772,0.05,0.05,0.0,1.0,0.0,0.0,0.0,0.0317460317460317,6.0,1.0,10.0,1.4479166666666667,6.0
req_406,IS_1642_1989_H,1,synthetic,0.23319096905314837,2.0,2.0110026904866487,2.0,0.37320429675558353,0.13319191024718893,0.11322844852029981,0.06508291005644637,4.0,2.0,0.0,0.0,0.03213192803794411,1.0,1.0,37.0,2.0789468309532495,1.0
req_031,IS_2074_1992,1,synthetic,0.633425677797565,1.0,2.744990937869847,1.0,0.3930859726556176,0.2011204867684417,0.2011204867684417,0.6356253014406289,3.0,3.0,0.0,0.0,0.0329024082397211,1.0,1.0,34.0,2.240677342883036,1.0
req_100,IS_10262_2019,0,synthetic,0.0893480859475237,5.0,2.7676979026591715,3.0,0.1613690932712797,0.1035699243025067,0.1035699243025067,0.0,0.0,0.0,0.0,0.0,0.0317204293281077,4.0,1.0,7.0,2.840401350221497,4.0
req_023,IS_2911_Part1_Sec2_2010_H,0,synthetic,0.18165462243550312,4.0,0.9134318132041385,4.0,0.181010469148192,0.11152146391497827,0.1221846502987644,,0.0,2.0,0.0,0.014182607202778717,0.031277064430532894,5.0,1.0,16.0,2.724777981583788,5.0
req_068,IS_1346_1991,0,synthetic,0.2423757136149466,5.0,-0.0037732821464076,8.0,0.2668577410522914,0.1251257418412396,0.1251257418412396,0.0885576862523214,4.0,2.0,0.0,0.0805065191011422,0.0314914600327506,2.0,1.0,35.0,2.544009951415126,2.0
req_061,IS_1346_1991,1,synthetic,0.5383111228912728,1.0,3.774409763946789,1.0,0.7890882955267493,0.3827996602483081,0.3827996602483081,0.473136567757999,1.0,1.0,1.0,0.0,0.0328480192637797,1.0,1.0,35.0,2.791534318794633,1.0
req_418,IS_456_2000_H,1,synthetic,0.3813402143630905,2.0,2.540799484284306,2.0,0.4057714016746736,0.2806417044000337,0.2875071196492307,0.4472483570326771,1.0,1.0,1.0,0.0,0.03142847871459382,1.0,1.0,26.0,2.147633616604206,1.0
req_041,IS_1642_1989_H,0,synthetic,0.11123258609878135,7.0,1.191185921994098,7.0,0.22355109672515663,0.09989624972995839,0.08401424160238773,0.0360701997592122,4.0,1.0,0.0,0.0,0.03121737349543154,7.0,1.0,37.0,3.0466711604955794,7.0
req_436,IS_2911_Part1_Sec1_2010,0,synthetic,0.1916069719395685,1.0,1.298182855596968,2.0,0.1106018885442599,0.0925353125176838,0.0925353125176838,0.204243858963984,3.0,3.0,0.0,0.0,0.0327579152633472,1.0,1.0,16.0,2.8727073223018,1.0
req_229,IS_8329_2000_H,0,synthetic,0.31360103545927,2.0,2.464980503770551,2.0,0.4316645577095546,0.24303141943663617,0.17224176750915848,0.6589380764654448,3.0,4.0,0.0,0.5101612150247399,0.03147986331031033,1.0,1.0,26.0,2.385620314694052,1.0
req_225,IS_269_2015_H,0,synthetic,0.5045395461012118,2.0,3.7487909600753073,2.0,0.35340557842911596,0.18555276297225384,0.1470004326805377,0.5642405358410804,1.0,0.0,0.0,0.19358564013038287,0.03278578420094382,2.0,1.0,11.0,2.8929136939373348,2.0
req_314,IS_1200_Part1_1992_H,0,synthetic,0.12236918584278877,1.0,1.1622098803678198,1.0,0.14314306048167785,0.06209822146109063,0.07043419399626465,0.04862382133492023,0.0,0.0,0.0,0.0,0.031839822687875295,1.0,1.0,34.0,1.964365028180557,1.0
req_166,IS_2074_1992,0,synthetic,0.0764001877311215,2.0,0.1451222652186485,2.0,0.0960158534998749,0.0398641430932334,0.0398641430932334,0.135830169779362,2.0,3.0,0.0,0.0,0.031641287446311,2.0,1.0,34.0,1.6075508670258174,2.0
req_066,IS_1554_Part1_1988,1,synthetic,0.2716302170816643,3.0,5.233104603815865,1.0,0.3715735072453179,0.1911853528902452,0.1911853528902452,0.0,0.0,0.0,0.0,0.0,0.031991241574986,4.0,0.5,38.0,3.534882053057662,4.0
req_287,IS_383_2016,0,synthetic,0.0866278349239439,2.0,1.5934957810901174,2.0,0.0622007502284014,0.1638685852003966,0.1638685852003966,0.0097687941099894,2.0,3.0,0.0,0.3011400456742832,0.031914392068632,2.0,1.0,10.0,1.532865223965605,2.0
req_150,IS_875_Part1_1987_H,0,synthetic,0.25994891157037975,2.0,0.8363110723032862,1.0,0.26550991259323425,0.1080524145161711,0.11750340218953134,0.0,2.0,2.0,0.0,0.03038788672712642,0.03208130600786045,2.0,1.0,39.0,2.571675375987246,2.0
req_176,IS_800_2007,0,synthetic,0.0867089581928806,2.0,1.4737100394010072,2.0,0.3618077926714079,0.1831747709909098,0.1831747709909098,0.1521944566820446,4.0,1.0,0.0,0.0,0.0327529895686842,1.0,1.0,19.0,1.6756692658394017,1.0
req_584,IS_2062_2011_H,0,synthetic,0.11398786038673758,1.0,1.542456018081626,2.0,0.2176086279709596,0.08826200244515135,0.10052663672043201,0.027818726798248358,4.0,2.0,0.0,0.0,0.031797488470395284,1.0,1.0,15.0,1.7409881207536342,1.0
req_246,IS_2932_1974,1,synthetic,0.4104357282134315,1.0,2.3250952053436,1.0,0.5361700788027601,0.3104351774162404,0.3104351774162404,0.9068589962589896,1.0,2.0,1.0,0.7890746683871259,0.0312280251053684,2.0,1.0,52.0,1.4997197145200285,2.0
req_094,IS_12269_2013_H,1,synthetic,0.19001339113254534,4.0,2.4445073879586543,1.0,0.413329299970922,0.14584069887373635,0.14106393398914205,0.49826116316876584,2.0,3.0,1.0,0.0,0.03134213021498739,5.0,1.0,13.0,2.208620559661491,5.0
req_022,IS_1489_Part1_2015_H,0,synthetic,0.2491818909557486,3.0,3.697703145297615,2.0,0.2912718902057738,0.2923669213739781,0.30152898304633663,0.37598761200973385,1.0,1.0,1.0,0.01674066454122998,0.03204937603077461,4.0,1.0,11.0,2.6746544189790438,4.0
req_086,IS_2074_1992_H,0,synthetic,0.2677229655794048,3.0,2.3038869783511,3.0,0.33835770307033175,0.08932765957784872,0.11118185339261569,0.03777427839427366,3.0,2.0,0.0,0.016681989596887253,0.031707984163400656,7.0,1.0,34.0,1.6261912653024544,7.0
req_018,IS_2932_1974,1,manual,0.1734926697995431,4.0,1.737560891300534,3.0,0.3396831102433787,0.1153846153846153,0.1153846153846153,0.0,0.0,0.0,0.0,0.0,0.032258064516129,3.0,1.0,52.0,1.496,3.0
req_075,IS_3495_Part1_1992_H,1,synthetic,0.1932071651838127,4.0,1.379074221303338,5.0,0.31403076623072773,0.09240233446478817,0.10522219634096576,0.0973367550422984,,0.0,0.0,0.0,0.03184107961375709,1.0,1.0,34.0,1.9486070903124681,1.0
req_027,IS_1786_2008,1,synthetic,0.3641309755988532,1.0,6.294635298557489,1.0,0.7817890072265987,0.1832762473070924,0.1832762473070924,0.823734965098145,4.0,5.0,0.0,0.0,0.0310552010702392,6.0,1.0,18.0,3.311040267202567,6.0
req_309,IS_2911_Part1_Sec1_2010,1,synthetic,0.387514940852471,1.0,2.868177220049404,1.0,0.6923579340707209,0.2312726785543548,0.2312726785543548,0.0,0.0,0.0,0.0,0.6890276386605542,0.0320722097817594,2.0,1.0,16.0,2.576975058460709,2.0
req_079,IS_2932_1974,0,synthetic,0.0611387884230636,8.0,2.154362378404279,3.0,0.3487946984063378,0.0439663216135182,0.0439663216135182,0.0205234822567737,4.0,0.0,0.0,0.0,0.0313282330995812,8.0,1.0,52.0,2.0752911392429114,8.0
req_033,IS_1077_1992_H,0,synthetic,0.14978178384436663,7.0,1.5625092432936087,7.0,0.21329516872984536,0.09847944592270297,0.0776159829237839,0.14917127073973352,1.0,3.0,0.0,0.03295072624303844,0.03138195926550254,7.0,1.0,34.0,2.732387279080539,7.0
req_103,IS_1200_Part1_1992,0,synthetic,0.0206590843380029,8.0,0.9621460889664964,6.0,0.2998010839925543,0.1639842888158339,0.1639842888158339,0.1121671081381202,3.0,3.0,0.0,0.3139069915373204,0.0326436773198374,1.0,1.0,34.0,2.9949005923842185,1.0
req_037,IS_783_1985_H,0,synthetic,0.5479243020461425,2.0,3.5450647256921695,2.0,0.5154439455695917,0.1107273345720845,0.12580703576883548,0.6449416646074626,4.0,4.0,0.0,0.21294696494232185,0.03158206422397857,5.0,1.0,41.0,2.8908115486505843,5.0
req_049,IS_1201_1220_1978_H,0,synthetic,0.18390514422442095,3.0,2.4730364199072468,4.0,0.2714996045629067,0.1708537320846835,0.14597518411866994,0.09713879146668507,1.0,0.0,0.0,0.031545759814831216,0.03185942179548218,4.0,1.0,48.0,2.430800556805284,4.0
req_490,IS_1642_1989,0,synthetic,0.0201217819091862,2.0,0.7677040930764424,2.0,0.2162541414958322,0.1243972606152227,0.1243972606152227,0.1394964570741042,4.0,1.0,0.0,0.0,0.0319463723718186,2.0,1.0,37.0,3.367774940696397,2.0
req_164,IS_1904_1986_H,1,synthetic,0.4394382475281878,2.0,4.676306284322695,2.0,0.5013042085183926,0.31935939176506817,0.20720232441726355,,4.0,3.0,0.0,0.2515941284947932,0.03207317429308445,2.0,1.0,40.0,2.6914541843145536,2.0
req_032,IS_10262_2019,0,synthetic,0.2750879717266389,2.0,1.6611731022280054,4.0,0.0896325766775992,0.1970919832726408,0.1970919832726408,0.0,0.0,1.0,0.0,0.0,0.0311379134730392,6.0,1.0,7.0,2.771726647033492,6.0
req_012,IS_458_2003,1,manual,0.183377650829963,4.0,1.4416042376968847,3.0,0.2981423969999719,0.1304347826086956,0.1304347826086956,0.0,0.0,0.0,0.0,0.0,0.032258064516129,3.0,1.0,23.0,2.0434782608695654,3.0
req_037,IS_2911_Part1_Sec2_2010,0,synthetic,0.210435415836226,7.0,1.3514185362443878,8.0,0.0774093865804691,0.0826329901330371,0.0826329901330371,0.2010400528563556,1.0,1.0,0.0,0.0,0.0323873473479668,1.0,1.0,16.0,1.9273118190994207,1.0
req_059,IS_783_1985,1,synthetic,0.5637540316796958,1.0,5.772055173642346,1.0,0.4512655438846596,0.2282151997754599,0.2282151997754599,0.6493880767693565,4.0,4.0,0.0,0.5397616187348339,0.0320997141790348,5.0,1.0,41.0,3.1894815972027417,5.0
req_015,IS_1346_1991,0,manual,0.0693068648499906,6.0,0.2838801901114621,6.0,0.2760262237369417,0.0454545454545454,0.0454545454545454,0.0,0.0,0.0,0.0,0.0,0.0317460317460317,6.0,1.0,35.0,1.3245614035087718,6.0
req_188,IS_2309_1989,1,synthetic,0.4380025500659456,1.0,5.111089992889322,1.0,0.6365648325105084,0.1105938653271466,0.1105938653271466,0.7612211453730693,3.0,3.0,1.0,0.0,0.0320563183712832,1.0,1.0,37.0,1.349996630400056,1.0
req_020,IS_875_Part3_2015,1,synthetic,0.5199998799270464,1.0,4.69613866762816,1.0,0.6265378380444311,0.3918552104702296,0.3918552104702296,0.0,0.0,0.0,0.0,0.0,0.0318023295740446,3.0,1.0,11.0,1.405543222247136,3.0
req_383,IS_8329_2000_H,1,synthetic,0.08638722927614305,1.0,1.1930696865467623,2.0,0.39357391723678453,0.14897203084074467,0.156745050636434,0.21766686678044853,3.0,1.0,0.0,0.0,0.031889607762802884,1.0,1.0,26.0,1.7487896083462664,1.0
req_190,IS_2911_Part1_Sec2_2010_H,1,synthetic,0.1533337123341997,2.0,2.053200375115463,2.0,0.3242731180714426,0.1371731117548166,0.1321999304639871,0.13506428533637546,2.0,2.0,0.0,0.07812833145241738,0.03178442764998408,1.0,1.0,16.0,2.522983147671523,1.0
req_053,IS_3067_1988,1,synthetic,0.5736582957813225,1.0,3.6568881578766113,1.0,0.2871577567580444,0.1692165920226885,0.1692165920226885,0.0,0.0,0.0,0.0,0.5142242845856422,0.0322855912324054,3.0,1.0,38.0,3.2014015933944666,3.0
req_040,IS_1200_Part1_1992,0,synthetic,0.2200522151799442,3.0,2.5118893153459148,3.0,0.2307538347653736,0.0717736998347189,0.0717736998347189,0.0221585700848618,3.0,0.0,0.0,0.0,0.0315983084982475,4.0,1.0,34.0,3.510768321135089,4.0
req_542,IS_73_2013,1,synthetic,0.1641579541431517,2.0,1.2696998132230484,2.0,0.2842676218074806,0.0952380952380952,0.0952380952380952,0.0,1.0,2.0,0.0,0.0,0.032258064516129,2.0,1.0,13.0,1.3627450980392155,2.0
req_439,IS_3043_2018,0,synthetic,0.2898514198733599,1.0,0.4917245073315436,2.0,0.0581984788224247,0.098490352781895,0.098490352781895,0.206057144074358,3.0,3.0,0.0,0.0,0.0313940702582034,2.0,1.0,8.0,2.263548889118719,2.0
req_039,IS_3043_2018,0,synthetic,0.0330941897291905,6.0,2.072409681960808,4.0,0.329143431220251,0.1660536024616778,0.1660536024616778,0.148598594884927,2.0,0.0,0.0,0.175801902546538,0.0327394006267244,2.0,1.0,8.0,3.3043473790276248,2.0
req_023,IS_8329_2000,0,synthetic,0.1821763814300915,3.0,-0.0079401089873959,6.0,0.0782377382353727,0.1556417907235416,0.1556417907235416,0.0,0.0,0.0,0.0,0.0,0.0327293007880604,1.0,1.0,26.0,3.370740733949789,1.0
req_629,IS_8329_2000_H,0,synthetic,0.15364485232599528,1.0,0.7831333298354632,2.0,0.307542966285421,0.11300861203388604,0.1354380501199092,0.183849869159801,3.0,3.0,0.0,0.007880377476020552,0.03175057740237511,1.0,1.0,26.0,2.1977459097894014,1.0
req_183,IS_875_Part5_1987_H,1,synthetic,0.33596718220347016,2.0,4.687128366625626,2.0,0.3884034704979652,0.1506546965098743,0.14848745654655762,0.029459877622373065,0.0,0.0,0.0,0.3546179298777654,0.031436528307038955,1.0,1.0,39.0,2.2252995902826913,1.0
req_184,IS_732_2019,0,synthetic,0.1536073920698648,2.0,2.158085840348859,2.0,0.2396582667990434,0.0395898745331065,0.0395898745331065,0.0245921079258463,4.0,3.0,0.0,0.2892552856281443,0.0313928638586883,2.0,1.0,7.0,2.973829850054452,2.0
req_311,IS_875_Part5_1987_H,0,synthetic,0.29518669591146973,2.0,1.814101220745419,1.0,0.32253237359428133,0.10687603109215106,0.0953999278827462,0.020813130021818508,0.0,2.0,0.0,0.0,0.03185780046849808,1.0,1.0,39.0,2.2099993533635014,1.0
req_626,IS_875_Part1_1987,1,synthetic,0.5488843262970342,1.0,2.5966269095443413,1.0,0.6204993833032862,0.4490259021175399,0.4490259021175399,0.5721470954832779,3.0,2.0,1.0,0.5457418029085495,0.0311650902252771,2.0,1.0,39.0,2.592885387699979,2.0
req_048,IS_1077_1992,0,synthetic,0.1253299204872081,6.0,2.6809365446418782,3.0,0.3046316202295211,0.0465841704795389,0.0465841704795389,0.0,0.0,0.0,0.0,0.0607246578547331,0.0325183047600911,3.0,1.0,34.0,1.4270801929108303,3.0
req_071,IS_13920_2016,0,synthetic,0.1179129940933562,6.0,1.7572504001034943,4.0,0.3612547369819895,0.1010990350567446,0.1010990350567446,0.0,0.0,1.0,0.0,0.0,0.0313714756917908,7.0,1.0,10.0,2.6268065348459704,7.0
req_127,IS_3034_1993,0,synthetic,0.1836878718747082,5.0,1.0189297633787122,7.0,0.2655978693047183,0.1540241027305725,0.1540241027305725,0.1342499366994748,1.0,2.0,0.0,0.0,0.032965912942357,1.0,1.0,33.0,2.6500426425658965,1.0
req_157,IS_9595_1996_H,0,synthetic,0.28826116715591893,2.0,0.5642909316056215,1.0,0.35442500501328733,,0.15559120327843678,0.029620171948587928,1.0,0.0,1.0,0.0186514983910704,0.031939567942050814,1.0,1.0,30.0,2.5329265822584395,1.0
req_501,IS_814_2004,0,synthetic,0.218378995570313,1.0,2.153244771247772,1.0,0.4439408234709107,0.1739571897827264,0.1739571897827264,0.0,0.0,2.0,0.0,0.22248955549254,0.0317403619342337,2.0,1.0,22.0,1.742341522312996,2.0
req_061,IS_383_2016_H,0,synthetic,0.19820417484819777,5.0,1.972162091636188,3.0,0.37988267880123433,0.11970772471654437,0.0973137880049963,0.05764707902988407,4.0,1.0,0.0,0.08380543840881796,0.031607236411819645,4.0,1.0,10.0,3.1726703607472264,4.0
req_028,IS_1536_2001,1,synthetic,0.5980123800633901,1.0,2.682395260229885,1.0,0.2966375451988169,0.2707172436686301,0.2707172436686301,0.5013629600415594,4.0,4.0,1.0,0.0,0.0316208389285898,5.0,0.5,25.0,3.1454228022542248,5.0
req_616,IS_1642_1989_H,0,synthetic,0.08916226850071846,1.0,1.179089115146618,1.0,0.15953496395434913,0.06187628216937214,0.03983049538501024,0.05741623567830901,,3.0,0.0,0.0,0.0314862370799205,1.0,1.0,37.0,2.7640855670467968,1.0
req_380,IS_875_Part1_1987,1,synthetic,0.3168056133191564,1.0,6.706484367356492,1.0,0.3248615155291954,0.3649542494590727,0.3649542494590727,0.0,0.0,0.0,0.0,0.5871750608052413,0.0312414734741438,2.0,1.0,39.0,2.0919754979527863,2.0
req_073,IS_2309_1989_H,0,synthetic,0.12616069274340952,5.0,2.5236572142704787,4.0,0.14189175064389842,0.18422474896449664,0.16510215008611415,0.02685074440210254,0.0,2.0,0.0,0.014317523580298648,0.03236922009733446,4.0,1.0,37.0,2.9772198983619678,4.0
req_029,IS_456_2000,1,synthetic,0.4422985085351334,1.0,3.044078491836091,1.0,0.4919299262956965,0.3440115991660908,0.3440115991660908,0.6347161451417227,1.0,1.0,1.0,0.0,0.0313016613160261,8.0,1.0,26.0,2.1501329372136446,8.0
req_123,IS_10262_2019,0,synthetic,0.0796170895407199,5.0,2.479430791724096,3.0,0.3940996429573361,0.0592018848299185,0.0592018848299185,0.0,0.0,0.0,0.0,0.0,0.0313347207128165,6.0,1.0,7.0,1.8988351030203523,6.0
req_022,IS_1489_Part1_2015,1,synthetic,0.2428267260339394,4.0,4.327150409246392,1.0,0.288066885157611,0.3614228011451756,0.3614228011451756,0.8128629525110521,1.0,1.0,1.0,0.0,0.0320553475748365,3.0,1.0,11.0,2.675495706084178,3.0
req_434,IS_2062_2011_H,0,synthetic,0.21721329450160276,2.0,1.4112732201797138,1.0,0.3745264630348148,0.1583070697388628,0.17136112162335532,,0.0,0.0,0.0,0.0,0.0323496650362978,2.0,1.0,15.0,2.9139882639105212,2.0
req_067,IS_2062_2011_H,0,synthetic,0.09801703064512682,5.0,0.9730171955050771,6.0,0.19874209319859454,0.1165231761696394,0.13159266816988596,0.02077253485272755,,1.0,0.0,0.01833965124865724,0.0315832429412173,6.0,1.0,15.0,2.641483292040609,6.0
req_561,IS_2911_Part1_Sec1_2010,0,synthetic,0.141913216949635,2.0,1.718885303929531,2.0,0.1033668687162039,0.1873785828248614,0.1873785828248614,0.0,0.0,0.0,1.0,0.0,0.0324731289435101,1.0,1.0,16.0,2.030635849674108,1.0
req_354,IS_2911_Part1_Sec2_2010_H,1,synthetic,0.44056628073577236,2.0,3.9607930577426314,2.0,0.5986854972104756,0.22578811927997475,0.2374690960081023,0.5588916457264836,3.0,2.0,0.0,0.24129743178418714,0.031506958995181585,1.0,1.0,16.0,2.740655584434128,1.0
req_313,IS_3043_2018_H,1,synthetic,0.12542399695175624,1.0,1.3796749855584614,1.0,0.24991921766363487,0.10040283690887225,0.1536681132207482,0.027675330887218675,0.0,,0.0,0.11024697200570398,0.031730942416154026,1.0,1.0,8.0,3.1424725995083183,1.0
req_263,IS_1893_Part1_2016_H,0,synthetic,0.19736432195981835,1.0,2.193451807677766,1.0,0.2693896545717979,0.10430769365588007,0.09515413138475828,0.0765194908368793,2.0,2.0,0.0,0.0,0.032553716841448664,2.0,1.0,10.0,2.42829314502308,2.0
req_405,IS_269_2015,0,synthetic,0.1334634056362402,2.0,0.3268076156036915,2.0,0.0467906771821,0.1140880417430885,0.1140880417430885,0.2479542556767788,3.0,2.0,0.0,0.0,0.032803216436725,1.0,1.0,11.0,2.659562422646105,1.0
req_632,IS_383_2016,1,synthetic,0.2909201742452772,1.0,2.8217677648297665,1.0,0.3631365196012814,0.1923076923076923,0.1923076923076923,0.0,1.0,0.0,0.0,0.0,0.0327868852459016,1.0,1.0,10.0,1.3777777777777778,1.0
req_111,IS_2309_1989,1,synthetic,0.2829217760160791,1.0,4.473510738685188,1.0,0.4954212441114509,0.1462837180461896,0.1462837180461896,0.8547558948591535,4.0,4.0,1.0,0.5190966541343545,0.0319752842967472,5.0,1.0,37.0,1.397723729321653,5.0
req_067,IS_1642_1989,1,synthetic,0.501461022494538,1.0,6.342826384145606,1.0,0.3534898116630154,0.3618276744887677,0.3618276744887677,0.7136668135590032,4.0,4.0,0.0,0.0,0.0329140395210533,2.0,1.0,37.0,1.286034209636958,2.0
req_149,IS_732_2019_H,0,synthetic,0.056012521845062675,1.0,2.31187325602606,2.0,0.35768328315065395,0.14851939641329642,,0.0,0.0,1.0,0.0,0.14571751530541915,0.032492929223685504,2.0,1.0,7.0,1.7920029461345008,2.0
req_076,IS_13920_2016,0,synthetic,0.2796566692569237,3.0,2.662749558890706,3.0,0.2386896569727304,0.0551231284941648,0.0551231284941648,0.1516314059192011,2.0,3.0,0.0,0.0,0.0318312608705482,8.0,1.0,10.0,3.2237457349378733,8.0
req_054,IS_732_2019_H,1,synthetic,0.1792164321899224,5.0,2.543327237122457,4.0,0.16073465275484666,0.08505852058628513,0.09433433917316826,0.056323080041111216,0.0,0.0,0.0,0.14526328474453293,0.03232791409089094,2.0,1.0,7.0,1.9010614828396148,2.0
req_034,IS_1201_1220_1978,0,synthetic,0.0336547102949655,6.0,0.1053991576811151,6.0,0.1597760242666388,0.1899361306632333,0.1899361306632333,0.0307762940363282,4.0,2.0,0.0,0.0995187644980022,0.0316814118651205,6.0,1.0,48.0,3.518919461374993,6.0
req_249,IS_456_2000_H,1,synthetic,0.3868656985132434,2.0,3.4244688570317363,2.0,,0.13589569578038999,0.1459676499878477,0.36990034123458265,3.0,3.0,0.0,0.7130228681979804,0.03127314989505553,1.0,1.0,26.0,1.9340248823644746,1.0
req_316,IS_732_2019,0,synthetic,0.2399680481638703,1.0,0.7793476066109655,2.0,0.2305274682898856,0.1118741588018814,0.1118741588018814,0.1506501808999292,2.0,1.0,0.0,0.0,0.0326130801138557,1.0,1.0,7.0,2.692984544916301,1.0
req_071,IS_875_Part5_1987,1,synthetic,0.3900363567683625,1.0,5.815270501500387,1.0,0.4124587143877919,0.1711864190835517,0.1711864190835517,0.0,0.0,0.0,0.0,0.5349999948125919,0.0313085537812062,8.0,1.0,39.0,2.1656116421833174,8.0
req_128,IS_875_Part1_1987_H,1,synthetic,0.4482984841657519,2.0,1.9681332372429114,4.0,0.5478856938647609,0.3687437993566242,0.3679957232690044,0.44598805262644137,3.0,2.0,1.0,0.23078204819832243,0.031442900390699045,3.0,1.0,39.0,2.566394371806584,3.0
req_637,IS_2911_Part1_Sec2_2010_H,1,synthetic,0.33493849525117725,2.0,4.139552269809236,2.0,0.4019845219916051,0.20803177353631763,0.18779129215666487,0.7013161386078849,2.0,2.0,0.0,0.0,0.03261167099898806,2.0,1.0,16.0,1.7230837546330031,2.0
req_027,IS_3043_2018,0,synthetic,0.2898514198733599,3.0,0.4917245073315436,8.0,0.0581984788224247,0.098490352781895,0.098490352781895,0.206057144074358,3.0,3.0,0.0,0.0,0.0313940702582034,5.0,1.0,8.0,2.263548889118719,5.0
req_009,IS_3034_1993,0,manual,0.141127803150763,6.0,0.9348581072601848,4.0,0.3818813079129867,0.16,0.16,0.0,0.0,0.0,0.0,0.0,0.0320020481310803,5.5,1.0,33.0,1.8785046728971964,5.5
req_132,IS_3067_1988_H,0,synthetic,0.24132154451034413,4.0,1.975989548696748,4.0,0.17993691018100275,0.1431957436605622,0.11183429706666144,0.10133722085499333,3.0,0.0,0.0,0.0,0.03222665738832156,2.0,1.0,38.0,2.468086637419935,2.0
req_310,IS_2309_1989_H,0,synthetic,0.12411545156443457,1.0,2.706540799192446,2.0,0.1683339238969491,0.1547229223261397,0.15151234913011188,0.028560641966733732,0.0,2.0,0.0,0.02382768015091791,0.03238341480350903,2.0,1.0,37.0,2.998220680477644,2.0
req_127,IS_1489_Part1_2015,0,synthetic,0.1027871410230817,8.0,1.5279399868631638,6.0,0.268092465057775,0.1866660410381118,0.1866660410381118,0.0,0.0,0.0,0.0,0.1244795136499217,0.0317341657860521,8.0,1.0,11.0,2.6180659099456944,8.0
req_359,IS_1536_2001,0,synthetic,0.2116133975598149,2.0,2.630811527675816,1.0,0.1906930002718898,0.0597528631943698,0.0597528631943698,0.0,0.0,2.0,0.0,0.2617071930027997,0.0318316912308624,2.0,0.5,25.0,2.5407010957231573,2.0
req_452,IS_1642_1989_H,0,synthetic,0.20394841065952152,2.0,1.1928541730751414,1.0,0.18037946688158918,0.15451049854576815,0.16415347705739608,0.031661539645482295,4.0,0.0,0.0,0.06332813279765187,0.031421321350884386,1.0,1.0,37.0,1.9772654547661972,1.0
req_160,IS_456_2000_H,0,synthetic,0.28463354628483195,2.0,2.0681292850721262,2.0,0.21711973035431417,0.143238699590017,0.11748722912082524,0.18449887689189168,4.0,3.0,0.0,,0.03161301772388804,1.0,1.0,26.0,1.664913937147422,1.0
req_001,IS_1786_2008,1,manual,0.1652969077615153,3.0,3.2302860539566454,1.0,0.3666793988112845,0.2,0.2,0.25,4.0,3.0,0.0,0.5,0.0327868852459016,1.0,1.0,18.0,1.728476821192053,1.0
req_107,IS_732_2019_H,1,synthetic,0.19265541804381783,5.0,1.1776667230572821,5.0,0.2893972007522433,0.09142045112478511,0.09343872409885533,0.11212613686082719,4.0,0.0,0.0,0.018629271858713926,0.03231696860172761,5.0,1.0,7.0,2.4593575872186872,5.0
req_029,IS_2074_1992_H,0,synthetic,0.20674121298235992,7.0,2.268245054347779,6.0,0.3138294120648959,0.16698940733946904,0.1611744851558272,0.0862431274818256,4.0,2.0,0.0,0.0,0.03172746495870712,5.0,1.0,34.0,2.7662461739502078,5.0
req_031,IS_13920_2016_H,1,synthetic,0.123123272328149,5.0,0.33673818537587863,5.0,0.14825980183404946,0.06255758159597377,0.07863752061927239,0.046420529829510754,4.0,0.0,0.0,0.13168449446215733,0.031489346782397586,5.0,1.0,10.0,2.5669035213214975,5.0
req_065,IS_458_2003_H,0,synthetic,0.23794121370558796,1.0,5.439190764803167,2.0,0.6056011462126878,0.10474734515213198,0.12044205988469267,0.44515607945470004,3.0,2.0,0.0,0.222049565606984,,,1.0,23.0,3.1821995589589376,
req_024,IS_3043_2018,1,synthetic,0.5678685893945217,1.0,2.1169793716778824,4.0,0.4224826453733511,0.0985526647876628,0.0985526647876628,0.4812837688507765,3.0,3.0,1.0,0.888506909008091,0.0311359217267515,6.0,1.0,8.0,3.275275124629804,6.0
req_081,IS_1536_2001_H,0,synthetic,0.24030888464518296,6.0,0.8312638749094805,5.0,0.23253296395306972,0.15913607744753724,0.1368262723604712,0.21596821880748968,1.0,0.0,0.0,0.19014665953320667,0.031401639805352044,5.0,0.5,25.0,,5.0
req_319,IS_8329_2000,0,synthetic,0.1821763814300915,2.0,-0.0079401089873959,2.0,0.0782377382353727,0.1556417907235416,0.1556417907235416,0.0,0.0,0.0,0.0,0.0,0.0327293007880604,1.0,1.0,26.0,3.370740733949789,1.0
req_563,IS_73_2013_H,0,synthetic,0.5469736168635958,2.0,5.470715150080869,2.0,0.5581136729535696,0.30247308309886284,0.306284880820395,0.36836281861661574,4.0,4.0,1.0,0.0,0.032030650921402073,2.0,1.0,13.0,2.7361258880780577,2.0
req_013,IS_1201_1220_1978_H,0,manual,0.22244928010577739,2.0,2.1980056322714936,2.0,0.3025427878000822,0.16858906295926634,0.16810632566881564,0.02764289118625358,1.0,0.0,0.0,0.0,0.03248506779310041,2.0,1.0,48.0,1.7568567362019187,2.0
req_413,IS_2062_2011,0,synthetic,0.2429460316589906,1.0,1.038490141619212,1.0,0.3939192985791676,0.1818181818181818,0.1818181818181818,0.0,0.0,0.0,0.0,0.0,0.0325224748810153,1.0,1.0,15.0,2.943661971830986,1.0
req_589,IS_73_2013_H,1,synthetic,0.28149834205663404,2.0,3.2954587757829743,2.0,0.504020999085763,0.1534068673928611,0.19759050267919126,0.4764918704018808,1.0,0.0,0.0,0.0,0.03210262532030616,1.0,1.0,13.0,1.780951546272365,1.0
req_079,IS_2932_1974_H,1,synthetic,0.07752494549332824,7.0,1.9330733667033986,7.0,0.3119391766991062,0.07665043299023211,0.09014101556761749,0.020859774656031706,4.0,0.0,0.0,0.0069569057850812875,0.031469071642720024,7.0,1.0,52.0,2.163414538255078,7.0
req_223,IS_1893_Part1_2016_H,0,synthetic,0.1507225035602402,1.0,1.3770399741899286,1.0,0.19458125919890532,0.0824890686724147,0.07994056698626208,0.17273643300149938,2.0,0.0,0.0,0.0,0.031577406937999444,1.0,1.0,10.0,2.1701842383106897,1.0
req_139,IS_1201_1220_1978_H,0,synthetic,0.23866725383877485,5.0,,,0.3549288988082775,0.18309666670026756,0.16415389150166293,0.049443336492372716,3.0,0.0,0.0,0.10335974999556906,0.0314842427276204,5.0,1.0,48.0,2.15161266455074,5.0
req_115,IS_269_2015,0,synthetic,0.1401934574856584,8.0,1.8200994050865305,7.0,0.1574523858857034,0.1934353679980714,0.1934353679980714,0.0,0.0,0.0,0.0,0.0,0.031403414485612,7.0,1.0,11.0,2.7936779233610807,7.0
req_370,IS_2911_Part1_Sec1_2010_H,1,synthetic,0.11806212103094187,1.0,1.385251021448527,1.0,0.17223483096559375,0.11760556599087263,0.1253848972909527,0.011326600997464997,0.0,2.0,0.0,0.046815860796573544,0.0318638215268375,1.0,1.0,16.0,2.81212750659218,1.0
req_085,IS_1642_1989_H,0,synthetic,0.25480592902821037,4.0,0.8365233148728982,5.0,0.3585297477614277,0.08844610461362304,0.09216277740418906,0.0003788873523388539,4.0,3.0,0.0,0.010453102811082818,0.031445774144300574,5.0,1.0,37.0,1.9038250453985315,5.0
req_097,IS_3067_1988_H,1,synthetic,0.13521942948075116,5.0,0.6827349753452503,5.0,0.22769526304695248,0.20005834027412314,0.17609145461831588,,1.0,0.0,0.0,0.14145238901744933,0.0324091694130352,2.0,1.0,38.0,2.3914254180957975,2.0
req_030,IS_875_Part3_2015,0,synthetic,0.1341143086783134,6.0,-0.0331961617856197,6.0,0.1842211090954481,0.1556255225106894,0.1556255225106894,0.2242547006934152,2.0,3.0,0.0,0.0,0.0314410773886476,6.0,1.0,11.0,1.765640841360375,6.0
req_331,IS_73_2013,1,synthetic,0.5330039418567563,1.0,2.883925086697137,1.0,0.4640176283180212,0.435649141710106,0.435649141710106,0.7960403397718847,2.0,2.0,0.0,0.9530656927241754,0.0315066254806701,2.0,1.0,13.0,2.750522028298756,2.0
req_087,IS_2911_Part1_Sec2_2010_H,1,synthetic,0.38293764365077293,2.0,4.715013637376051,2.0,0.6484360610171961,0.35307538656374204,0.3429622953153926,0.042303295068949046,0.0,0.0,0.0,0.0,0.03260162009023204,4.0,1.0,16.0,3.049904320853386,4.0
req_469,IS_2911_Part1_Sec2_2010,0,synthetic,0.2402901014768811,1.0,2.328201019884109,1.0,0.0719535036928014,0.0588620113797904,0.0588620113797904,0.0303675362285344,3.0,0.0,0.0,0.1348658808790977,0.0323137530274504,1.0,1.0,16.0,2.5895650220626134,1.0
req_018,IS_2062_2011,0,manual,0.2115495179128333,2.0,1.5164212720089554,5.0,0.2964997266644404,0.1428571428571428,0.1428571428571428,0.0,0.0,0.0,0.0,0.0,0.0322664584959666,1.5,1.0,15.0,3.065573770491804,1.5
req_495,IS_3812_Part1_2013,0,synthetic,0.0977748557348516,2.0,0.5270301753990412,2.0,0.1259881576697424,0.0714285714285714,0.0714285714285714,0.0,1.0,0.0,0.0,0.0,0.0314980158730158,2.0,1.0,13.0,1.6607142857142858,2.0
req_101,IS_13920_2016_H,1,synthetic,0.44601900470530775,2.0,5.132980334009787,2.0,0.42421872836661406,0.21616239202321982,0.23023157484549656,0.3178805750784328,3.0,4.0,0.0,0.2764412079822632,0.03229187616667886,7.0,1.0,10.0,2.9108770172215412,7.0
req_064,IS_1642_1989,1,synthetic,0.4354140384396557,1.0,4.595091976004644,1.0,0.6152519416368152,0.1608123003832106,0.1608123003832106,0.7390286609210923,1.0,0.0,0.0,0.5213386513931828,0.0312244175830745,6.0,1.0,37.0,3.1976190268022995,6.0
req_042,IS_875_Part3_2015,0,synthetic,0.1812639817647577,5.0,1.057640618777906,8.0,0.1921147213496219,0.1908885383141429,0.1908885383141429,0.1257380260244168,4.0,3.0,0.0,0.0,0.0318297690548736,6.0,1.0,11.0,1.482700841569742,6.0
req_026,IS_13920_2016_H,1,synthetic,0.1350999404963797,5.0,1.5018141321073741,4.0,0.30206339715091846,0.12930066138052232,0.07407342989864386,0.05785521090415516,0.0,0.0,0.0,0.0,0.03151866327274012,5.0,1.0,10.0,1.6250901330923269,5.0
req_107,IS_8112_2013,0,synthetic,0.0855335857353544,8.0,2.095068715230373,3.0,0.2575045471987981,0.199393594868781,0.199393594868781,0.0344165854206795,4.0,0.0,0.0,0.0841217567516398,0.0328372145983745,1.0,1.0,13.0,1.8229938350871768,1.0
req_119,IS_13920_2016_H,0,synthetic,0.16745141316111262,5.0,2.1807905335193394,3.0,0.2391224126407734,0.07085240995165772,0.0621241361672222,0.07857807826138434,3.0,1.0,0.0,,0.032288612805942474,3.0,1.0,10.0,3.0782297372497474,3.0
req_042,IS_694_2010_H,0,synthetic,0.1206248173386662,7.0,2.484034567101486,4.0,0.35217082510903386,0.14642763290460742,0.15220230298691598,0.08146911949340978,2.0,3.0,1.0,0.013930233660435075,0.03200812908860567,4.0,1.0,16.0,2.336556875111418,4.0
req_469,IS_2911_Part1_Sec2_2010_H,0,synthetic,0.2270254923518093,2.0,2.0943699772648223,2.0,0.15492080018245177,0.08112250416947232,0.09330256155260212,0.025845619742964943,3.0,0.0,0.0,0.0843047297694574,0.03224286138087194,2.0,1.0,16.0,2.4169196861273927,2.0
req_141,IS_73_2013_H,1,synthetic,0.2731384340562717,2.0,2.401001412424318,2.0,0.5731909884993236,0.256134381449131,0.17861972982505933,0.5606592483492848,2.0,3.0,0.0,0.0,0.032516804201132,2.0,1.0,13.0,2.1475224179705314,2.0
req_244,IS_3067_1988_H,1,synthetic,,,4.137070214671467,2.0,0.5126009567350106,0.11082517291809094,0.10318002789505278,0.4573699673212888,1.0,1.0,0.0,0.559467333028191,0.03236505362922831,2.0,1.0,38.0,2.6998008031499094,2.0
req_077,IS_2074_1992_H,0,synthetic,0.3701601492023175,2.0,3.0673694560606677,2.0,0.5943324431676269,0.21285312654987537,0.2139476809125302,0.0,0.0,0.0,0.0,0.5632734685334488,0.03252200769107911,2.0,1.0,34.0,2.6468801979582244,2.0
req_003,IS_8112_2013,0,manual,0.2204719752656639,5.0,0.4568370368137707,7.0,0.4592793267718459,0.2592592592592592,0.2592592592592592,0.5,2.0,2.0,0.0,1.0,0.0317460317460317,6.0,1.0,13.0,1.7657657657657655,6.0
req_127,IS_814_2004,1,synthetic,0.3164970742771172,2.0,6.017586031269824,1.0,0.3005478167069549,0.2279253519367726,0.2279253519367726,0.8479692897094833,1.0,0.0,1.0,0.0,0.0326514104887697,2.0,1.0,22.0,2.870548487467264,2.0
req_351,IS_2309_1989,0,synthetic,0.0799400146131821,2.0,2.7922050383317685,1.0,0.1137701571695669,0.1581712233947057,0.1581712233947057,0.0,0.0,2.0,0.0,0.0,0.0325953710420628,1.0,1.0,37.0,3.2035122504693483,1.0
req_073,IS_2309_1989,0,synthetic,0.0799400146131821,7.0,2.7922050383317685,3.0,0.1137701571695669,0.1581712233947057,0.1581712233947057,0.0,0.0,2.0,0.0,0.0,0.0325953710420628,1.0,1.0,37.0,3.2035122504693483,1.0
req_525,IS_875_Part1_1987,0,synthetic,0.2848108761611583,1.0,0.6279533089555086,2.0,0.2814335541455667,0.1056281581645677,0.1056281581645677,0.0238214752105248,2.0,2.0,0.0,0.0,0.0320946832191662,2.0,1.0,39.0,2.7064501913435253,2.0
req_111,IS_269_2015,0,synthetic,0.1308305556342422,8.0,0.0720040563901435,8.0,0.1247773706341754,0.1833906966631329,0.1833906966631329,0.1409022687030627,1.0,2.0,0.0,0.0,0.0329611795641262,1.0,1.0,11.0,2.011567108650348,1.0
req_551,IS_1200_Part1_1992,1,synthetic,0.3505774091577192,1.0,5.907522548570635,1.0,0.5525880988459817,0.1069658943272503,0.1069658943272503,0.976343244695127,2.0,2.0,1.0,0.8396936795030181,0.0320861603101646,1.0,1.0,34.0,2.1980301060979963,1.0
req_567,IS_875_Part5_1987,1,synthetic,0.3900363567683625,1.0,5.815270501500387,1.0,0.4124587143877919,0.1711864190835517,0.1711864190835517,0.0,0.0,0.0,0.0,0.5349999948125919,0.0313085537812062,2.0,1.0,39.0,2.1656116421833174,2.0
req_346,IS_1489_Part1_2015_H,0,synthetic,0.21055996786449363,2.0,1.0020964929346716,1.0,0.40571313220634886,0.08384714462971957,0.12314475239234297,0.016336131995290073,0.0,0.0,0.0,0.0055108628247693536,0.03157256398522508,1.0,1.0,11.0,3.0599115233463654,1.0
req_066,IS_1554_Part1_1988_H,1,synthetic,0.2368514979389894,4.0,4.07626333346784,2.0,0.3444162838424914,0.17788322972816337,0.17251784062911363,0.03032820095332997,0.0,0.0,0.0,0.020672737435453652,0.03200022119331909,3.0,0.5,38.0,3.126312440117883,3.0
req_131,IS_2074_1992,0,synthetic,0.0264465374643036,5.0,0.655067598286791,6.0,0.2570602991805991,0.0800425342335396,0.0800425342335396,0.0055116676094678,2.0,0.0,0.0,0.0,0.031604652423206,6.0,1.0,34.0,3.59058686643,6.0
req_076,IS_3043_2018_H,0,synthetic,0.47212832598802396,2.0,3.808416183615145,2.0,0.32979647651103733,0.12849650068564736,0.11338496667306562,0.4167863457887595,4.0,4.0,0.0,0.030378480748799726,0.031897314225701474,5.0,1.0,8.0,2.008991358073758,5.0
req_402,IS_732_2019_H,0,synthetic,0.2165707202738303,2.0,0.9427745551477407,1.0,0.2571607612317875,0.11598357925346216,0.07668365940107877,0.18403687445965752,2.0,1.0,0.0,0.0,0.03250657728873811,2.0,1.0,7.0,2.5958446616612347,2.0
req_049,IS_875_Part3_2015_H,1,synthetic,0.4394855205912214,2.0,3.598940632147124,2.0,0.42491857528275245,,0.2372221850552185,0.025623536529854284,0.0,1.0,0.0,0.062238382724871026,,,1.0,11.0,2.5797107736529035,
req_601,IS_875_Part2_1987,0,synthetic,0.0238895713023914,2.0,0.6663222158610711,2.0,0.2944302952008581,0.1605664807176594,0.1605664807176594,0.2734459131221216,2.0,0.0,0.0,0.0,0.0325102154104171,1.0,1.0,39.0,2.534545571247917,1.0
req_144,IS_2212_1991,0,synthetic,0.1925428067036516,1.0,1.7262458179778006,2.0,0.4201132009415506,0.1305721965527101,0.1305721965527101,0.2187554231998121,2.0,3.0,0.0,0.0,0.0327673273624391,1.0,1.0,35.0,1.7968958527980714,1.0
req_382,IS_3043_2018,0,synthetic,0.3046470387183695,1.0,0.8968190636381367,2.0,0.2942787970286226,0.1647337631523288,0.1647337631523288,0.1004208671240871,1.0,2.0,0.0,0.0,0.0329484507530092,1.0,1.0,8.0,1.5698925082089223,1.0
req_492,IS_875_Part1_1987_H,1,synthetic,0.2960178106652815,2.0,4.995030141759501,2.0,,0.3151071213427339,0.24479079310122348,0.010465707413018948,0.0,0.0,0.0,0.46533647528840116,0.0314674943816977,1.0,1.0,39.0,2.224934681102215,1.0
req_511,IS_1786_2008,0,synthetic,0.0509027942170658,2.0,0.1318083388348066,2.0,0.4002633003443939,0.1187180738872929,0.1187180738872929,0.0,0.0,2.0,0.0,0.0,0.0312078568080433,2.0,1.0,18.0,2.702540103457084,2.0
req_374,IS_1077_1992,0,synthetic,0.0973459294458201,2.0,1.0406187508697515,2.0,0.3633489676387696,0.0596688181299294,0.0596688181299294,0.2400484181547105,4.0,0.0,0.0,0.0,0.0320713038147944,2.0,1.0,34.0,2.8969235979439025,2.0
req_182,IS_2062_2011,0,synthetic,0.2350604851507739,1.0,0.0579759970265221,2.0,0.0700316919554017,0.0520385894399781,0.0520385894399781,0.0211326276696375,1.0,3.0,0.0,0.0,0.0318152655569915,2.0,1.0,15.0,2.3101453097984983,2.0
req_058,IS_875_Part2_1987_H,0,synthetic,0.18899461895299904,6.0,1.027739575114988,5.0,0.23732949832315425,0.08764139755501384,0.09871728149109427,0.02423803505790393,0.0,0.0,0.0,0.03716954174260539,0.03208812787937475,4.0,1.0,39.0,2.0786397362627698,4.0
req_340,IS_1077_1992,0,synthetic,0.1669539956198777,2.0,1.5543341428369513,2.0,0.2347059659991936,0.0229946519904166,0.0229946519904166,0.2939694093537485,1.0,0.0,0.0,0.0,0.0324506484251037,1.0,1.0,34.0,2.8669025803265136,1.0
req_112,IS_3067_1988_H,0,synthetic,0.13254074269076485,7.0,1.0915179441091343,6.0,0.16783779813499722,0.15022996521309023,0.12939845471924893,0.001078013692895112,0.0,0.0,0.0,0.016665359026273464,0.03146735881504828,6.0,1.0,38.0,2.673799386797154,6.0
req_107,IS_1904_1986_H,0,synthetic,0.2008655966985602,4.0,0.9069891290444607,6.0,0.3142874468348369,0.07690328744637333,0.061608288142922546,0.17764888763928063,4.0,2.0,0.0,0.2043430866524997,0.032308301822963695,6.0,1.0,40.0,2.268874155827629,6.0
req_042,IS_875_Part3_2015_H,1,synthetic,0.1720926642833829,6.0,1.4526241334228942,7.0,0.25489447856657294,0.1680894290079894,0.1746062134849299,0.11861935011844586,4.0,3.0,0.0,0.02895800106336292,0.03185519042399852,5.0,1.0,11.0,1.7902528967166633,5.0
req_008,IS_456_2000_H,0,manual,0.2500566293167339,4.0,2.86663975860132,4.0,0.32040040183342117,0.12985397164547585,0.08844950611430066,0.020333322276937443,0.0,0.0,0.0,0.0017924273265646099,0.032208130102182084,4.0,1.0,26.0,3.381821933511587,4.0
req_106,IS_1200_Part1_1992,1,synthetic,0.3505774091577192,1.0,5.907522548570635,1.0,0.5525880988459817,0.1069658943272503,0.1069658943272503,0.976343244695127,2.0,2.0,1.0,0.8396936795030181,0.0320861603101646,4.0,1.0,34.0,2.1980301060979963,4.0
req_310,IS_2309_1989,0,synthetic,0.0799400146131821,2.0,2.7922050383317685,1.0,0.1137701571695669,0.1581712233947057,0.1581712233947057,0.0,0.0,2.0,0.0,0.0,0.0325953710420628,1.0,1.0,37.0,3.2035122504693483,1.0
req_168,IS_800_2007_H,1,synthetic,0.3488784537003596,2.0,2.4158735635424735,2.0,0.6101877777386175,0.30434828358635474,0.3096130588192664,0.32491198393664716,2.0,1.0,0.0,0.23188372505197435,0.03247966774633602,2.0,1.0,19.0,2.1263106233825253,2.0
req_102,IS_3034_1993,0,synthetic,0.1148184582264129,6.0,2.7449116059952527,3.0,0.3455479755094865,0.0231984431928083,0.0231984431928083,0.0107495797212369,2.0,2.0,0.0,0.0,0.0325835665703446,1.0,1.0,33.0,3.513452433458012,1.0
req_610,IS_456_2000,0,synthetic,0.1552972414847029,1.0,0.4195258001184176,2.0,0.2420910130675209,0.1071428571428571,0.1071428571428571,0.0,1.0,0.0,0.0,0.0,0.0314980158730158,2.0,1.0,26.0,1.537190082644628,2.0
req_426,IS_2911_Part1_Sec2_2010,0,synthetic,0.2816500348718269,1.0,2.396990766312677,1.0,0.1311978241937224,0.1669855890074472,0.1669855890074472,0.0915572602015801,2.0,1.0,0.0,0.0,0.0310473288694029,2.0,1.0,16.0,1.7038550025701154,2.0
req_378,IS_13920_2016,0,synthetic,0.206972473592457,2.0,1.691472952355529,2.0,0.0927519901825782,0.0374026674844523,0.0374026674844523,0.1673495514816386,1.0,1.0,0.0,0.0,0.0322049259023237,1.0,1.0,10.0,2.193259648048752,1.0
req_010,IS_694_2010_H,0,manual,0.31821181356234723,2.0,4.119466876972829,2.0,0.43468812730955586,0.21160493979424103,0.20193007436720697,0.7520968102223862,1.0,1.0,0.0,0.6821507409663357,0.03262287443835305,2.0,1.0,16.0,2.040219395935092,2.0
req_613,IS_3034_1993,0,synthetic,0.221007371334216,1.0,2.028464949331898,2.0,0.1776572808855643,0.0220512116531896,0.0220512116531896,0.0,0.0,0.0,0.0,0.0,0.0325740400121813,1.0,1.0,33.0,2.942971931792876,1.0
req_167,IS_226_1975_H,1,synthetic,0.12223230254913715,1.0,1.3921714439462443,1.0,0.2618674550368804,0.10964494502340422,0.09517158325189753,0.01367326656847896,1.0,1.0,0.0,0.0,0.03212078153041477,1.0,0.0,51.0,2.5334446327130515,1.0
req_138,IS_1346_1991_H,0,synthetic,0.11066134073163915,7.0,0.6087328429253185,6.0,0.3570687317079268,0.0977731428273396,0.08345266911471083,0.09317871291433168,1.0,0.0,0.0,0.1764017679847924,0.03249317676154565,2.0,1.0,35.0,2.175752980101713,2.0
req_166,IS_2074_1992_H,0,synthetic,0.10725750727557959,1.0,0.7972209065263013,1.0,0.13743401285929896,0.0863338768872334,0.06624519155078185,0.15156192428167437,2.0,3.0,0.0,0.0,0.03176791458318363,1.0,1.0,34.0,1.8941063378809297,1.0
req_139,IS_1642_1989_H,0,synthetic,0.2664307765604416,2.0,1.0544672916653515,3.0,0.15826082347961273,0.08706553994170586,0.10244972481124175,0.17511684106477715,1.0,2.0,0.0,0.024315302095759127,0.03261310892308804,2.0,1.0,37.0,2.5558198303317137,2.0
req_285,IS_1554_Part1_1988_H,0,synthetic,0.2766981669543637,2.0,5.088845368172237,2.0,0.44112905281497433,0.19719347781387778,0.20618677023460688,0.007428507749067347,0.0,0.0,0.0,0.440345949270961,0.03195427582314771,2.0,0.5,38.0,2.144267891613357,2.0
req_072,IS_3034_1993_H,0,synthetic,0.15676836590525542,6.0,0.8594886815781924,7.0,0.3621409582079045,0.09652597663895544,0.13283246498792325,0.003965758870864659,0.0,2.0,0.0,0.0,0.031482840246820694,5.0,1.0,33.0,2.0643344473446064,5.0
req_336,IS_875_Part5_1987_H,1,synthetic,0.37482228123948885,2.0,4.44996533899113,2.0,0.3807225843396272,0.14452331145332373,0.1644882749959061,0.08510313588173107,0.0,0.0,0.0,0.3549139816393929,0.03149866850235442,1.0,1.0,39.0,2.234479378741634,1.0
req_392,IS_456_2000_H,0,synthetic,0.11001462600792772,1.0,0.937634249150545,1.0,0.20886569057231685,0.129458647072131,0.12071625969861964,0.01314086370296138,0.0,,0.0,0.03242026011146179,0.031325600465307364,1.0,1.0,26.0,2.2965255598357452,1.0
req_067,IS_3043_2018_H,0,synthetic,0.2727977134513137,4.0,2.543458617604783,3.0,0.17300718568194973,,0.1689734010253433,0.16653738176449506,2.0,0.0,0.0,0.0018263835339839172,0.03159228041083841,5.0,1.0,8.0,2.243171781481977,5.0
req_528,IS_875_Part3_2015,0,synthetic,0.1341143086783134,2.0,-0.0331961617856197,2.0,0.1842211090954481,0.1556255225106894,0.1556255225106894,0.2242547006934152,2.0,3.0,0.0,0.0,0.0314410773886476,2.0,1.0,11.0,1.765640841360375,2.0
req_023,IS_2911_Part1_Sec2_2010,0,synthetic,0.1808857261731033,5.0,0.3495195467201072,5.0,0.1152300946727656,0.1032730523121741,0.1032730523121741,0.0,0.0,2.0,0.0,0.0,0.0311958174564032,7.0,1.0,16.0,2.782540500896527,7.0
req_050,IS_2212_1991_H,1,synthetic,0.14667217904671787,5.0,0.992573331647642,5.0,0.3564479168755882,0.17725987361288997,0.1458460851955001,0.07135075777185336,4.0,3.0,0.0,0.01211689781271596,0.031414169426044344,7.0,1.0,35.0,1.9830500051718447,7.0
req_457,IS_3043_2018,0,synthetic,0.0834251167653641,2.0,2.424133138157576,1.0,0.4038972658841424,0.1055900517761492,0.1055900517761492,0.0,0.0,0.0,0.0,0.0,0.0320860613966511,2.0,1.0,8.0,2.7965567151257336,2.0
req_080,IS_875_Part5_1987_H,0,synthetic,0.06778606117694014,7.0,1.0667257868030284,6.0,0.35958185687132527,0.17922389242235248,0.21080686626731635,0.12300589856032072,2.0,3.0,0.0,0.0,0.031866720406198354,5.0,1.0,39.0,2.2990747474300357,5.0
req_314,IS_1200_Part1_1992,0,synthetic,0.083721944488795,2.0,0.7039627204980752,2.0,0.0674199862463242,0.037037037037037,0.037037037037037,0.0,0.0,0.0,0.0,0.0,0.0317460317460317,2.0,1.0,34.0,1.88,2.0
req_174,IS_73_2013_H,1,synthetic,0.4285441087037492,2.0,4.076571597966124,2.0,0.5072606316965051,0.21952207880717525,0.22433807799794042,0.3996619749739495,2.0,3.0,0.0,0.18179207560200708,0.03154997749541753,1.0,1.0,13.0,2.0524609426330978,1.0
req_017,IS_1077_1992,1,manual,0.3467803267058823,1.0,3.577749233354645,1.0,0.5321811563901744,0.2727272727272727,0.2727272727272727,0.0,0.0,0.0,0.0,0.0,0.0327868852459016,1.0,1.0,34.0,1.5344827586206895,1.0
req_039,IS_269_2015,0,synthetic,0.1520918629312031,4.0,1.4489605974015498,6.0,0.2273405105344393,0.1500398889627156,0.1500398889627156,0.0224484744731126,2.0,0.0,0.0,0.0,0.032246518801044,5.0,1.0,11.0,2.184085811131568,5.0
req_041,IS_3043_2018_H,0,synthetic,0.2163213604364722,6.0,1.652581279099882,6.0,0.36267893996290573,0.14676989782162198,,0.1643182697722397,4.0,0.0,0.0,0.008557899729590151,0.032386629804708904,2.0,1.0,8.0,1.654951007164316,2.0
req_576,IS_2074_1992,1,synthetic,0.6396631275732381,1.0,6.292940059028658,1.0,0.4019360715521225,0.372302287341152,0.372302287341152,0.9638366165253862,3.0,3.0,0.0,0.8654121048891837,0.0315971116995435,2.0,1.0,34.0,2.6293036476732787,2.0
req_327,IS_2911_Part1_Sec2_2010_H,1,synthetic,0.4136504775618168,2.0,4.143812994457823,2.0,0.4208029917071295,0.2549388568168727,0.14029484486326413,0.013476619676763921,0.0,0.0,0.0,0.0,0.03263720191388399,2.0,1.0,16.0,2.1103951671935524,2.0
req_466,IS_2911_Part1_Sec2_2010,0,synthetic,0.210435415836226,1.0,1.3514185362443878,2.0,0.0774093865804691,0.0826329901330371,0.0826329901330371,0.2010400528563556,1.0,1.0,0.0,0.0,0.0323873473479668,1.0,1.0,16.0,1.9273118190994207,1.0
req_061,IS_694_2010_H,0,synthetic,0.24823822184658334,3.0,0.986768076244895,6.0,0.33077559420775515,0.08983159275970416,0.08824506942917242,0.08037438921803386,3.0,1.0,0.0,0.00839133778390372,0.031551848481224325,5.0,1.0,16.0,2.668323167284462,5.0
req_147,IS_1200_Part1_1992,1,synthetic,0.3505774091577192,1.0,5.907522548570635,1.0,0.5525880988459817,0.1069658943272503,0.1069658943272503,0.976343244695127,2.0,2.0,1.0,0.8396936795030181,0.0320861603101646,1.0,1.0,34.0,2.1980301060979963,1.0
req_417,IS_13920_2016_H,0,synthetic,0.48823657917295715,2.0,3.6600710456456715,2.0,0.5528294805186731,0.22869069860354327,0.13724413867789642,0.0585702003017647,0.0,1.0,1.0,0.5776145104208771,0.032400427348627574,2.0,1.0,10.0,3.0960048863208502,2.0
req_099,IS_456_2000,0,synthetic,0.0795939985118846,6.0,0.5192857505171217,6.0,0.14782750540163,0.1141662993666645,0.1141662993666645,0.0,0.0,1.0,0.0,0.0,0.0310788114152571,6.0,1.0,26.0,2.416433576415017,6.0
req_110,IS_3034_1993,1,synthetic,0.5133094425367652,1.0,5.582611909449695,1.0,0.7406578515488406,0.3943472909752725,0.3943472909752725,0.0,0.0,1.0,1.0,0.0,0.0310733126186071,6.0,1.0,33.0,1.8624483553853104,6.0
req_007,IS_875_Part3_2015_H,1,manual,0.34405280235373936,2.0,5.267794759276831,2.0,0.5608964424771592,0.2436077190285741,0.2532656399644528,0.053838800610309615,0.0,0.0,0.0,0.008356623178053111,0.03251794000975957,2.0,1.0,11.0,2.197233782632959,2.0
req_537,IS_875_Part1_1987,1,synthetic,0.5469903205203969,1.0,6.992869986252792,1.0,0.3600980875451161,0.130219514560295,0.130219514560295,0.0,0.0,1.0,0.0,0.7850274207728609,0.0326210264367152,1.0,1.0,39.0,3.5237689054531964,1.0
req_471,IS_456_2000,1,synthetic,0.253650345386769,1.0,6.911568219529234,1.0,0.4065089087925254,0.4459668039328276,0.4459668039328276,0.939092980073454,4.0,5.0,0.0,0.628159505136427,0.032617627756486,1.0,1.0,26.0,2.027107627554696,1.0
req_535,IS_8112_2013_H,0,synthetic,0.43489986111231177,2.0,5.214685947933421,2.0,,0.16794826614498148,0.1832939613759675,0.04055135509868123,0.0,0.0,0.0,0.3899663302593598,,,1.0,13.0,1.8183778090426514,
req_135,IS_875_Part1_1987,0,synthetic,0.2848108761611583,4.0,0.6279533089555086,8.0,0.2814335541455667,0.1056281581645677,0.1056281581645677,0.0238214752105248,2.0,2.0,0.0,0.0,0.0320946832191662,4.0,1.0,39.0,2.7064501913435253,4.0
req_134,IS_10262_2019_H,0,synthetic,0.09432982128346454,8.0,2.218251486188087,2.0,0.25392154627164787,0.11626865313822414,0.10734896189447457,0.2038354986958329,3.0,0.0,0.0,0.0027644285836396477,0.03214540576690127,4.0,1.0,7.0,1.7191916575804742,4.0
req_127,IS_2212_1991_H,0,synthetic,0.20820110229391028,4.0,2.6936082765187885,4.0,0.18674198205497033,0.09107663146465979,0.08446809191335324,0.0,0.0,0.0,1.0,,0.032491146380560505,6.0,1.0,35.0,2.864175457180923,6.0
req_224,IS_2932_1974_H,0,synthetic,0.1648019215283521,1.0,2.1123978895369464,2.0,0.26509663492090907,0.12618059502666434,0.1217898770421768,0.0,0.0,0.0,0.0,0.1097302503577774,0.03263465524522159,2.0,1.0,52.0,2.0438153811246,2.0
req_295,IS_8329_2000,1,synthetic,0.4035851804202228,1.0,4.319193714479843,1.0,0.5340757800411726,0.2183467775864633,0.2183467775864633,0.0,0.0,0.0,0.0,0.7821770487732921,0.0325610328592553,1.0,1.0,26.0,2.482072610157964,1.0
req_050,IS_2212_1991,0,synthetic,0.1185429662760752,6.0,0.3142122276859859,6.0,0.3281606575837222,0.1904795523954886,0.1904795523954886,0.0280358895198065,4.0,3.0,0.0,0.0,0.031036461075583,8.0,1.0,35.0,1.97583526465012,8.0
req_043,IS_8112_2013_H,0,synthetic,0.5661678833304662,2.0,5.419671867853791,2.0,0.46288826735355576,0.31493428526156514,0.2795635181220532,,0.0,0.0,0.0,0.23027160949799638,0.03215843169968932,5.0,1.0,13.0,1.5356926861114497,5.0
req_010,IS_3961_1967,0,manual,0.0947875323243595,8.0,0.4559284820270142,7.0,0.1671834637726058,0.0967741935483871,0.0967741935483871,0.0,1.0,0.0,0.0,0.0,0.0314980158730158,7.5,1.0,59.0,1.5234375,7.5
req_356,IS_383_2016,0,synthetic,0.3035580618689631,1.0,2.268663199003222,2.0,0.265539609678431,0.1018686635483113,0.1018686635483113,0.0969821358827984,1.0,1.0,0.0,0.0,0.0320291925046582,2.0,1.0,10.0,3.5720801547371224,2.0
req_026,IS_2911_Part1_Sec1_2010,0,synthetic,0.141913216949635,4.0,1.718885303929531,3.0,0.1033668687162039,0.1873785828248614,0.1873785828248614,0.0,0.0,0.0,1.0,0.0,0.0324731289435101,2.0,1.0,16.0,2.030635849674108,2.0
req_579,IS_8329_2000_H,0,synthetic,0.08015410036202074,1.0,1.5963063246471567,2.0,0.37888032161090784,0.15427351835676956,0.15379971236411896,0.24190788261873142,3.0,1.0,0.0,0.0,0.031889173292261284,1.0,1.0,26.0,1.785944776526029,1.0
req_059,IS_13920_2016_H,1,synthetic,0.20664331557111065,4.0,1.6862434523164191,4.0,0.1739953940485397,0.0677952954528944,0.06275213932792544,0.13400114550914138,1.0,1.0,0.0,0.0,0.032128488818299474,4.0,1.0,10.0,2.2697228367931266,4.0
req_518,IS_10262_2019,1,synthetic,0.2806676137152705,1.0,3.278778832984468,1.0,0.6135085361475683,0.338943321929414,0.338943321929414,0.9814612951162144,4.0,4.0,0.0,0.0,0.0310716800852585,2.0,1.0,7.0,3.0560031600545496,2.0
req_100,IS_2074_1992_H,0,synthetic,,,5.399464139153086,2.0,0.3226699024427291,0.29850201709782354,0.2886888223306823,0.46800230782049235,,0.0,0.0,0.0,0.031957171895375766,1.0,1.0,34.0,3.0370777502626725,1.0
req_532,IS_458_2003_H,1,synthetic,,,4.1375021920352255,2.0,0.5828796316060049,0.2258835949328372,0.24828096933366137,0.0,0.0,0.0,0.0,0.5799177341153946,0.0325061153825449,2.0,1.0,23.0,1.7302997325799385,2.0
req_027,IS_10262_2019_H,0,synthetic,0.1300292944414718,7.0,1.426448330147657,6.0,0.42292885384084966,0.06214225630328026,0.048937602287640665,0.0987842732895666,3.0,2.0,0.0,0.022343563003146494,0.032658355646042934,2.0,1.0,7.0,1.8447245305459203,2.0
req_045,IS_3034_1993_H,1,synthetic,0.21263583739438804,2.0,5.155943527158526,2.0,0.4951883469487387,0.2604380622487473,0.2671399333092964,0.7058383014783244,3.0,3.0,0.0,0.0,0.03255558268042421,2.0,1.0,33.0,1.6384140559464921,2.0
req_424,IS_226_1975_H,0,synthetic,0.11473237840829352,1.0,1.4849808027197806,1.0,0.2659203499724216,0.10817691665723136,,0.018552021914461835,1.0,1.0,0.0,0.0,0.03200319580764373,1.0,0.0,51.0,2.534169466198921,1.0
req_601,IS_875_Part2_1987_H,0,synthetic,0.06128866708305983,1.0,1.1765010671408855,1.0,0.31360311694884774,0.1644720214621894,0.1420459979140918,0.2339769866943719,2.0,0.0,0.0,0.0,0.032399555278287376,2.0,1.0,39.0,2.544921957308419,2.0
req_142,IS_2212_1991,0,synthetic,0.21349673463441,3.0,0.1252243314535845,4.0,0.1292208271099908,0.0450050127484431,0.0450050127484431,0.2271233152152419,3.0,0.0,0.0,0.0,0.031583006507009,4.0,1.0,35.0,2.696594590754352,4.0
req_096,IS_8329_2000,0,synthetic,0.1315047289294583,6.0,1.6188764813396754,3.0,0.2301418575569815,0.0412006648234768,0.0412006648234768,0.0,0.0,3.0,0.0,0.0,0.0319444393648121,4.0,1.0,26.0,1.707177941695763,4.0
req_054,IS_783_1985_H,1,synthetic,0.36076795137309126,2.0,3.5460010338918444,2.0,0.5327817299072619,0.32740242120127316,0.24809425157905068,0.32333877271089784,4.0,5.0,0.0,0.015867511591490482,0.03135103586394723,5.0,1.0,41.0,2.657972508575075,5.0
req_008,IS_2911_Part1_Sec2_2010,1,manual,0.4709524405692407,1.0,5.598352737375824,1.0,0.4635863249727653,0.2916666666666667,0.2916666666666667,0.0,0.0,0.0,0.0,0.0,0.0327868852459016,1.0,1.0,16.0,1.8333333333333333,1.0
req_062,IS_10262_2019_H,0,synthetic,0.5230917038155853,2.0,2.1494919923915656,2.0,0.618647840412837,0.14211935884748458,0.09253675776348308,0.061275158436754344,0.0,1.0,1.0,0.005644264368360705,,,1.0,7.0,2.9804524118047544,
req_114,IS_13920_2016_H,0,synthetic,0.22044214587099653,5.0,2.5290070738481236,4.0,0.1443254578015002,0.13473515996281063,0.12477758234726874,0.13159697102924986,3.0,2.0,1.0,0.1712571905919164,0.032002914759142936,4.0,1.0,10.0,2.500810340209996,4.0
req_463,IS_694_2010_H,1,synthetic,0.20911748889631987,2.0,0.9363080630914947,1.0,0.35811583131832153,0.08916028338919413,0.07994415156149402,0.03573124876564683,3.0,1.0,0.0,,0.03173805081386763,1.0,1.0,16.0,2.7109065004410677,1.0
req_588,IS_73_2013,1,synthetic,0.1641579541431517,2.0,1.2696998132230484,2.0,0.2842676218074806,0.0952380952380952,0.0952380952380952,0.0,1.0,2.0,0.0,0.0,0.032258064516129,1.0,1.0,13.0,1.3627450980392155,1.0
req_049,IS_1201_1220_1978,0,synthetic,0.1704101905618482,4.0,2.679508722769767,3.0,0.2247144746961874,0.1659740260380717,0.1659740260380717,0.1513647004502872,1.0,0.0,0.0,0.0867103032593994,0.0318788435835252,3.0,1.0,48.0,2.478457882874032,3.0
req_115,IS_269_2015_H,0,synthetic,0.17502379893324266,7.0,1.786901739714945,8.0,0.17469165962531907,0.17039987161215933,0.18037397981393954,0.08966049428041767,0.0,0.0,0.0,0.014110673530817663,,,1.0,11.0,2.6643040101733275,
req_057,IS_3067_1988_H,0,synthetic,,,1.891087797201108,3.0,0.2663852672323114,0.06840034476086314,0.061621742765137766,0.1865799216124647,1.0,3.0,0.0,0.0005288234766798084,0.032745085549029294,2.0,1.0,38.0,1.9584414089743922,2.0
req_072,IS_3043_2018_H,1,synthetic,0.27617383239923976,4.0,1.1980469017852646,5.0,,0.17238038516643084,0.1654250310036754,0.14098062978328252,1.0,2.0,0.0,0.016150484210533833,0.03259662191777302,2.0,1.0,8.0,1.793268466712778,2.0
req_256,IS_269_2015_H,0,synthetic,0.1834457837972543,1.0,1.7783895826455252,2.0,0.16004002774686413,0.14847339762839168,0.10309749459372827,0.0,0.0,3.0,0.0,0.025714006177720294,0.03211560578049282,2.0,1.0,11.0,2.976475406426466,2.0
req_555,IS_875_Part2_1987,0,synthetic,0.1884953647245107,1.0,0.859480276248998,2.0,0.2312537524866609,0.0681449014017528,0.0681449014017528,0.0,0.0,0.0,0.0,0.1015742017394655,0.0322307548883279,1.0,1.0,39.0,1.833435158895789,1.0
req_140,IS_1346_1991,1,synthetic,0.3592424559259864,1.0,2.5360955097157105,1.0,0.6373945328757283,0.1848090475232205,0.1848090475232205,0.4891835791711335,1.0,1.0,0.0,0.0,0.0318872952766824,5.0,1.0,35.0,1.5556739048520685,5.0
req_596,IS_1536_2001,0,synthetic,0.1282100684342181,2.0,0.2108332217842814,2.0,0.4266136932104055,0.1000524556993331,0.1000524556993331,0.0397521013482598,1.0,0.0,0.0,0.157095286957508,0.0318160883501662,2.0,0.5,25.0,1.3117154744312485,2.0
req_028,IS_1536_2001_H,0,synthetic,0.4719371608526482,2.0,2.3782636975212434,2.0,0.29423616441416894,0.23219047502705342,0.2274356165376257,0.42635963565428997,4.0,4.0,1.0,0.039188750117580246,0.03175657998058328,4.0,0.5,25.0,2.879408198308725,4.0
req_009,IS_1642_1989_H,1,manual,0.5073107284937545,2.0,5.453720638369757,2.0,0.6149583558584831,0.3783779368390107,0.3866115863135621,0.0,0.0,0.0,0.0,0.014763395025502847,0.032568287735447905,2.0,1.0,37.0,1.7856425027929115,2.0
req_230,IS_694_2010,0,synthetic,0.2851046496477685,1.0,0.0575803532190495,2.0,0.1780733925053554,0.1579353688005035,0.1579353688005035,0.0,0.0,3.0,0.0,0.0,0.0326626901133782,1.0,1.0,16.0,3.062079862267823,1.0
req_393,IS_2212_1991,0,synthetic,0.1185429662760752,2.0,0.3142122276859859,2.0,0.3281606575837222,0.1904795523954886,0.1904795523954886,0.0280358895198065,4.0,3.0,0.0,0.0,0.031036461075583,2.0,1.0,35.0,1.97583526465012,2.0
req_300,IS_1786_2008,1,synthetic,0.1652969077615153,2.0,3.2302860539566454,1.0,0.3666793988112845,0.2,0.2,0.25,4.0,3.0,0.0,0.5,0.0327868852459016,1.0,1.0,18.0,1.728476821192053,1.0
req_067,IS_2062_2011,0,synthetic,0.0602278253177234,8.0,0.6421467708553192,7.0,0.1233680605546223,0.13640705327863,0.13640705327863,0.027739198958059,2.0,1.0,0.0,0.0,0.0315369231757099,7.0,1.0,15.0,2.8331290134912592,7.0
req_375,IS_456_2000,0,synthetic,0.1921514734579656,2.0,1.3780894678863145,1.0,0.3244428422615251,0.1481481481481481,0.1481481481481481,0.0,1.0,0.0,0.0,0.0,0.032258064516129,1.0,1.0,26.0,1.626086956521739,1.0
req_631,IS_269_2015_H,1,synthetic,0.3324639323928774,2.0,3.080666821404826,2.0,0.3751710259579033,0.21749291483025132,0.1981902666039191,0.02499976707666312,0.0,0.0,1.0,0.30093503455974113,0.03220974066360277,2.0,1.0,11.0,2.261091599908312,2.0
req_275,IS_3043_2018_H,1,synthetic,0.2660648863739322,2.0,1.2496936100822993,1.0,0.16230882432323857,0.10620232708227642,0.08402367627729938,0.2623936373844079,2.0,0.0,0.0,0.022964700405053894,0.03176590894997712,1.0,1.0,8.0,2.1306516682181003,1.0
req_045,IS_2911_Part1_Sec1_2010_H,0,synthetic,0.1342628585912124,4.0,1.154270733322638,3.0,0.15916185973490374,0.12237068985289241,0.11798589923940045,0.018324774848976245,0.0,2.0,0.0,0.03523639242182782,0.031773174981505156,4.0,1.0,16.0,2.88137885152793,4.0
req_134,IS_3067_1988_H,1,synthetic,0.4860498918693656,2.0,1.7980427822014822,4.0,0.6385751883807996,0.22700447768221393,0.1487255698971732,0.5422696044663002,3.0,2.0,1.0,0.6891174138117327,0.03175337789289104,6.0,1.0,38.0,2.192425036296445,6.0
req_120,IS_694_2010_H,1,synthetic,0.2567626757467151,3.0,5.327652179697048,2.0,0.38618814989859324,0.1690584474392944,0.14209252943214284,0.5405493534284431,2.0,3.0,1.0,0.6125384189968469,0.032190637923402404,2.0,1.0,16.0,3.186687376760899,2.0
req_270,IS_1201_1220_1978_H,1,synthetic,0.24036766826138872,2.0,2.096069617345891,2.0,0.16763243191979452,0.15530661171861446,0.15235450384056237,0.007962145941835114,0.0,0.0,0.0,0.0,0.031579343439973005,1.0,1.0,48.0,1.9802270149603438,1.0
req_577,IS_1200_Part1_1992,0,synthetic,0.1277784003603654,2.0,1.9112026614882405,1.0,0.235406910218116,0.110418425741083,0.110418425741083,0.2136057383929979,3.0,2.0,0.0,0.0,0.0319828911941326,1.0,1.0,34.0,1.5731548975027945,1.0
req_060,IS_1536_2001_H,1,synthetic,0.3245146663460237,2.0,4.888490813957161,2.0,0.375299150261887,0.24926326988452965,0.2662763447848674,0.0032576791109157517,0.0,0.0,1.0,0.350717805061892,0.03223165798917716,7.0,0.5,25.0,2.2671527791780646,7.0
req_019,IS_269_2015_H,0,synthetic,0.1403158893820561,5.0,0.8186298347292322,4.0,0.12567636897643225,0.167520520096522,0.174151281955067,0.238829779241299,3.0,1.0,0.0,0.0019475226253921475,0.03269636024858341,2.0,1.0,11.0,2.312238320304521,2.0
req_031,IS_13920_2016,0,synthetic,0.0798082047087598,6.0,0.0080830493629471,6.0,0.102476761771764,0.0427197754773571,0.0427197754773571,0.1691908745790057,4.0,0.0,0.0,0.2448127399361527,0.0313355782867356,6.0,1.0,10.0,2.6770316106436898,6.0
req_185,IS_2062_2011_H,0,synthetic,0.27241622024482554,2.0,0.7080262127708055,1.0,0.13960997585058044,0.11946348348621354,0.11767000180243341,0.1631931677564143,3.0,3.0,0.0,0.0,0.032143198737413746,2.0,1.0,15.0,2.8517251930371876,2.0
req_211,IS_73_2013,1,synthetic,0.1641579541431517,1.0,1.2696998132230484,2.0,0.2842676218074806,0.0952380952380952,0.0952380952380952,0.0,1.0,2.0,0.0,0.0,0.032258064516129,1.0,1.0,13.0,1.3627450980392155,1.0
req_049,IS_1200_Part1_1992_H,0,synthetic,0.1385864734741394,5.0,0.9285942005500416,6.0,,0.10830244928846558,0.11342180516230381,0.143168198363422,1.0,2.0,0.0,0.1950443145781919,0.032549781266580494,2.0,1.0,34.0,2.9362695714605955,2.0
req_050,IS_694_2010_H,1,synthetic,0.22611595983992472,4.0,,,,0.18588514657900776,0.12281111623670526,0.03687296046491763,0.0,3.0,0.0,0.0209143718727038,0.032527065245414155,3.0,1.0,16.0,2.9276586146021777,3.0
req_533,IS_3067_1988,1,synthetic,0.3706807926150013,1.0,5.566862542617262,1.0,0.5887963386480664,0.0907734312702404,0.0907734312702404,0.6317831576511556,1.0,1.0,0.0,0.754354718024516,0.0325945087676578,1.0,1.0,38.0,2.7672827185617512,1.0
req_590,IS_694_2010,0,synthetic,0.0279941464891499,2.0,1.3025821101424222,2.0,0.4364989854305409,0.1609227184576558,0.1609227184576558,0.0682629675896468,3.0,3.0,0.0,0.1681570743000449,0.0324423656704982,1.0,1.0,16.0,3.070324405109456,1.0
req_014,IS_8329_2000_H,1,manual,0.19714799255643334,2.0,0.9334615245245055,1.0,0.4066255223676704,0.1670239873558092,0.1639698594475556,0.0,0.0,0.0,0.0,0.0,0.03261942707826037,2.0,1.0,26.0,1.9330682427444943,2.0
req_101,IS_1893_Part1_2016_H,0,synthetic,0.11844490550419495,7.0,2.2901850763115466,4.0,0.27199829912654205,0.15672567691851713,0.13804464685934248,0.18506802400203456,2.0,0.0,0.0,0.0,0.03254088190143782,3.0,1.0,10.0,2.8868413416780494,3.0
req_420,IS_1077_1992_H,1,synthetic,0.1425059470460866,1.0,1.4594918183816594,1.0,0.39576438021893073,0.0807717732784449,0.08784074620946758,0.2099856605531981,4.0,0.0,0.0,0.0,0.03200929907892894,2.0,1.0,34.0,2.6258865486913563,2.0
req_127,IS_3034_1993_H,0,synthetic,0.21237428147285287,3.0,1.0174034531946607,8.0,0.2713017340920666,0.14119468217052272,,0.11079112737060291,1.0,2.0,0.0,0.02292386355931279,0.0326279751593809,4.0,1.0,33.0,2.4768175788247055,4.0
req_527,IS_1201_1220_1978,0,synthetic,0.1455896224803351,2.0,1.4762160741399493,2.0,0.3954265456192805,0.1054683898619456,0.1054683898619456,0.0,0.0,2.0,0.0,0.1381815278230012,0.0310694569871142,1.0,1.0,48.0,2.5923668478881523,1.0
req_315,IS_2062_2011_H,1,synthetic,0.37737961848795787,2.0,3.071128717757018,2.0,0.4807169955223375,0.26352930779110423,0.3005470502177079,0.7559935768744045,4.0,5.0,0.0,0.4967017498419927,0.03128516139824856,1.0,1.0,15.0,2.8187011868071377,1.0
req_493,IS_1786_2008,0,synthetic,0.2795922505162153,1.0,0.4051440370709587,2.0,0.1742486865284899,0.1239836668208473,0.1239836668208473,0.2289364125415885,1.0,0.0,0.0,0.0,0.0319975194167953,1.0,1.0,18.0,1.9750701328279088,1.0
req_377,IS_12269_2013,1,synthetic,0.5951865304038746,1.0,1.9366769394029817,1.0,0.5547117904927773,0.2164971312354516,0.2164971312354516,0.7865715994412865,4.0,4.0,0.0,0.4819680381463466,0.0324377393197814,1.0,1.0,13.0,2.485384788851205,1.0
req_360,IS_3043_2018,1,synthetic,0.2080783294575659,1.0,2.5114694230567705,1.0,0.3817708577854666,0.1818181818181818,0.1818181818181818,0.0,0.0,0.0,0.0,0.0,0.0327868852459016,1.0,1.0,8.0,2.0,1.0
req_129,IS_2911_Part1_Sec1_2010,0,synthetic,0.1772743346830736,4.0,0.6405980114205578,6.0,0.1491654071843361,0.0974118316040493,0.0974118316040493,0.0268783944380205,4.0,3.0,0.0,0.0,0.031696615713693,6.0,1.0,16.0,2.003735152703773,6.0
req_075,IS_12269_2013,0,synthetic,0.0541864912115485,6.0,1.8614990704395928,3.0,0.2406884313103792,0.1938649519908394,0.1938649519908394,0.1165917782738247,1.0,3.0,0.0,0.0,0.0317039698488342,6.0,1.0,13.0,2.325972377514856,6.0
req_022,IS_814_2004,0,synthetic,0.3093088718022366,1.0,2.597403455056204,4.0,0.3496587306206802,0.1441761737779318,0.1441761737779318,0.1196976899992287,4.0,1.0,0.0,0.0,0.0327992281692858,1.0,1.0,22.0,2.310992432269155,1.0
req_300,IS_1786_2008_H,1,synthetic,0.18241589706776762,1.0,2.719631619450162,2.0,0.34727946949117766,0.19922646775615624,0.17604222746005238,0.1800615609003573,4.0,3.0,0.0,0.32935367602687876,0.032492117245097304,2.0,1.0,18.0,1.924691971668935,2.0
req_126,IS_3067_1988,0,synthetic,0.3042510033672256,2.0,1.5415069180369665,6.0,0.2688380589352971,0.1542995077296536,0.1542995077296536,0.1073890097614211,4.0,3.0,0.0,0.0,0.0327656480387464,2.0,1.0,38.0,1.6420018994233363,2.0
req_113,IS_1786_2008,0,synthetic,0.0628136411188901,8.0,1.6105414922408126,5.0,0.3546709461850859,0.1321781130040941,0.1321781130040941,0.0503165104780796,3.0,1.0,0.0,0.0,0.0321930667249947,7.0,1.0,18.0,1.411780808046925,7.0
req_051,IS_875_Part1_1987,0,synthetic,0.2234920475195277,3.0,1.5756952710870904,6.0,0.2206449354386984,0.1584989393556037,0.1584989393556037,0.1582379365384447,2.0,3.0,0.0,0.0,0.0326025184483031,3.0,1.0,39.0,1.5752365563180637,3.0
req_012,IS_458_2003_H,1,manual,0.19805314592631917,3.0,1.671859778178283,2.0,0.313562325305989,0.14381599252884997,0.16431812186144126,0.022627919224122824,0.0,0.0,0.0,0.0,0.03208900214825938,4.0,1.0,23.0,2.041357237384892,4.0
req_378,IS_13920_2016_H,0,synthetic,0.2107733181237217,1.0,1.8831465218487002,1.0,0.14351377162290127,0.048981356844643026,0.07303356455682998,0.10372407149861303,1.0,1.0,0.0,0.0,0.032147420535673286,2.0,1.0,10.0,2.2952128953024364,2.0
req_114,IS_1201_1220_1978_H,0,synthetic,0.22604304092443042,4.0,2.3446180821094824,6.0,0.23918543950412854,,0.08059725106384522,0.09935860681365621,3.0,3.0,0.0,0.03348827335535254,0.03167529172328956,5.0,1.0,48.0,2.0559647110973547,5.0
req_109,IS_2932_1974_H,0,synthetic,0.14428016108121894,7.0,2.2933715376557857,4.0,0.2817502557757799,0.10232378822581237,0.13912084687652163,,0.0,0.0,0.0,0.13751639614319097,0.03264540797184557,2.0,1.0,52.0,2.0978069982504426,2.0
req_238,IS_458_2003,1,synthetic,0.183377650829963,1.0,1.4416042376968847,2.0,0.2981423969999719,0.1304347826086956,0.1304347826086956,0.0,0.0,0.0,0.0,0.0,0.032258064516129,1.0,1.0,23.0,2.0434782608695654,1.0
req_018,IS_2074_1992,0,manual,0.1340797927682537,6.0,2.088493800707238,1.0,0.24514516892273,0.1,0.1,0.0,0.0,0.0,0.0,0.0,0.0322664584959666,1.5,1.0,34.0,1.4384615384615385,1.5
req_084,IS_875_Part5_1987_H,0,synthetic,0.1897240674857185,6.0,1.3531617516916736,4.0,0.42507255864509574,0.09336743266054438,0.09001418353487503,0.20129932277827658,1.0,1.0,0.0,0.0,0.03176753807456506,3.0,1.0,39.0,2.2485760473903613,3.0
req_515,IS_2911_Part1_Sec2_2010,1,synthetic,0.2697689642625719,1.0,2.332974916091839,1.0,0.6573672595672218,0.2817856174868894,0.2817856174868894,0.4674804737149809,4.0,5.0,0.0,0.4244956700430546,0.0321224901258772,1.0,1.0,16.0,2.932646090367648,1.0
req_139,IS_3067_1988_H,1,synthetic,0.2558104597976538,3.0,5.074140870406392,2.0,0.6066029898813329,0.17699843537270807,0.1646883295080234,0.030099039212036677,0.0,0.0,0.0,0.5574395340952834,0.03215398250085718,4.0,1.0,38.0,2.0819491611833674,4.0
req_521,IS_13920_2016_H,0,synthetic,0.11358886954497621,2.0,1.6029405696092252,2.0,0.30319387247781676,0.12030752089508844,,0.045161440474298244,0.0,1.0,0.0,0.02469533609349848,0.03162570916456516,1.0,1.0,10.0,2.6087698613730606,1.0
req_079,IS_875_Part2_1987,0,synthetic,0.2377965090411335,1.0,2.102411647642478,4.0,0.2159846857096921,0.0364158536990407,0.0364158536990407,0.0,0.0,0.0,0.0,0.0272785525504121,0.0320388885092732,1.0,1.0,39.0,2.2959071604298376,1.0
req_010,IS_1554_Part1_1988,0,manual,0.2205155357747618,4.0,2.9836418213581104,3.0,0.2528608687120868,0.1333333333333333,0.1333333333333333,0.0,1.0,0.0,0.0,0.0,0.032258064516129,3.0,0.5,38.0,1.652542372881356,3.0
req_618,IS_1536_2001_H,0,synthetic,0.1448630745872695,1.0,0.8707988938795727,1.0,0.37997839635713526,0.17285675447302598,0.18210923883256744,0.009448965040468216,0.0,0.0,0.0,0.01850550701437168,0.03206821816413227,1.0,0.5,25.0,1.746252835775569,1.0
req_305,IS_3495_Part1_1992,0,synthetic,0.0380330148727004,2.0,0.5219837624519108,2.0,0.3255759422731814,0.068830661248828,0.068830661248828,0.0199793377264853,2.0,0.0,0.0,0.0,0.0328257375606909,1.0,1.0,34.0,2.096514984451706,1.0
req_596,IS_1536_2001_H,1,synthetic,0.13589048096154765,1.0,0.5765285654153993,1.0,0.39610026904676976,0.10754939086250513,0.0845653913450236,0.07208135626467996,1.0,0.0,0.0,0.14072541977463351,0.031906587998233885,1.0,0.5,25.0,1.7626178644841455,1.0
req_126,IS_3067_1988_H,1,synthetic,0.31225871394436927,1.0,1.9065963770768022,5.0,0.2440340861406656,0.14754035184699524,0.11092926915769355,0.11152377495529946,4.0,3.0,0.0,0.0,0.03257835283205069,4.0,1.0,38.0,,4.0
req_620,IS_383_2016,0,synthetic,0.183881965773449,2.0,1.8762254431856484,1.0,0.3957383054165472,0.1425342601224455,0.1425342601224455,0.1830229740236254,4.0,1.0,0.0,0.0862816974345761,0.0314497340759856,2.0,1.0,10.0,3.536339974837837,2.0
req_214,IS_1893_Part1_2016_H,1,synthetic,0.5355024391019807,2.0,3.665202012574128,2.0,0.4363635246647301,0.21705406560954857,0.23372432950665928,0.6386525885796448,3.0,2.0,0.0,0.6128164161820729,0.032265216839561926,2.0,1.0,10.0,1.889817678402096,2.0
req_381,IS_814_2004,1,synthetic,0.3164970742771172,1.0,6.017586031269824,1.0,0.3005478167069549,0.2279253519367726,0.2279253519367726,0.8479692897094833,1.0,0.0,1.0,0.0,0.0326514104887697,1.0,1.0,22.0,2.870548487467264,1.0
req_055,IS_814_2004,0,synthetic,0.0277740022592429,8.0,0.4802369409969096,8.0,0.2522755624254407,0.1844376510463736,0.1844376510463736,0.0,0.0,1.0,0.0,0.0,0.0314291408508474,8.0,1.0,22.0,2.68791137949456,8.0
req_562,IS_1554_Part1_1988,0,synthetic,0.1612206737025657,1.0,1.8751634228512613,2.0,0.0834300367331195,0.0296839776300007,0.0296839776300007,0.0536948979750519,2.0,2.0,0.0,0.0,0.0326723488076049,1.0,0.5,38.0,2.893508924899364,1.0
req_130,IS_875_Part2_1987,1,synthetic,0.6633648475545535,1.0,6.317512228553836,1.0,0.701073676036498,0.0850813182965696,0.0850813182965696,0.0,0.0,0.0,1.0,0.2670610863634015,0.0320760109158139,4.0,1.0,39.0,1.7289331792600222,4.0
req_318,IS_3043_2018,0,synthetic,0.2898514198733599,1.0,0.4917245073315436,2.0,0.0581984788224247,0.098490352781895,0.098490352781895,0.206057144074358,3.0,3.0,0.0,0.0,0.0313940702582034,2.0,1.0,8.0,2.263548889118719,2.0
req_403,IS_1642_1989,0,synthetic,0.2443035971807968,1.0,2.3710127768409226,1.0,0.4207477979711301,0.1340996785457086,0.1340996785457086,0.0162383846300469,4.0,2.0,0.0,0.0,0.032129825787985,1.0,1.0,37.0,2.018054324989347,1.0
req_450,IS_1201_1220_1978_H,1,synthetic,0.10508961089473401,1.0,0.5538019628086578,1.0,0.22293180390644834,0.1714699051701421,,0.013786172230097362,4.0,2.0,0.0,0.05246744854595108,0.03168568091065369,1.0,1.0,48.0,3.17016618315578,1.0
req_245,IS_875_Part1_1987_H,1,synthetic,0.2838727898587307,2.0,2.392303643354478,2.0,0.34247550005415284,0.34703819634669464,,0.3648264788476152,3.0,3.0,0.0,0.00811738042111346,0.03256343772302882,2.0,1.0,39.0,2.874545541642647,2.0
req_371,IS_3067_1988,0,synthetic,0.260031517749228,1.0,2.408374835503194,1.0,0.1666893424264949,0.1469245498013181,0.1469245498013181,0.1290192894541154,3.0,0.0,0.0,0.0,0.0323124635060583,1.0,1.0,38.0,2.5773840751887374,1.0
req_117,IS_1893_Part1_2016,1,synthetic,0.5092984495909041,1.0,2.6111769560760263,1.0,0.3086791095579652,0.4204696079272061,0.4204696079272061,0.8703343169495399,3.0,2.0,0.0,0.2816973450482483,0.0322413349496635,2.0,1.0,10.0,2.4069998876048984,2.0
req_028,IS_458_2003_H,1,synthetic,0.10761235746310667,5.0,0.5814026741863303,7.0,0.40220030268567736,0.13604139380807084,0.13547110350333003,0.03682430410617508,0.0,2.0,0.0,0.010887158531393057,0.03153990982924395,7.0,1.0,23.0,2.801692738348753,7.0
req_468,IS_1489_Part1_2015,0,synthetic,0.2119381788099988,2.0,0.4685949391735914,2.0,0.4361684917129838,0.0978712915667554,0.0978712915667554,0.0,0.0,0.0,0.0,0.0,0.0313239339191118,2.0,1.0,11.0,3.446633916101832,2.0
req_282,IS_458_2003_H,1,synthetic,0.20011953301563246,1.0,1.3910812892015771,2.0,0.2711959285124119,0.12163154854231308,0.13002694176023194,0.02187747205442206,0.0,0.0,0.0,0.0,0.03228592656990527,1.0,1.0,23.0,2.224373733265046,1.0
req_259,IS_9595_1996,1,synthetic,0.0783540230184698,2.0,0.2625115854987158,2.0,0.2575131013123024,0.12,0.12,0.0,0.0,0.0,0.0,0.0,0.0317460317460317,2.0,1.0,30.0,1.935185185185185,2.0
req_033,IS_2911_Part1_Sec2_2010,0,synthetic,0.1665733540546362,6.0,2.110769262425029,4.0,0.3231498291730744,0.1362625219533714,0.1362625219533714,0.2378798604396952,2.0,2.0,0.0,0.0775587401653855,0.0316124120602601,5.0,1.0,16.0,2.616655625531063,5.0
req_119,IS_383_2016,1,synthetic,0.6977808851498007,1.0,6.216827560062634,1.0,0.5343538362062754,0.3466073219241133,0.3466073219241133,0.5880357184199702,3.0,3.0,1.0,0.0,0.0311979495985886,8.0,1.0,10.0,1.6338534186861329,8.0
req_553,IS_694_2010_H,1,synthetic,0.24651152043016689,1.0,4.944807205626167,2.0,0.41923650845597776,0.30886536883391374,0.2966424268391562,0.011678865504668174,0.0,1.0,1.0,0.5679534875057413,0.031950917757789445,2.0,1.0,16.0,2.7285312533588795,2.0
req_612,IS_9595_1996,1,synthetic,0.6804830567771876,1.0,3.301658794712684,1.0,0.3493828145016333,0.4124605079642033,0.4124605079642033,0.792408180393038,1.0,0.0,0.0,0.5939819933714025,0.0320870023192086,1.0,1.0,30.0,1.2635137899127766,1.0
req_247,IS_3043_2018,0,synthetic,0.0834251167653641,2.0,2.424133138157576,1.0,0.4038972658841424,0.1055900517761492,0.1055900517761492,0.0,0.0,0.0,0.0,0.0,0.0320860613966511,2.0,1.0,8.0,2.7965567151257336,2.0
req_561,IS_2911_Part1_Sec1_2010_H,0,synthetic,0.16723555101922408,1.0,1.8100603164525504,1.0,0.16509043780969485,0.16856500759065793,0.18753945621144538,0.03109757829589753,0.0,0.0,1.0,0.0,0.03243589957526125,2.0,1.0,16.0,2.040315403655013,2.0
req_026,IS_2932_1974,1,synthetic,0.3846079922560959,1.0,4.673130503073987,1.0,0.4863826920844245,0.0954766775224774,0.0954766775224774,0.9444085500895611,2.0,1.0,1.0,0.4371473044171933,0.0325602324837428,1.0,1.0,52.0,3.327716548409871,1.0
req_491,IS_2932_1974,1,synthetic,0.3846079922560959,1.0,4.673130503073987,1.0,0.4863826920844245,0.0954766775224774,0.0954766775224774,0.9444085500895611,2.0,1.0,1.0,0.4371473044171933,0.0325602324837428,1.0,1.0,52.0,3.327716548409871,1.0
req_162,IS_783_1985_H,1,synthetic,0.3730387832305927,2.0,3.460328044028386,2.0,0.5595668912049429,0.34987913100029416,0.35929278380869323,0.4636266350305919,4.0,5.0,0.0,0.009738876525248137,0.03140187165404258,1.0,1.0,41.0,2.5824562087572933,1.0
req_560,IS_1489_Part1_2015_H,1,synthetic,0.10347781721031893,1.0,1.6234208758095279,1.0,0.26599251650309097,0.17594722124423348,0.1793500420847585,,0.0,0.0,0.0,0.05849323864330941,0.031845201773866565,1.0,1.0,11.0,2.584739572960133,1.0
req_396,IS_2911_Part1_Sec1_2010,0,synthetic,0.2271784551092029,2.0,0.7911506129905769,2.0,0.3489735186985176,0.0258151489836188,0.0258151489836188,0.1848326501280859,2.0,0.0,0.0,0.0,0.0314486147722961,2.0,1.0,16.0,2.7707306941523093,2.0
req_142,IS_1077_1992,1,synthetic,0.4775438506068806,1.0,6.074519872033033,1.0,0.3468957012103472,0.4336768751602148,0.4336768751602148,0.0,0.0,0.0,0.0,0.0,0.0326397314575152,1.0,1.0,34.0,2.019409370881271,1.0
req_078,IS_2932_1974_H,0,synthetic,0.18407673144455153,6.0,0.9432507412946776,7.0,0.3689653795168173,0.146703995478966,0.1624061637422769,0.07259378048060273,4.0,0.0,0.0,,0.03140928443346037,7.0,1.0,52.0,3.175865652758062,7.0
req_093,IS_2911_Part1_Sec1_2010_H,0,synthetic,0.19144738339226736,4.0,1.671566159708488,3.0,0.16037895363312926,0.0970187578221431,0.10903414365156534,0.17230400500565415,3.0,3.0,0.0,0.0,0.032510403825867375,3.0,1.0,16.0,2.621927404056386,3.0
req_003,IS_1489_Part1_2015,0,manual,0.0798076019994183,7.0,0.3121079260214439,8.0,0.2946278254943948,0.0714285714285714,0.0714285714285714,0.0,2.0,0.0,0.0,0.0,0.03125,8.0,1.0,11.0,2.5789473684210527,8.0
req_113,IS_269_2015,0,synthetic,0.1334634056362402,6.0,0.3268076156036915,8.0,0.0467906771821,0.1140880417430885,0.1140880417430885,0.2479542556767788,3.0,2.0,0.0,0.0,0.032803216436725,2.0,1.0,11.0,2.659562422646105,2.0
req_080,IS_2074_1992,0,synthetic,0.1283294621123173,4.0,0.8519470540892421,7.0,0.1986036820183228,0.1710151945226525,0.1710151945226525,0.1639068663484053,2.0,1.0,0.0,0.1648551190946887,0.0311459836813314,8.0,1.0,34.0,2.6303042177759224,8.0
req_020,IS_814_2004_H,0,synthetic,0.22425403417576456,5.0,1.9926110925758538,6.0,0.4088334223551705,0.1685830128519134,0.11935702693135154,0.024645494596588366,0.0,2.0,0.0,0.12129729868937636,0.03183321649000626,2.0,1.0,22.0,2.01778442370401,2.0
req_055,IS_814_2004_H,1,synthetic,0.043885743065348974,7.0,1.0078904539564297,7.0,0.24247489008824108,,0.1637599530982438,0.0,0.0,1.0,0.0,0.0034060424039007446,0.03160584699425762,5.0,1.0,22.0,2.5618148593973395,5.0
req_387,IS_2062_2011_H,1,synthetic,0.5001534797688537,2.0,3.180669471694511,2.0,0.5735651474340349,0.14101354656582285,0.1153696111746561,0.3588286038062213,1.0,1.0,1.0,0.025598295845593946,0.03235041837966549,2.0,1.0,15.0,3.024981186556386,2.0
req_333,IS_783_1985,1,synthetic,0.5637540316796958,1.0,5.772055173642346,1.0,0.4512655438846596,0.2282151997754599,0.2282151997754599,0.6493880767693565,4.0,4.0,0.0,0.5397616187348339,0.0320997141790348,1.0,1.0,41.0,3.1894815972027417,1.0
req_395,IS_2309_1989_H,0,synthetic,0.24027699508683248,2.0,3.4972497895372157,2.0,0.4435161702134735,0.14482130067072851,0.14798971872658717,0.6231787575607649,4.0,4.0,1.0,0.3287183388763444,0.03198931205770563,1.0,1.0,37.0,1.7029355914067557,1.0
req_518,IS_10262_2019_H,1,synthetic,0.27415249694752947,2.0,2.95002696629129,2.0,0.526446632843755,0.26281773783471335,0.32923348524232243,0.7764055446544146,4.0,4.0,0.0,0.0,0.03132117250664113,1.0,1.0,7.0,2.747746586976095,1.0
req_332,IS_2074_1992,0,synthetic,0.3030393635142891,1.0,0.9120582095040471,2.0,0.3529778565231911,0.1079517980960867,0.1079517980960867,0.1382486995344615,4.0,2.0,0.0,0.0,0.0312799170571612,2.0,1.0,34.0,2.5343838725056003,2.0
req_494,IS_875_Part3_2015,0,synthetic,0.2192431462495527,2.0,0.9709347786218134,2.0,0.0659655812846716,0.1161964035897616,0.1161964035897616,0.0,0.0,2.0,0.0,0.0,0.0316457302991799,2.0,1.0,11.0,1.9164437286088207,2.0
req_046,IS_2074_1992,0,synthetic,0.1310159277431011,6.0,2.0065485080666186,4.0,0.3585026041863638,0.1221668401905915,0.1221668401905915,0.0,0.0,0.0,0.0,0.2640525576937448,0.0311631630550638,6.0,1.0,34.0,2.291315489676266,6.0
req_538,IS_2074_1992,0,synthetic,0.2352836561416393,2.0,0.5302523401332407,2.0,0.3000375631428827,0.0675171022934737,0.0675171022934737,0.2716009473237969,2.0,1.0,0.0,0.0,0.0318471515451274,2.0,1.0,34.0,1.900198526334792,2.0
req_218,IS_732_2019_H,0,synthetic,0.1876471466925474,1.0,2.005371198194001,2.0,0.3465224059107098,0.1098984292390854,0.134386793485976,0.046570704513174396,0.0,0.0,0.0,0.0,0.03216939862968921,2.0,1.0,7.0,1.9246777417700314,2.0
req_073,IS_1893_Part1_2016,1,synthetic,0.6953503072184839,1.0,4.292020438817657,1.0,0.4704428035311555,0.2674466779209183,0.2674466779209183,0.8848965043770927,3.0,2.0,0.0,0.9216261365206744,0.0322763607340216,5.0,1.0,10.0,1.4497075450198211,5.0
req_096,IS_13920_2016,0,synthetic,0.3192407298734888,1.0,0.6893648772291683,7.0,0.21161193129335,0.0898894857809825,0.0898894857809825,0.0,0.0,3.0,0.0,0.0,0.0313798303208227,8.0,1.0,10.0,2.957392209965123,8.0
req_522,IS_783_1985_H,1,synthetic,0.5288396401533866,2.0,3.310450807219603,2.0,0.533895740408104,0.1373285789954189,0.13792501237530633,0.6055494042173185,4.0,4.0,0.0,0.19649152770069214,0.03160938522390807,1.0,1.0,41.0,3.066364296201728,1.0
req_011,IS_3043_2018_H,1,manual,0.22000025916096141,1.0,2.2958835683659053,2.0,0.3239524067476208,0.1649793886445334,0.0924916505749477,0.0,0.0,0.0,0.0,0.0,0.03255986355197995,2.0,1.0,8.0,,2.0
req_158,IS_2911_Part1_Sec2_2010,0,synthetic,0.1665733540546362,2.0,2.110769262425029,1.0,0.3231498291730744,0.1362625219533714,0.1362625219533714,0.2378798604396952,2.0,2.0,0.0,0.0775587401653855,0.0316124120602601,2.0,1.0,16.0,2.616655625531063,2.0
req_099,IS_1642_1989_H,0,synthetic,0.150606905728371,3.0,2.4443295629346906,2.0,0.2299378343551697,0.05469897663010222,0.06592149438317181,0.274995993980457,4.0,0.0,0.0,0.0,0.03153790653148768,1.0,1.0,37.0,1.7564553815538493,1.0
req_004,IS_3812_Part1_2013_H,1,manual,0.13574302961815274,7.0,0.9285028236710108,5.0,0.1764575646602648,0.08731265056583662,0.07380738071145033,0.02005365991132022,1.0,0.0,0.0,0.0,0.03165247937003461,6.0,1.0,13.0,,6.0
req_411,IS_814_2004,0,synthetic,0.190620391469048,2.0,1.2160758159588427,2.0,0.3713906763541037,0.1071428571428571,0.1071428571428571,0.0,0.0,0.0,0.0,0.0,0.0325224748810153,1.0,1.0,22.0,1.6328125,1.0
req_389,IS_13920_2016_H,0,synthetic,0.24027487703458247,2.0,2.2151386849902637,2.0,0.14994773316162324,0.11012409367035847,0.14456715852510116,0.13177555242265335,1.0,3.0,0.0,0.0,0.03185332821672768,1.0,1.0,10.0,2.6279037236870115,1.0
req_404,IS_13920_2016,0,synthetic,0.3192407298734888,1.0,0.6893648772291683,2.0,0.21161193129335,0.0898894857809825,0.0898894857809825,0.0,0.0,3.0,0.0,0.0,0.0313798303208227,2.0,1.0,10.0,2.957392209965123,2.0
req_070,IS_9595_1996_H,0,synthetic,0.10388669855809873,4.0,2.524298811628963,3.0,0.10603860321519351,0.07965333720691063,0.09172058113762635,0.017956317646907628,0.0,2.0,0.0,0.0,0.03203629082836461,4.0,1.0,30.0,2.6069814670329707,4.0
req_058,IS_1200_Part1_1992_H,0,synthetic,0.19336826601697193,5.0,5.107244362388251,2.0,0.4802186568875937,0.35783848114867,0.34418466512801826,0.29076167388930424,1.0,1.0,0.0,0.5560628357943568,0.032206218063047465,3.0,1.0,34.0,1.996961342365508,3.0
req_133,IS_2932_1974_H,0,synthetic,0.12200458442065716,5.0,0.5414045078346212,6.0,0.3164586287394961,0.07580096915117711,0.040951348703874714,0.06423281475159015,1.0,2.0,0.0,0.0,,,1.0,52.0,1.932924988247114,
req_626,IS_875_Part1_1987_H,1,synthetic,0.4487524073825862,2.0,2.168921134064444,2.0,0.5131858171504997,0.3664675310956348,0.32497469884996993,0.425198635612253,3.0,2.0,1.0,0.34983886607164816,0.03149227139786921,1.0,1.0,39.0,2.5253196320530544,1.0
req_164,IS_1904_1986,1,synthetic,0.5293664366918771,1.0,5.547290395873819,1.0,0.5828263993240206,0.3917361015219539,0.3917361015219539,0.9038799470296476,4.0,3.0,0.0,0.2840963524685065,0.0321535424629547,1.0,1.0,40.0,2.78015544709116,1.0
req_006,IS_4326_1993,0,manual,0.1430451385365534,7.0,0.8032432573971738,8.0,0.2264554068289191,0.1071428571428571,0.1071428571428571,0.0,0.0,1.0,0.0,0.0,0.0314980158730158,7.5,0.5,33.0,1.536764705882353,7.5
req_102,IS_8329_2000,1,synthetic,0.3654474212607184,1.0,3.246417077346323,1.0,0.5288111327028915,0.2836833608003512,0.2836833608003512,0.8994068181458861,3.0,4.0,0.0,0.5831416573445942,0.031176039723405,6.0,1.0,26.0,2.421371943508164,6.0
req_078,IS_875_Part5_1987_H,1,synthetic,0.2756323047005041,2.0,3.5613245253934305,2.0,0.6572039177334396,0.2098943850730883,0.259116856565002,0.5117765690080621,1.0,1.0,0.0,0.0,0.032228475703501964,4.0,1.0,39.0,2.0065001841440377,4.0
req_089,IS_2212_1991_H,0,synthetic,0.27745863197770615,2.0,3.5285928151948407,2.0,0.6202687837392229,0.12374544781508465,0.15300801765478014,0.0,0.0,0.0,0.0,0.3713528680853131,0.0326747190277442,2.0,1.0,35.0,2.9364995848328816,2.0
req_325,IS_732_2019_H,1,synthetic,0.22051032345572782,2.0,1.5148164683353353,1.0,,0.11683424735921188,0.11963143045343148,0.08198043345000401,2.0,1.0,0.0,0.0,0.03241743898110163,2.0,1.0,7.0,2.6420335662144954,2.0
req_097,IS_3067_1988,0,synthetic,0.0741070307320531,6.0,0.1803126807481451,6.0,0.1763780732357758,0.1975952670859423,0.1975952670859423,0.0014140504271981,1.0,0.0,0.0,0.2664176484252497,0.0325289674722915,1.0,1.0,38.0,2.4005061629805384,1.0
req_122,IS_2911_Part1_Sec2_2010,1,synthetic,0.3709564269343131,1.0,3.4201987630558888,1.0,0.6897042935648386,0.4492464750812718,0.4492464750812718,0.6316367558697067,3.0,2.0,0.0,0.0,0.0311120766888037,8.0,1.0,16.0,3.0727843401744304,8.0
req_135,IS_3043_2018,0,synthetic,0.2936758336466397,3.0,1.5616509987653815,6.0,0.310407439646838,0.0470161522118921,0.0470161522118921,0.0,0.0,0.0,0.0,0.0,0.0316161244110691,7.0,1.0,8.0,2.965880105691265,7.0
req_062,IS_10262_2019,1,synthetic,0.6566148628349262,1.0,2.7103368325010084,1.0,0.7352347352406583,0.1450418217893791,0.1450418217893791,0.0,0.0,1.0,1.0,0.0,0.0324980064028819,1.0,1.0,7.0,3.2998831102713444,1.0
req_554,IS_3067_1988,1,synthetic,0.6135050508296749,1.0,2.0205627632473084,1.0,0.7977100043382265,0.2719199814573793,0.2719199814573793,0.7567355223973753,3.0,2.0,1.0,0.7229864148195403,0.0315823587244682,2.0,1.0,38.0,2.1853937449182146,2.0
req_065,IS_73_2013_H,0,synthetic,0.1871879900680213,3.0,2.327419210294372,5.0,0.24641245771452594,0.18317770226494193,0.18452500538532185,0.029450101855798883,2.0,2.0,0.0,0.0,0.03155204303223421,4.0,1.0,13.0,2.8893857634242104,4.0
req_239,IS_3034_1993_H,0,synthetic,0.17387599695546013,2.0,1.5593035416658079,1.0,0.27464127815147765,0.14642680230124952,0.10875513243765998,0.12830398438357762,1.0,2.0,0.0,0.0,0.03269157430023157,2.0,1.0,33.0,2.5765149587837386,2.0
req_003,IS_1489_Part1_2015_H,0,manual,0.09684256645836092,6.0,1.045913903928887,5.0,0.28715012732609685,0.09830294948151311,0.06522573258010327,0.009680091591239694,2.0,0.0,0.0,0.03564423889915207,0.03152156610285824,7.0,1.0,11.0,2.3947976568599105,7.0
req_592,IS_875_Part3_2015_H,0,synthetic,0.2072514806025441,2.0,1.5072379820374124,1.0,0.13229908217683042,0.10496999639599383,0.1123874163989601,0.013553781014663238,0.0,2.0,0.0,0.0,0.03178763534390383,1.0,1.0,11.0,1.9549505866278727,1.0
req_027,IS_10262_2019,0,synthetic,0.098364558917063,8.0,1.604680741155317,5.0,0.4432557348820657,0.0268862955235872,0.0268862955235872,0.10370613350394,3.0,2.0,0.0,0.0,0.0329684716986331,1.0,1.0,7.0,1.5217675924689265,1.0
req_003,IS_12269_2013_H,0,manual,0.2778658102464119,2.0,2.699476671325709,3.0,0.5032060873651466,0.3130629165102298,0.30392349171903843,0.7263478429271114,2.0,2.0,0.0,0.6536620578220996,0.03254686461845157,2.0,1.0,13.0,1.9091097184028682,2.0
req_021,IS_1077_1992_H,1,synthetic,0.27815150454565435,4.0,0.9680481505325518,6.0,0.2596748393271079,0.1499317817314699,0.1424155138068954,,0.0,0.0,0.0,0.0,0.0318163942497339,4.0,1.0,34.0,1.7902776324801537,4.0
req_027,IS_1786_2008_H,1,synthetic,0.325633908547052,2.0,4.77084680103846,2.0,0.6333857007811998,0.16819048674250348,0.18734861959201263,0.6324678512908618,4.0,5.0,0.0,0.000522531662840509,0.03141995378216117,4.0,1.0,18.0,3.08067032097794,4.0
req_557,IS_1786_2008_H,0,synthetic,0.1729771258459702,1.0,2.023460019507496,1.0,0.25515838636201743,0.16330993292465767,0.15698432085942154,0.030788067358138316,3.0,3.0,0.0,0.02113755792320087,0.0324878033344988,2.0,1.0,18.0,3.0128016693512403,2.0
req_088,IS_383_2016_H,1,synthetic,0.08980011139648666,4.0,1.1880136634186034,8.0,0.10536868629465548,0.11124635390867561,0.09669405320904298,0.06497918669384155,1.0,3.0,0.0,0.16100951332000932,0.032468124086910306,6.0,1.0,10.0,,6.0
req_339,IS_694_2010,0,synthetic,0.2442015499154014,1.0,0.5598624030194713,2.0,0.3794601984382938,0.0688038899596356,0.0688038899596356,0.0411818864402768,3.0,1.0,0.0,0.0,0.0314849160768205,2.0,1.0,16.0,2.8241098174987944,2.0
req_470,IS_2062_2011_H,1,synthetic,0.1821014968355751,2.0,1.806580996313359,1.0,0.2730740939321311,0.15226206486442664,0.13097103200041743,0.028187383544394123,0.0,0.0,0.0,0.029075674968642707,0.03219934534883353,2.0,1.0,15.0,2.8620515214552658,2.0
req_639,IS_456_2000,1,synthetic,0.4553381202625223,1.0,4.4977483876166175,1.0,0.5692850625382023,0.2928370973600577,0.2928370973600577,0.6651237927726266,3.0,3.0,0.0,0.0,0.0320009315632394,1.0,1.0,26.0,2.060673360858868,1.0
req_044,IS_1893_Part1_2016,0,synthetic,0.2579288279304938,3.0,0.2760801064257269,8.0,0.3084323125844883,0.1779871183515585,0.1779871183515585,0.1290209824999159,3.0,0.0,0.0,0.0,0.03265483844956,2.0,1.0,10.0,2.18701593300384,2.0
req_029,IS_1489_Part1_2015_H,0,synthetic,0.2479501533485625,6.0,2.4031032133258803,3.0,0.3784174843237671,0.14473985746142162,0.11589141649792219,,0.0,0.0,0.0,0.029808557772801426,0.03197784019448262,3.0,1.0,11.0,2.5722489405743563,3.0
req_361,IS_1904_1986_H,0,synthetic,0.14142129314448118,1.0,1.2031582087804287,1.0,0.3281700100372056,0.06731291751650828,0.04582273926750501,0.0,0.0,1.0,0.0,0.0,0.03219208184231268,2.0,1.0,40.0,2.8714153108690748,2.0
req_640,IS_3043_2018_H,1,synthetic,0.21728409676209892,2.0,1.8391769338814554,1.0,0.35609047735383326,0.12755866807486776,0.1873309352733806,0.07998778746684017,4.0,0.0,0.0,0.044731109804020674,0.03243514724092061,2.0,1.0,8.0,1.7386842266174312,2.0
req_432,IS_2074_1992,0,synthetic,0.3054619719032591,1.0,0.9678443231836936,2.0,0.3152311819698208,0.0622159127742656,0.0622159127742656,0.0209426654132871,1.0,3.0,0.0,0.1700514305958605,0.0323188445017587,1.0,1.0,34.0,2.8796266039669467,1.0
req_223,IS_1893_Part1_2016,0,synthetic,0.1427632271654043,2.0,0.6747245370665752,2.0,0.1203278015322446,0.0417342453259149,0.0417342453259149,0.1371138024878966,2.0,0.0,0.0,0.0,0.0312155314945749,2.0,1.0,10.0,2.224005311051576,2.0
req_346,IS_1489_Part1_2015,0,synthetic,0.2119381788099988,1.0,0.4685949391735914,2.0,0.4361684917129838,0.0978712915667554,0.0978712915667554,0.0,0.0,0.0,0.0,0.0,0.0313239339191118,2.0,1.0,11.0,3.446633916101832,2.0
req_061,IS_73_2013_H,1,synthetic,0.14680550118699853,7.0,1.0309805973635189,5.0,0.1859698557338067,0.13587071330543568,0.13706488051691018,0.06701392788842248,1.0,2.0,0.0,0.0018315426086017172,0.0317899118190065,3.0,1.0,13.0,1.8625182008540708,3.0
req_084,IS_2911_Part1_Sec2_2010_H,0,synthetic,0.2838228747468919,4.0,,,0.2747735418471712,0.1385295803503915,0.19120432782658084,0.15640906478681335,1.0,2.0,0.0,0.045438129121702295,0.03244881860579597,2.0,1.0,16.0,1.8118795599044186,2.0
req_308,IS_2932_1974_H,1,synthetic,0.3532698486465965,2.0,2.172102181977125,2.0,0.4554720059555413,0.24924198425853608,0.21481119623779055,0.8383501984381766,1.0,2.0,1.0,0.6912966410901789,0.0314208236177596,1.0,1.0,52.0,1.7819820833269844,1.0
req_074,IS_10262_2019_H,1,synthetic,0.07356943719663167,5.0,0.8282644987342158,7.0,0.23800878280034213,0.1955077032506571,0.17331045602204373,0.052987934686130375,0.0,0.0,0.0,0.09743948103126884,0.03195649176697538,8.0,1.0,7.0,2.115608544720507,8.0
req_138,IS_694_2010,0,synthetic,0.1775301259062847,5.0,0.448786325528168,7.0,0.1934284331785666,0.0267311064899136,0.0267311064899136,0.0,0.0,0.0,1.0,0.0,0.0319653263822936,3.0,1.0,16.0,2.425127624810359,3.0
req_202,IS_1201_1220_1978,0,synthetic,0.2035642031033945,2.0,2.7766262213865387,1.0,0.2029562007601446,0.0566648590146084,0.0566648590146084,0.1447403271020641,3.0,3.0,0.0,0.0,0.0315075552908853,2.0,1.0,48.0,1.9706347536852968,2.0
req_041,IS_1201_1220_1978_H,1,synthetic,0.3277630123684061,2.0,4.396563757293659,2.0,0.31140451177545125,0.14575800754737303,0.12164422417773102,0.6750268492234754,4.0,4.0,0.0,0.01826743562378631,0.03152633096917069,5.0,1.0,48.0,2.964199528270817,5.0
req_035,IS_1893_Part1_2016_H,1,synthetic,0.39348793943663585,2.0,4.675962291326735,2.0,0.33301101901897556,0.22406338730710235,0.22249175671216564,0.4789832739978121,3.0,4.0,0.0,0.0,0.03215798871446836,3.0,1.0,10.0,1.6574630846973102,3.0
req_444,IS_12269_2013,0,synthetic,0.0541864912115485,2.0,1.8614990704395928,2.0,0.2406884313103792,0.1938649519908394,0.1938649519908394,0.1165917782738247,1.0,3.0,0.0,0.0,0.0317039698488342,2.0,1.0,13.0,2.325972377514856,2.0
req_155,IS_456_2000,0,synthetic,0.1921514734579656,2.0,1.3780894678863145,2.0,0.3244428422615251,0.1481481481481481,0.1481481481481481,0.0,1.0,0.0,0.0,0.0,0.032258064516129,1.0,1.0,26.0,1.626086956521739,1.0
req_276,IS_1489_Part1_2015,0,synthetic,0.1769797644399593,2.0,0.6871753097629557,1.0,0.2380407954413236,0.1513862450317619,0.1513862450317619,0.0,0.0,0.0,0.0,0.0,0.0320535981810611,2.0,1.0,11.0,1.8503224097211,2.0
req_564,IS_1489_Part1_2015_H,0,synthetic,0.11062003092133024,1.0,1.5548490882807413,1.0,0.27475080754115244,0.16983081723838314,0.1804938551808812,0.025149146860986696,0.0,0.0,0.0,0.0528180246757794,0.031916585778358667,1.0,1.0,11.0,2.4853580847123884,1.0
req_430,IS_3067_1988_H,1,synthetic,0.3406831420393422,2.0,4.638184208869552,2.0,0.49985900606261663,0.1222237338787646,0.058987213227871614,0.3831693714945826,1.0,,0.0,0.5360270536590783,0.0324683478382525,2.0,1.0,38.0,2.5777921628428886,2.0
req_188,IS_2309_1989_H,1,synthetic,0.3845531918570975,2.0,4.169465497546715,2.0,0.5262305249100192,0.13098413111635857,0.10292336612238621,0.5714665432597228,3.0,3.0,1.0,0.007469903947593429,0.03202476600561179,2.0,1.0,37.0,1.772274020527723,2.0
req_044,IS_13920_2016_H,1,synthetic,0.4588378281549307,2.0,3.5663858451835755,2.0,0.5635546818927855,0.2395288979782339,0.227813986891824,0.0,0.0,1.0,1.0,0.6429357620774724,0.03233725412351414,6.0,1.0,10.0,2.813262824036328,6.0
req_433,IS_2309_1989,0,synthetic,0.1289933391952946,2.0,2.2331235303521844,1.0,0.3185583492040229,0.1915020913303294,0.1915020913303294,0.0,0.0,3.0,0.0,0.0,0.0312524600486045,2.0,1.0,37.0,1.804589143987828,2.0
req_034,IS_8112_2013,1,synthetic,0.5622925005465258,1.0,6.878356518991895,1.0,0.5385502780097343,0.1847095202117333,0.1847095202117333,0.0,0.0,0.0,0.0,0.5206608018620398,0.032416036971422,3.0,1.0,13.0,1.547469955642757,3.0
req_383,IS_8329_2000,0,synthetic,0.0265738688730716,2.0,1.6218361490099469,1.0,0.4160619004672586,0.1593859697875805,0.1593859697875805,0.2881676250827273,3.0,1.0,0.0,0.0,0.0317911911247077,2.0,1.0,26.0,1.4874255999246129,2.0
req_333,IS_783_1985_H,1,synthetic,0.43012119665101867,2.0,4.429736914862839,2.0,0.4416140650768979,0.20133254567611875,0.13202982073470523,0.48208169983258514,4.0,4.0,0.0,0.4751005539216704,0.03198510093947318,2.0,1.0,41.0,3.009274289208159,2.0
req_024,IS_456_2000_H,0,synthetic,,,2.1032680626504012,5.0,0.21737954175517304,0.14088370266677414,0.1426193667506469,0.1900895599674608,4.0,3.0,0.0,0.006797433861210254,0.031670348862592054,2.0,1.0,26.0,1.7197643301083227,2.0
req_473,IS_2309_1989,0,synthetic,0.3053876421738746,1.0,1.7396540005373469,1.0,0.230220758090338,0.1214723869918129,0.1214723869918129,0.2043400434944501,3.0,2.0,0.0,0.0,0.0329730638954717,1.0,1.0,37.0,2.0095393678618976,1.0
req_035,IS_1893_Part1_2016,1,synthetic,0.5031588256214814,1.0,5.911852315185781,1.0,0.374127925385769,0.2733518379981806,0.2733518379981806,0.6135442228845631,3.0,4.0,0.0,0.0,0.0321372589412484,4.0,1.0,10.0,1.391541215275471,4.0
req_299,IS_1077_1992,0,synthetic,0.0237956450497559,2.0,1.1471674113992083,2.0,0.2409826990460674,0.0980342122386527,0.0980342122386527,0.212192593111823,1.0,2.0,0.0,0.0,0.0329309474624761,1.0,1.0,34.0,1.884693631510392,1.0
req_550,IS_875_Part1_1987_H,1,synthetic,0.08626488679258283,1.0,2.2313154272845326,2.0,0.22754951616076885,0.12800316213592655,0.1256266204363372,0.19388322973046515,4.0,3.0,0.0,0.08153485759318242,0.03239838254128325,2.0,1.0,39.0,1.9876977984393243,2.0
req_278,IS_269_2015,0,synthetic,0.1439904098144775,2.0,1.9944704603131944,1.0,0.0812234109587126,0.1587378904576902,0.1587378904576902,0.0,0.0,3.0,0.0,0.0,0.0323057855954026,1.0,1.0,11.0,3.319521524490708,1.0
req_105,IS_875_Part2_1987,0,synthetic,0.0238895713023914,6.0,0.6663222158610711,6.0,0.2944302952008581,0.1605664807176594,0.1605664807176594,0.2734459131221216,2.0,0.0,0.0,0.0,0.0325102154104171,1.0,1.0,39.0,2.534545571247917,1.0
req_076,IS_814_2004,0,synthetic,0.1666098535819056,7.0,0.1856112834914305,8.0,0.0526528893136319,0.1569901913381763,0.1569901913381763,0.0824558754820602,1.0,0.0,0.0,0.0,0.0319146427745469,4.0,1.0,22.0,2.994917892035,4.0
req_298,IS_1489_Part1_2015,0,synthetic,0.1359697012222954,2.0,0.4142861059560683,2.0,0.2746258050183233,0.1936851696564059,0.1936851696564059,0.0,0.0,0.0,0.0,0.0,0.031819014392991,2.0,1.0,11.0,1.2971230401238822,2.0
req_578,IS_1200_Part1_1992,0,synthetic,0.1408552319905462,2.0,2.086936791188592,2.0,0.3248284824482932,0.177917124229914,0.177917124229914,0.098186784048279,2.0,2.0,0.0,0.2709473516531926,0.0324618638749741,1.0,1.0,34.0,2.3273557531973363,1.0
req_465,IS_269_2015,0,synthetic,0.2633274781403547,2.0,2.8134934310551385,1.0,0.3273268353539886,0.1428571428571428,0.1428571428571428,0.0,2.0,1.0,0.0,1.0,0.032258064516129,1.0,1.0,11.0,1.8846153846153848,1.0
req_509,IS_814_2004,0,synthetic,0.0277740022592429,2.0,0.4802369409969096,2.0,0.2522755624254407,0.1844376510463736,0.1844376510463736,0.0,0.0,1.0,0.0,0.0,0.0314291408508474,2.0,1.0,22.0,2.68791137949456,2.0
req_013,IS_1201_1220_1978,0,manual,0.2646878739113881,1.0,2.3508267874100364,1.0,0.2981423969999719,0.1578947368421052,0.1578947368421052,0.0,1.0,0.0,0.0,0.0,0.0327868852459016,1.0,1.0,48.0,1.4183673469387754,1.0
req_107,IS_8112_2013_H,0,synthetic,0.1107474139042963,7.0,,,0.2658119653577583,0.1601205975180673,0.18233017639335408,0.04302031290901611,4.0,0.0,0.0,0.02835964883586426,0.032653195808749216,2.0,1.0,13.0,1.9241234577034794,2.0
req_351,IS_2309_1989_H,0,synthetic,0.09376605699158555,1.0,2.5721433309230557,2.0,0.20639808833386813,0.16477374143379087,0.14653047104453354,0.0070098301941847255,0.0,2.0,0.0,0.0,0.03240903778713614,2.0,1.0,37.0,2.927310692891039,2.0
req_634,IS_269_2015,1,synthetic,0.4074484529095027,1.0,3.861560620445289,1.0,0.455678818223461,0.2228814636765001,0.2228814636765001,0.0,0.0,0.0,1.0,0.4890136565872984,0.0324294085450464,1.0,1.0,11.0,2.037932336403016,1.0
req_519,IS_2062_2011,1,synthetic,0.1329706904603665,1.0,1.1724459487710226,2.0,0.3666793988112845,0.2,0.2,1.0,1.0,2.0,0.0,0.0,0.0320020481310803,2.0,1.0,15.0,1.4827586206896552,2.0
req_416,IS_8329_2000,0,synthetic,0.1821763814300915,2.0,-0.0079401089873959,2.0,0.0782377382353727,0.1556417907235416,0.1556417907235416,0.0,0.0,0.0,0.0,0.0,0.0327293007880604,1.0,1.0,26.0,3.370740733949789,1.0
req_063,IS_1642_1989_H,0,synthetic,0.2261106973212055,5.0,1.7913943749262122,4.0,0.3085646360998722,0.06063833769821951,0.03748625269295918,0.09398866681007423,1.0,1.0,0.0,0.0,0.03260125446955131,3.0,1.0,37.0,3.1088855535630904,3.0
req_642,IS_458_2003_H,1,synthetic,0.35998563249651894,2.0,2.164434144996365,1.0,0.3784941834066427,0.26869238003975193,0.2648155747084449,0.7080592260867062,3.0,3.0,0.0,0.0,0.03203230233984274,2.0,1.0,23.0,3.122222020220355,2.0
req_002,IS_2062_2011,1,manual,0.1329706904603665,4.0,1.1724459487710226,6.0,0.3666793988112845,0.2,0.2,1.0,1.0,2.0,0.0,0.0,0.0320020481310803,5.5,1.0,15.0,1.4827586206896552,5.5
req_001,IS_800_2007_H,0,manual,0.09316633053805085,6.0,0.9759383222711828,7.0,0.24660693417395912,0.08203867798934981,0.09585905919235461,0.039331364243187145,4.0,0.0,0.0,0.0051921266917447865,0.03148272554957933,7.0,1.0,19.0,2.0472365131153096,7.0
req_366,IS_1346_1991_H,0,synthetic,0.22474320264423842,2.0,0.3295894765660887,1.0,0.29128537729819565,0.13950989447844012,0.10680010116832826,0.04863660522969752,,2.0,0.0,0.04151445638204449,0.03159402690573767,1.0,1.0,35.0,2.5398191942888695,1.0
req_075,IS_3495_Part1_1992,0,synthetic,0.1976609475081104,3.0,1.058181974013765,6.0,0.3289416025434911,0.0570412062861179,0.0570412062861179,0.1732043715605558,4.0,0.0,0.0,0.0,0.031731586058825,5.0,1.0,34.0,1.713124546596732,5.0
req_212,IS_814_2004_H,0,synthetic,0.29092924562877187,2.0,0.7055133182977175,1.0,0.22626703015080826,0.1447499010361406,0.11097629115157938,0.03147399738533612,4.0,2.0,0.0,0.07221916880098787,0.031786007890607815,1.0,1.0,22.0,2.377990630017353,1.0
req_473,IS_2309_1989_H,0,synthetic,0.27503519524967557,2.0,1.727279149814406,2.0,0.23416236965777,0.13434939997047293,0.0981829776000484,0.20421902742591627,3.0,2.0,0.0,0.0,0.03274993904322783,2.0,1.0,37.0,2.1291130398788587,2.0
req_126,IS_2911_Part1_Sec2_2010,0,synthetic,0.2402901014768811,5.0,2.328201019884109,3.0,0.0719535036928014,0.0588620113797904,0.0588620113797904,0.0303675362285344,3.0,0.0,0.0,0.1348658808790977,0.0323137530274504,5.0,1.0,16.0,2.5895650220626134,5.0
req_001,IS_432_1982_H,0,manual,0.16844974499267482,1.0,2.816266172234578,3.0,0.35738463135864834,0.17055815794048712,0.18426594907475968,0.07191750238462036,4.0,,0.0,0.026980624424452915,0.0322739371706079,3.0,0.5,44.0,1.898592042344122,3.0
req_023,IS_1536_2001_H,1,synthetic,,,,,0.6304745485504618,0.2351773702224625,0.24822385821974213,0.7183124875699013,3.0,3.0,1.0,0.0,0.031409696148073256,4.0,0.5,25.0,2.3115859872592375,4.0
req_480,IS_1554_Part1_1988,0,synthetic,0.2205155357747618,1.0,2.9836418213581104,1.0,0.2528608687120868,0.1333333333333333,0.1333333333333333,0.0,1.0,0.0,0.0,0.0,0.032258064516129,1.0,0.5,38.0,1.652542372881356,1.0
req_433,IS_2309_1989_H,1,synthetic,0.1901845370229104,1.0,2.1748974421591725,2.0,0.29215811922376167,0.1834520938059231,0.1730525915268703,0.0,0.0,3.0,0.0,0.005552535059341116,0.03154871216578217,1.0,1.0,37.0,2.0980143278734267,1.0
req_086,IS_2074_1992,0,synthetic,0.2584538732905611,4.0,2.769800304920372,1.0,0.3605854644066242,0.0846401797707617,0.0846401797707617,0.1032102359369628,3.0,2.0,0.0,0.0,0.0315408713695379,8.0,1.0,34.0,1.31124797425689,8.0
req_104,IS_1489_Part1_2015_H,0,synthetic,0.2408298797965144,3.0,2.509913998266708,4.0,0.13730862663634477,0.13847897903082862,0.1179128673080027,0.136440240323192,4.0,1.0,0.0,0.0,0.032245655745144305,3.0,1.0,11.0,3.1569518154208134,3.0
req_200,IS_3067_1988_H,0,synthetic,0.12347170327856417,1.0,2.114537459893627,1.0,0.26149461407199953,0.08101602203578012,0.06905057202643733,0.14454280056649288,1.0,3.0,0.0,0.0,0.032709220292757885,2.0,1.0,38.0,1.8346605931663216,2.0
req_089,IS_3034_1993,0,synthetic,0.221007371334216,4.0,2.028464949331898,4.0,0.1776572808855643,0.0220512116531896,0.0220512116531896,0.0,0.0,0.0,0.0,0.0,0.0325740400121813,4.0,1.0,33.0,2.942971931792876,4.0
req_043,IS_8112_2013,1,synthetic,0.6920140659238694,1.0,6.935141982704096,1.0,0.5471185012747333,0.3754501147163207,0.3754501147163207,0.0,0.0,0.0,0.0,0.5186817094123997,0.0321777058441008,4.0,1.0,13.0,1.2870855462512265,4.0
req_043,IS_732_2019_H,0,synthetic,0.2531561151368798,4.0,1.5798730455916685,7.0,0.30131754612880635,0.15125151916192325,0.16316323682115721,0.0696963279788061,0.0,1.0,0.0,0.0,0.032111402245090875,6.0,1.0,7.0,1.9951242508241112,6.0
req_061,IS_1346_1991_H,1,synthetic,0.41933563932114887,2.0,3.5642548433339707,2.0,0.6265830771657842,0.3208526163934352,0.238659147670022,0.2995446643084781,1.0,1.0,1.0,0.0,0.03261017044075036,2.0,1.0,35.0,2.5660911247016256,2.0
req_217,IS_1893_Part1_2016,0,synthetic,0.1695126514121585,2.0,1.9923194790766048,2.0,0.2486375261784998,0.0692164814083893,0.0692164814083893,0.0731192718225415,2.0,2.0,0.0,0.0,0.0328437362998631,1.0,1.0,10.0,2.444366095243301,1.0
req_014,IS_458_2003,0,manual,0.1593725759903062,4.0,-0.0171210695480172,5.0,0.3849001794597505,0.1428571428571428,0.1428571428571428,0.0,0.0,0.0,0.0,0.0,0.0320020481310803,5.5,1.0,23.0,2.52,5.5
req_195,IS_783_1985_H,0,synthetic,0.3280677559357168,2.0,3.144844215883256,2.0,0.5582166151037946,0.3156415941217638,0.1929178159932781,,4.0,5.0,0.0,0.0,0.03143131776396534,1.0,1.0,41.0,2.6184798529069333,1.0
req_369,IS_2911_Part1_Sec2_2010,0,synthetic,0.2816500348718269,1.0,2.396990766312677,1.0,0.1311978241937224,0.1669855890074472,0.1669855890074472,0.0915572602015801,2.0,1.0,0.0,0.0,0.0310473288694029,2.0,1.0,16.0,1.7038550025701154,2.0
req_476,IS_12269_2013,1,synthetic,0.5951865304038746,1.0,1.9366769394029817,1.0,0.5547117904927773,0.2164971312354516,0.2164971312354516,0.7865715994412865,4.0,4.0,0.0,0.4819680381463466,0.0324377393197814,1.0,1.0,13.0,2.485384788851205,1.0
req_108,IS_2062_2011_H,0,synthetic,0.2116665503031526,4.0,0.7355974036967736,5.0,0.11470403796012402,0.07171690752765805,0.0506487994086132,0.013563588556658662,1.0,3.0,0.0,0.008668074708463046,0.031771381961698646,4.0,1.0,15.0,2.307441149205859,4.0
req_033,IS_3034_1993_H,1,synthetic,0.37618940997092154,2.0,3.5466139674961483,2.0,0.4346282414590119,0.2908525995951833,0.3331228074449972,0.5442028306900215,2.0,2.0,1.0,0.27778981148853543,0.031642140875998925,4.0,1.0,33.0,1.7742717960741035,4.0
req_048,IS_2309_1989_H,0,synthetic,0.299495139573658,4.0,1.8281759290752038,5.0,0.2418255476050373,0.12519810093678685,0.1122734484802758,0.12527305866126548,3.0,2.0,0.0,0.0,0.03263033461382908,2.0,1.0,37.0,2.1694752820761756,2.0
req_134,IS_10262_2019,0,synthetic,0.1113662443466715,7.0,2.3087198716763897,1.0,0.2291523372252248,0.0960431928410794,0.0960431928410794,0.2069858875504947,3.0,0.0,0.0,0.0,0.0322922030158593,3.0,1.0,7.0,1.4625358980016407,3.0
req_614,IS_875_Part3_2015,0,synthetic,0.1812639817647577,1.0,1.057640618777906,2.0,0.1921147213496219,0.1908885383141429,0.1908885383141429,0.1257380260244168,4.0,3.0,0.0,0.0,0.0318297690548736,2.0,1.0,11.0,1.482700841569742,2.0
req_296,IS_875_Part1_1987,1,synthetic,0.5488843262970342,1.0,2.5966269095443413,1.0,0.6204993833032862,0.4490259021175399,0.4490259021175399,0.5721470954832779,3.0,2.0,1.0,0.5457418029085495,0.0311650902252771,2.0,1.0,39.0,2.592885387699979,2.0
req_114,IS_13920_2016,0,synthetic,0.2497576671075363,3.0,2.5437432665251323,3.0,0.0743652081946978,0.1276926229731584,0.1276926229731584,0.077341492896574,3.0,2.0,1.0,0.2602759884767075,0.0320450812595759,2.0,1.0,10.0,2.4714403369792253,2.0
req_154,IS_1536_2001,0,synthetic,0.2667520618157808,1.0,0.6888538403499453,2.0,0.1924664666655774,0.1549597491368823,0.1549597491368823,0.2314290871468873,1.0,0.0,0.0,0.2824877463300794,0.0311277439782462,2.0,0.5,25.0,2.9239596332711644,2.0
req_091,IS_2212_1991,0,synthetic,0.0653392023270617,8.0,1.9349422104826948,3.0,0.079648074620515,0.1402654113015715,0.1402654113015715,0.2912116611520727,3.0,2.0,0.0,0.0,0.0326815943328605,1.0,1.0,35.0,3.173252254933628,1.0
req_005,IS_383_2016,0,manual,0.0167838247412445,8.0,0.1397263785184197,8.0,0.0811107105653812,0.0384615384615384,0.0384615384615384,0.0,1.0,0.0,0.0,0.0,0.03125,8.0,1.0,10.0,2.5972222222222223,8.0
req_327,IS_2911_Part1_Sec2_2010,1,synthetic,0.4709524405692407,1.0,5.598352737375824,1.0,0.4635863249727653,0.2916666666666667,0.2916666666666667,0.0,0.0,0.0,0.0,0.0,0.0327868852459016,1.0,1.0,16.0,1.8333333333333333,1.0
req_010,IS_694_2010,1,manual,0.373153569780808,1.0,4.985685586776204,1.0,0.440086229423352,0.24,0.24,1.0,1.0,1.0,0.0,1.0,0.0327868852459016,1.0,1.0,16.0,1.875,1.0
req_545,IS_2074_1992,1,synthetic,0.2488015319063546,1.0,2.4653095264194773,1.0,0.3922585178081144,0.3790872315827139,0.3790872315827139,0.8099390543931343,1.0,1.0,0.0,0.4174959440392065,0.0318409451363696,2.0,1.0,34.0,3.334082341779733,2.0
req_421,IS_432_1982_H,0,synthetic,0.15551027276987026,1.0,2.8793339978993573,2.0,0.3514539160714705,0.1833967571655895,0.1895411441722815,0.03611057206940867,4.0,0.0,0.0,0.0,0.03206340630508049,2.0,0.5,44.0,2.031488427388687,2.0
req_470,IS_2062_2011,0,synthetic,0.2115495179128333,1.0,1.5164212720089554,2.0,0.2964997266644404,0.1428571428571428,0.1428571428571428,0.0,0.0,0.0,0.0,0.0,0.0322664584959666,1.0,1.0,15.0,3.065573770491804,1.0
req_496,IS_3034_1993_H,1,synthetic,0.1909244981099699,2.0,5.029025336256457,2.0,0.5000001862140635,0.2657143028635948,0.30976154619113677,0.4594520957379944,3.0,3.0,0.0,0.00025113616331624573,0.03262783053700819,2.0,1.0,33.0,,2.0
req_116,IS_1554_Part1_1988,1,synthetic,0.3131477564810343,1.0,6.807897125270448,1.0,0.5001174547623293,0.2294638937914035,0.2294638937914035,0.0,0.0,0.0,0.0,0.6296785721916609,0.0320063383325077,2.0,0.5,38.0,2.04891985189532,2.0
req_563,IS_73_2013,1,synthetic,0.6859288725754643,1.0,6.988493004572309,1.0,0.6767372757753903,0.3510114345935286,0.3510114345935286,0.5328115072362709,4.0,4.0,1.0,0.0,0.0320830903998974,1.0,1.0,13.0,2.744463322855524,1.0
req_180,IS_2911_Part1_Sec2_2010,1,synthetic,0.3709564269343131,1.0,3.4201987630558888,1.0,0.6897042935648386,0.4492464750812718,0.4492464750812718,0.6316367558697067,3.0,2.0,0.0,0.0,0.0311120766888037,2.0,1.0,16.0,3.0727843401744304,2.0
req_401,IS_1200_Part1_1992,0,synthetic,0.063814792046546,2.0,0.0591640946835745,2.0,0.416132430361228,0.1050418879486095,0.1050418879486095,0.0,0.0,2.0,1.0,0.0,0.0311584515425414,2.0,1.0,34.0,1.851421231827055,2.0
req_547,IS_1346_1991_H,0,synthetic,0.2313927550039528,2.0,2.238101438794755,2.0,0.3520217756525862,0.1493929682547281,0.12468872352686931,0.0791025087508501,0.0,0.0,0.0,0.0,0.03278334593829825,2.0,1.0,35.0,2.398173660551099,2.0
req_018,IS_2062_2011_H,0,manual,0.2284332812676584,1.0,1.5327535465143804,4.0,0.3041309413792077,0.14283765170141352,0.11116135044169374,0.0,0.0,0.0,0.0,0.006947011680198985,0.03219741916642933,6.0,1.0,15.0,2.9120725469225204,6.0
req_057,IS_875_Part5_1987_H,0,synthetic,0.2779850166275273,3.0,1.8382198911503291,4.0,0.2875814463328536,0.1062848691893034,0.0987861683719584,0.1071150635158679,4.0,3.0,0.0,0.016457564402956048,0.03242823650952502,4.0,1.0,39.0,2.6655416521668642,4.0
req_070,IS_3043_2018,0,synthetic,0.0834251167653641,5.0,2.424133138157576,5.0,0.4038972658841424,0.1055900517761492,0.1055900517761492,0.0,0.0,0.0,0.0,0.0,0.0320860613966511,2.0,1.0,8.0,2.7965567151257336,2.0
req_118,IS_2309_1989_H,0,synthetic,0.40099216832381573,2.0,5.289056668546943,2.0,0.5189815985746017,0.30085178655201866,0.3115379713300961,0.5199934439373896,2.0,2.0,1.0,0.0,0.03237921098380761,2.0,1.0,37.0,2.818138977580422,2.0
req_037,IS_1077_1992_H,1,synthetic,0.2052502972424092,8.0,1.6180796570234075,5.0,0.2707468648300546,0.084019510425052,0.08359353965515323,0.198990478694568,1.0,3.0,0.0,0.008199783207060109,0.031515203376093356,6.0,1.0,34.0,2.4636697155378653,6.0
req_427,IS_1200_Part1_1992,0,synthetic,0.063814792046546,2.0,0.0591640946835745,2.0,0.416132430361228,0.1050418879486095,0.1050418879486095,0.0,0.0,2.0,1.0,0.0,0.0311584515425414,2.0,1.0,34.0,1.851421231827055,2.0
req_385,IS_3043_2018_H,1,synthetic,0.20666475048195654,2.0,2.292559824583002,2.0,,0.17365457703791784,,0.07112509310992732,0.0,0.0,0.0,0.0,0.03252417472213092,2.0,1.0,8.0,2.099204399116049,2.0
req_139,IS_3067_1988,1,synthetic,0.2220149818325502,6.0,6.210244925992901,1.0,0.729531301169781,0.2033172087575799,0.2033172087575799,0.0,0.0,0.0,0.0,0.744238215008125,0.0321551196688189,3.0,1.0,38.0,1.983535811314728,3.0
req_045,IS_783_1985,0,synthetic,0.132290307030661,5.0,0.3850209355908627,6.0,0.4184238646510976,0.0320839954645966,0.0320839954645966,0.0,0.0,0.0,0.0,0.0,0.0317452937187518,5.0,1.0,41.0,1.5557713158985318,5.0
req_604,IS_2932_1974,0,synthetic,0.3154638573479781,1.0,0.5518921531149622,2.0,0.0489844415469025,0.1108340398253295,0.1108340398253295,0.0,0.0,1.0,0.0,0.0,0.0317503848653516,2.0,1.0,52.0,2.7547545503907243,2.0
req_496,IS_3034_1993,1,synthetic,0.2299904889854233,1.0,6.774448044003914,1.0,0.5589258598633504,0.3279049079509494,0.3279049079509494,0.9304840547288752,3.0,3.0,0.0,0.0,0.0328316873419442,1.0,1.0,33.0,1.3708982879350835,1.0
req_088,IS_875_Part5_1987_H,0,synthetic,0.13032645773030996,3.0,1.5993388067200693,6.0,0.1564643856707019,0.08976536015532667,0.06639944849447407,0.07686231224150353,4.0,1.0,0.0,0.0,0.03267180180521901,4.0,1.0,39.0,,4.0
req_268,IS_1904_1986,0,synthetic,0.208079922792625,1.0,0.5507272035662462,2.0,0.2981009384033734,0.0583715237356063,0.0583715237356063,0.2506995233236107,4.0,2.0,0.0,0.2900620348450541,0.0324827500697256,1.0,1.0,40.0,2.2728087422953447,1.0
req_328,IS_2309_1989,0,synthetic,0.139558111209772,2.0,1.1882996667578931,2.0,0.3261269116659002,0.1571659255346412,0.1571659255346412,0.0594325583156818,2.0,3.0,0.0,0.0,0.0321223352196216,1.0,1.0,37.0,3.59313510230794,1.0
req_204,IS_9595_1996_H,1,synthetic,0.08116382491227761,1.0,2.403563306083875,1.0,0.09689642349997583,0.07395718954599294,0.09631060968695868,0.07302562915140805,0.0,2.0,0.0,,0.03208200494372394,2.0,1.0,30.0,2.5413217271393873,2.0
req_212,IS_814_2004,0,synthetic,0.3075976765788512,1.0,0.4306226060820434,2.0,0.1684180601010605,0.1614188201716141,0.1614188201716141,0.0830039505066947,4.0,2.0,0.0,0.0,0.0316631259005946,2.0,1.0,22.0,2.3778918306357686,2.0
req_551,IS_1200_Part1_1992_H,0,synthetic,0.2798010285138799,2.0,4.300379577134461,2.0,0.48567833563937945,0.11132321497539774,0.12683194823608107,0.7324158980209905,2.0,2.0,1.0,0.6054622062281111,0.032005460490244816,2.0,1.0,34.0,2.1424579918759665,2.0
req_005,IS_456_2000,0,manual,0.1921514734579656,4.0,1.3780894678863145,4.0,0.3244428422615251,0.1481481481481481,0.1481481481481481,0.0,1.0,0.0,0.0,0.0,0.032258064516129,3.0,1.0,26.0,1.626086956521739,3.0
req_037,IS_1077_1992,0,synthetic,0.2172981159449386,6.0,1.4963917439180054,7.0,0.2094315040277218,0.0537648574510148,0.0537648574510148,0.2269329462166721,1.0,3.0,0.0,0.0,0.0314071164767005,8.0,1.0,34.0,2.5406661518505294,8.0
req_099,IS_2932_1974_H,1,synthetic,0.35739531133775587,2.0,2.191466592098661,4.0,0.4695092590945489,0.26063652852549357,0.25641519336486107,0.6775070047267995,1.0,2.0,1.0,0.5567394553929841,0.03141753788703716,2.0,1.0,52.0,1.7551822936737786,2.0
req_079,IS_2309_1989_H,1,synthetic,0.1998633677534379,4.0,2.7903339690284454,2.0,0.29819187375572415,0.3218547921091275,0.3520361235592951,0.34297380908129566,1.0,2.0,1.0,0.5260777945079517,0.03175480292753814,5.0,1.0,37.0,3.0301396803159473,5.0
req_611,IS_8112_2013_H,0,synthetic,0.14915523897610805,1.0,1.5454942746644442,2.0,0.27569315326815896,0.17378875970730173,0.1688710378672066,0.03722582355643064,4.0,0.0,0.0,0.040683361022793525,0.032648989732642734,2.0,1.0,13.0,,2.0
req_570,IS_1536_2001,0,synthetic,0.1282100684342181,2.0,0.2108332217842814,1.0,0.4266136932104055,0.1000524556993331,0.1000524556993331,0.0397521013482598,1.0,0.0,0.0,0.157095286957508,0.0318160883501662,2.0,0.5,25.0,1.3117154744312485,2.0
req_623,IS_1642_1989,0,synthetic,0.0655871167311993,2.0,0.4856107663683485,2.0,0.0939338109325324,0.0247156798633973,0.0247156798633973,0.0800587839013438,3.0,3.0,0.0,0.0,0.0314643650685386,2.0,1.0,37.0,2.8653380301691485,2.0
req_607,IS_1200_Part1_1992_H,0,synthetic,0.1347705836380951,1.0,1.2180395124315322,1.0,0.14926124495011947,0.10971352662433702,0.1119001418432796,0.14547211223178452,1.0,2.0,0.0,0.16312214899126945,0.03243338678781015,2.0,1.0,34.0,3.0452662520131093,2.0
req_055,IS_3043_2018,0,synthetic,0.0660314490178124,6.0,1.2322793208371623,6.0,0.1920954480955413,0.0999090720516086,0.0999090720516086,0.0,0.0,3.0,0.0,0.1284324820288413,0.0315573795325996,7.0,1.0,8.0,3.5072221228227334,7.0
req_041,IS_12269_2013_H,1,synthetic,0.21939847465103815,5.0,2.7045558899798716,4.0,0.3945419463503833,0.12464650781938623,0.15764782960191023,0.14587183883672566,1.0,0.0,0.0,0.010385354935429922,0.03221289852617456,4.0,1.0,13.0,2.7447637725316154,4.0
req_635,IS_383_2016,0,synthetic,0.2287488492035514,1.0,1.694353173046008,2.0,0.0848139161188937,0.1513511335572823,0.1513511335572823,0.2961567791275748,4.0,3.0,0.0,0.0,0.0328677833495763,1.0,1.0,10.0,3.567754339508662,1.0
req_598,IS_1489_Part1_2015_H,0,synthetic,0.1960913542034983,2.0,2.2438491684398816,2.0,0.1512204412444494,,0.15026843991101302,0.169418871981519,4.0,1.0,0.0,0.0,,,1.0,11.0,3.0853187653016265,
req_299,IS_1077_1992_H,0,synthetic,0.09908375417747146,1.0,1.3938966186172115,1.0,0.2790950900980279,0.11794219671210049,0.09268131139928362,0.18651881753647018,1.0,2.0,0.0,0.00817322664646517,0.03270117088858369,2.0,1.0,34.0,2.0712738882388773,2.0
req_249,IS_456_2000,1,synthetic,0.4620588218340096,1.0,4.05505919618506,1.0,0.627729085069223,0.1295020891488429,0.1295020891488429,0.8625635702433759,3.0,3.0,0.0,0.9301706771452282,0.0310382494662466,2.0,1.0,26.0,1.777155203810682,2.0
req_052,IS_1554_Part1_1988,0,synthetic,0.2704889297847143,3.0,1.5140920995149307,6.0,0.338166261983222,0.1149988710596103,0.1149988710596103,0.0,0.0,1.0,0.0,0.0426469208055161,0.0322779034643456,3.0,0.5,38.0,2.7136048356012776,3.0
req_086,IS_800_2007,1,synthetic,0.4217156619179943,1.0,2.469716054784424,2.0,0.7477928837090841,0.3868617855704446,0.3868617855704446,0.4734829754997369,2.0,1.0,0.0,0.3759919065467923,0.0326433708030645,1.0,1.0,19.0,2.178246917321511,1.0
req_141,IS_2074_1992,0,synthetic,0.2652658676675105,3.0,2.220759654081588,3.0,0.1736065886022258,0.1369012543020123,0.1369012543020123,0.1382924558240543,1.0,3.0,0.0,0.0,0.0314873821220986,6.0,1.0,34.0,1.6236976805228407,6.0
req_363,IS_73_2013_H,0,synthetic,0.2629792354903302,2.0,0.5902064711664554,1.0,0.271941411397925,0.07636033569130948,0.10500136384649537,0.060694356571160415,4.0,3.0,0.0,0.012491665320341494,0.031720669382538015,1.0,1.0,13.0,1.9588252419504575,1.0
req_352,IS_1786_2008_H,1,synthetic,0.33432891118365954,2.0,5.23206914478529,2.0,0.6204061033729108,0.1729828795755878,0.15275644518275286,0.5987405994011552,4.0,5.0,0.0,0.0,0.031181266309763207,1.0,1.0,18.0,3.066627142788299,1.0
req_530,IS_875_Part5_1987_H,0,synthetic,0.2665225472431689,2.0,3.333341324501249,2.0,0.6502192519522421,0.20533804283922055,0.19928581490132607,,1.0,1.0,0.0,0.0,0.03232898960357614,1.0,1.0,39.0,2.0405695578921974,1.0
req_634,IS_269_2015_H,1,synthetic,0.34426655790315347,2.0,3.289271740503979,2.0,0.3995513768001694,0.20296902669843753,0.1824494520762986,0.004677730661461599,0.0,0.0,1.0,0.3590925727969013,0.032293876675885985,2.0,1.0,11.0,2.096496075559089,2.0
req_160,IS_456_2000,0,synthetic,0.2979554220678,1.0,2.1876186668632465,1.0,0.1569521838682373,0.1453864706480292,0.1453864706480292,0.1985613935852235,4.0,3.0,0.0,0.0,0.0314354017968283,2.0,1.0,26.0,1.3874357362171537,2.0
req_627,IS_1200_Part1_1992_H,0,synthetic,,,2.986211535989764,2.0,0.3219803703379714,0.2438762767183578,0.25908900658804424,0.633479080257485,4.0,4.0,0.0,0.040802787451248275,0.032274320656908266,2.0,1.0,34.0,3.2692995121976587,2.0
req_020,IS_875_Part1_1987_H,0,synthetic,0.28515751150302393,4.0,1.5704765153921096,7.0,0.32824736344902083,0.10360162905041109,0.08878183842011596,0.20295417626561144,2.0,2.0,0.0,0.013813054854937144,0.031491528096844044,7.0,1.0,39.0,2.72762129496545,7.0
req_135,IS_1786_2008,0,synthetic,0.1872645944806666,8.0,2.301969638405496,3.0,0.0600567079766421,0.0466861102723442,0.0466861102723442,0.0110163155467236,4.0,1.0,0.0,0.0,0.0326760288715852,1.0,1.0,18.0,1.9513376346089768,1.0
req_046,IS_9595_1996,0,synthetic,0.1870219265511344,4.0,1.6856355093262358,6.0,0.3097108034795442,0.1448248138140186,0.1448248138140186,0.0,0.0,0.0,0.0,0.2668433312933492,0.0317020468414739,4.0,1.0,30.0,1.6763030617995365,4.0
req_069,IS_8112_2013_H,0,synthetic,0.14794815811038178,4.0,1.4481201546465814,3.0,0.22753436075947936,0.10637910839473708,0.10982596553569463,0.2154652243021084,3.0,0.0,0.0,0.1601417421231049,0.03221871256611327,2.0,1.0,13.0,3.004894397618533,2.0
req_056,IS_13920_2016_H,1,synthetic,0.2350849806257118,4.0,2.387480508504934,1.0,0.15074906843659816,0.18271740863524638,0.11543183016287425,0.08688104457670588,4.0,0.0,0.0,0.0,0.032467361854552075,2.0,1.0,10.0,2.960349585066086,2.0
req_005,IS_10262_2019,1,manual,0.2961949052583588,1.0,2.578860500687274,1.0,0.3973597071195131,0.24,0.24,0.0,1.0,0.0,0.0,0.0,0.0327868852459016,1.0,1.0,7.0,1.5203252032520325,1.0
req_178,IS_875_Part2_1987_H,1,synthetic,0.11056024532457119,1.0,2.68197988051699,2.0,0.19399197710256186,0.1484953599658983,0.1506598481576216,,2.0,1.0,0.0,0.0,0.03159210822683354,1.0,1.0,39.0,2.039344142986742,1.0
req_021,IS_732_2019_H,0,synthetic,0.11188845987357536,7.0,,,0.24867835630027865,0.17332640843271116,0.1638470692512754,0.2530022987650024,4.0,1.0,0.0,0.0,0.031545072289534355,6.0,1.0,7.0,2.5878237141878744,6.0
req_614,IS_875_Part3_2015_H,1,synthetic,0.1796871247207136,2.0,1.2249350995903325,1.0,0.22742613187094318,0.18147947175463058,0.17694797278029914,0.10849145811292218,4.0,,0.0,0.014722913403198609,0.0319604308536434,1.0,1.0,11.0,1.74600426085806,1.0
req_189,IS_1489_Part1_2015,0,synthetic,0.2877979478634099,1.0,2.4022556114541858,1.0,0.4030407342590451,0.1601156732181185,0.1601156732181185,0.0,0.0,0.0,0.0,0.0,0.0319290997691485,1.0,1.0,11.0,2.559903615978479,1.0
req_182,IS_2062_2011_H,0,synthetic,0.1944814426976808,2.0,0.8587608707126531,1.0,0.1375434232779291,0.08478199742019057,0.07218445443399107,0.024292461070720875,1.0,3.0,0.0,0.0,0.031857663120367766,1.0,1.0,15.0,2.3195799189539965,1.0
req_301,IS_1201_1220_1978,0,synthetic,0.1455896224803351,2.0,1.4762160741399493,2.0,0.3954265456192805,0.1054683898619456,0.1054683898619456,0.0,0.0,2.0,0.0,0.1381815278230012,0.0310694569871142,2.0,1.0,48.0,2.5923668478881523,2.0
req_268,IS_1904_1986_H,0,synthetic,0.20650782545535518,2.0,1.021209150860637,1.0,0.33236794285053034,0.08413336409699244,0.09106160539939111,0.22526040469015338,4.0,2.0,0.0,0.20598245874274101,,,1.0,40.0,2.3431308376594697,
req_005,IS_383_2016_H,0,manual,0.05292695438617816,7.0,0.6864189745254496,5.0,0.15225091997703527,0.05659102252393546,0.0716914038455639,0.02140783899326469,1.0,0.0,0.0,0.0,0.031474356986270574,7.0,1.0,10.0,2.4963139831696317,7.0
req_305,IS_3495_Part1_1992_H,1,synthetic,0.10748835717908152,1.0,0.9122229748075733,1.0,0.33083451649669854,0.07875342018049696,0.12032250588765939,0.020321071353886506,2.0,0.0,0.0,,0.03266048938581577,2.0,1.0,34.0,2.311031420725543,2.0
req_147,IS_1200_Part1_1992_H,1,synthetic,0.3270241320353435,2.0,4.614305010842661,2.0,0.47316844633694705,0.10827198626921897,0.11098441170829072,0.7171346130429912,2.0,2.0,1.0,0.5971274348206328,0.032034866681431004,2.0,1.0,34.0,2.1918182755276123,2.0
req_602,IS_2212_1991,0,synthetic,0.084670689601324,2.0,1.4101869715331483,2.0,0.1815208707471533,0.0399601589961675,0.0399601589961675,0.1459898260092752,4.0,3.0,0.0,0.0,0.0317905267921752,2.0,1.0,35.0,2.6584136488194585,2.0
req_524,IS_2911_Part1_Sec2_2010_H,0,synthetic,0.2047875496520912,2.0,1.6365771630627706,1.0,0.1612982285669632,0.09136524974463776,0.10628849458604274,0.07590711495260412,1.0,1.0,0.0,0.0,,,1.0,16.0,2.00329562713077,
req_080,IS_2911_Part1_Sec2_2010,1,synthetic,0.5739218204906247,1.0,3.336818666458747,1.0,0.2800130220583891,0.4122276473320861,0.4122276473320861,0.6622370661199765,1.0,2.0,1.0,0.7285617474127362,0.0327774490561738,1.0,1.0,16.0,1.2783574791191066,1.0
req_440,IS_875_Part1_1987,0,synthetic,0.2939408372556635,1.0,1.566463146713731,1.0,0.3343448509947801,0.0582727779297453,0.0582727779297453,0.2654049461660107,2.0,2.0,0.0,0.0,0.031279260639051,2.0,1.0,39.0,3.000724107915276,2.0
req_269,IS_875_Part2_1987_H,0,synthetic,0.21842361100396704,2.0,2.149573410698861,1.0,0.2508792298990701,0.06345034038363787,0.07029115229246656,0.0625872811825798,0.0,0.0,0.0,0.008668167569028336,0.032019230205637315,2.0,1.0,39.0,2.326344810389177,2.0
req_065,IS_1536_2001,0,synthetic,0.0373210342797574,8.0,1.2677781713559324,8.0,0.3708352945473009,0.1501904143685004,0.1501904143685004,0.2449359677799391,2.0,1.0,0.0,0.0,0.0310905796054556,7.0,0.5,25.0,2.059642836421016,7.0
req_007,IS_800_2007,0,manual,0.2448706713730799,6.0,1.2019600853246677,4.0,0.3903600291794132,0.1851851851851851,0.1851851851851851,0.0,0.0,0.0,0.0,0.0,0.0320020481310803,3.5,1.0,19.0,2.2872340425531914,3.5
req_413,IS_2062_2011_H,1,synthetic,0.2306627865750976,2.0,,,0.39488827549761607,0.17712660019239426,0.17474722807819332,0.056406768627667817,0.0,0.0,0.0,0.0,0.03245324032559574,2.0,1.0,15.0,2.7492826216422324,2.0
req_124,IS_1554_Part1_1988,0,synthetic,0.2895989132810128,4.0,1.3331110795131622,8.0,0.2193750017076743,0.0730486273593614,0.0730486273593614,0.0569327508658954,4.0,2.0,0.0,0.1216826376563929,0.0315506489257166,8.0,0.5,38.0,3.203671544469132,8.0
req_591,IS_2911_Part1_Sec2_2010_H,0,synthetic,0.13150357281453035,2.0,2.369079662299555,1.0,0.3136103064811388,0.1372829940439512,0.1393940988294536,0.1675382980897608,2.0,2.0,0.0,0.04242881572155797,0.031723171445878634,1.0,1.0,16.0,2.488878581288574,1.0
req_111,IS_2309_1989_H,0,synthetic,0.2691304504774534,2.0,3.3063529949187838,2.0,0.3905508701307194,0.13578968652548074,0.15193569901518125,0.6189134377935028,4.0,4.0,1.0,0.3376986835470469,0.03185143099566715,6.0,1.0,37.0,1.6709574129851579,6.0
req_066,IS_269_2015,0,synthetic,0.0665364119611301,7.0,0.4871692860247158,7.0,0.3988353515957282,0.1577881872677209,0.1577881872677209,0.0,0.0,2.0,0.0,0.0,0.0327780826839155,1.0,1.0,11.0,1.815565791236548,1.0
req_010,IS_732_2019,0,manual,0.1111884507748483,7.0,0.3215444171208739,8.0,0.1318760946791574,0.0714285714285714,0.0714285714285714,0.0,1.0,0.0,0.0,0.0,0.0314980158730158,7.5,1.0,7.0,1.989795918367347,7.5
req_392,IS_456_2000,0,synthetic,0.0795939985118846,2.0,0.5192857505171217,2.0,0.14782750540163,0.1141662993666645,0.1141662993666645,0.0,0.0,1.0,0.0,0.0,0.0310788114152571,2.0,1.0,26.0,2.416433576415017,2.0
req_013,IS_73_2013_H,1,manual,0.17053546829396304,3.0,1.5572725935946585,3.0,0.2832509747277801,0.11439729265221704,0.08809310829059391,0.058172391544968095,1.0,2.0,0.0,0.0,0.03219246463468516,4.0,1.0,13.0,1.6507861790869833,4.0
req_113,IS_2212_1991_H,1,synthetic,0.36068238257423363,2.0,3.6022505922009986,2.0,0.5807972427347589,0.28723073459808224,0.2974644063392492,0.6921608210865143,3.0,3.0,0.0,0.5805157797414742,0.03242920234752223,6.0,1.0,35.0,2.9848806911997707,6.0
req_134,IS_3067_1988,1,synthetic,0.6135050508296749,1.0,2.0205627632473084,3.0,0.7977100043382265,0.2719199814573793,0.2719199814573793,0.7567355223973753,3.0,2.0,1.0,0.7229864148195403,0.0315823587244682,8.0,1.0,38.0,2.1853937449182146,8.0
req_335,IS_2074_1992_H,1,synthetic,0.15954381378758342,1.0,2.094174538320055,1.0,0.26341538363823946,0.10145372031844993,0.11256189263759092,0.0,0.0,0.0,0.0,0.005727472814370774,0.03222859582198224,2.0,1.0,34.0,1.8091595579864015,2.0
req_610,IS_456_2000_H,1,synthetic,0.1507524802538329,2.0,0.7168495750545968,1.0,0.2682369955500239,0.11203029195593538,0.10007733654295381,0.06936677041173911,1.0,0.0,0.0,0.027056466176282677,0.03174311825444892,1.0,1.0,26.0,1.8125409146881333,1.0
req_330,IS_1077_1992,0,synthetic,0.0237956450497559,2.0,1.1471674113992083,2.0,0.2409826990460674,0.0980342122386527,0.0980342122386527,0.212192593111823,1.0,2.0,0.0,0.0,0.0329309474624761,1.0,1.0,34.0,1.884693631510392,1.0
req_486,IS_2932_1974_H,0,synthetic,0.12476487161337993,2.0,2.3033359134912788,2.0,0.2833464729457269,0.12548762784952108,0.1436905694815077,0.036698826356000365,0.0,0.0,0.0,0.15788455304705562,0.0325997497154286,2.0,1.0,52.0,2.053352528508488,2.0
req_282,IS_458_2003,1,synthetic,0.183377650829963,2.0,1.4416042376968847,1.0,0.2981423969999719,0.1304347826086956,0.1304347826086956,0.0,0.0,0.0,0.0,0.0,0.032258064516129,2.0,1.0,23.0,2.0434782608695654,2.0
req_355,IS_783_1985_H,0,synthetic,0.15174804449012003,1.0,0.902468724867853,1.0,0.3860478822416826,0.05241178817884737,0.07181240386416042,0.07929457574555882,0.0,0.0,0.0,0.0,0.031837640931636706,1.0,1.0,41.0,1.8997714774953236,1.0
req_063,IS_456_2000_H,1,synthetic,0.2191793230454748,6.0,5.395300621183633,2.0,0.3520183715906147,0.3568889745173707,0.3553393299789197,0.6401616489609643,4.0,5.0,0.0,0.4546757210508022,0.032367327209946846,4.0,1.0,26.0,2.0818860460587065,4.0
req_046,IS_3495_Part1_1992_H,1,synthetic,0.2494498633632334,2.0,4.240442965998713,2.0,0.3034053008656339,0.2879095579174143,0.30356899112761965,0.0,0.0,0.0,1.0,0.01281671336520335,0.03180528649750873,3.0,1.0,34.0,2.1836747857944494,3.0
req_118,IS_2911_Part1_Sec2_2010_H,1,synthetic,0.12913154623005874,6.0,2.165537913322016,4.0,0.2515392890231706,0.08278783129637017,0.044949047781803385,0.17623360777694605,2.0,0.0,0.0,0.00133992395127088,0.03194647469186373,3.0,1.0,16.0,2.3554591051091682,3.0
req_170,IS_2212_1991_H,0,synthetic,0.1657918496550872,1.0,,,0.23990811241832166,,0.13608625198976662,0.08469500817556683,3.0,0.0,0.0,0.0,0.03221504826632317,2.0,1.0,35.0,2.251452562714148,2.0
req_298,IS_1489_Part1_2015_H,0,synthetic,0.17099163588894492,1.0,1.1108941136966541,1.0,0.2682983278140777,0.17713118618963788,0.18306731595399747,0.06870322514545935,0.0,0.0,0.0,0.0,0.03186617145169708,1.0,1.0,11.0,1.6326784763622408,1.0
req_085,IS_2911_Part1_Sec1_2010_H,0,synthetic,0.10961809488625884,5.0,2.0656740727265985,4.0,0.15390357870094715,0.06606673352188623,0.05416024455841389,0.07715633729676868,0.0,0.0,0.0,0.06943298767556669,0.03254950481008748,2.0,1.0,16.0,1.7305164831929156,2.0
req_465,IS_269_2015_H,0,synthetic,0.26419790495332035,1.0,2.4456654723027165,2.0,0.31211976926561935,0.14665655687217322,0.15459088722395012,0.007596611265642001,2.0,1.0,0.0,0.6911952390690759,0.03216436485484743,2.0,1.0,11.0,2.078041723004954,2.0
req_443,IS_1201_1220_1978,0,synthetic,0.1647123968239496,2.0,0.1382708137559544,2.0,0.1253776397832143,0.1449307749150293,0.1449307749150293,0.1701633582725974,2.0,2.0,0.0,0.2429466048825831,0.0323392103922053,1.0,1.0,48.0,2.987512555625503,1.0
req_246,IS_2932_1974_H,1,synthetic,0.35133820117032694,2.0,,,0.47993462429379863,0.25716015965108413,0.2668069298052056,0.6399326550529197,1.0,2.0,1.0,0.4878352905889828,0.03140297600511437,1.0,1.0,52.0,1.8312833789058671,1.0
req_047,IS_2212_1991,0,synthetic,0.084670689601324,6.0,1.4101869715331483,6.0,0.1815208707471533,0.0399601589961675,0.0399601589961675,0.1459898260092752,4.0,3.0,0.0,0.0,0.0317905267921752,5.0,1.0,35.0,2.6584136488194585,5.0
req_599,IS_8329_2000,0,synthetic,0.1315047289294583,2.0,1.6188764813396754,1.0,0.2301418575569815,0.0412006648234768,0.0412006648234768,0.0,0.0,3.0,0.0,0.0,0.0319444393648121,2.0,1.0,26.0,1.707177941695763,2.0
req_054,IS_1893_Part1_2016_H,0,synthetic,0.22474836255452188,4.0,2.1174090510256507,8.0,0.22832595537002306,0.16920094106483333,0.19107610256375687,0.09726355001389349,2.0,2.0,0.0,0.003344018437952561,0.03148101653035007,3.0,1.0,10.0,2.3220815765070038,3.0
req_464,IS_1642_1989,0,synthetic,0.0823081952814845,2.0,2.6094043822578503,1.0,0.1755474826406476,0.0204928398303306,0.0204928398303306,0.2720640132809376,4.0,0.0,0.0,0.0,0.0312982889853335,2.0,1.0,37.0,1.4616942829034223,2.0
req_324,IS_2911_Part1_Sec2_2010_H,0,synthetic,0.24961312705442107,2.0,2.2377959063157244,2.0,0.5761599961765554,0.2398245592336387,0.22223990292914425,0.3245782333784248,4.0,5.0,0.0,0.29366900214688707,0.03206344418074257,2.0,1.0,16.0,2.684012210959677,2.0
req_520,IS_2074_1992,0,synthetic,0.1714334494473205,1.0,2.317122133706033,1.0,0.2646274997504396,0.1814974585819872,0.1814974585819872,0.1350209271740724,4.0,2.0,0.0,0.0,0.0315546227062614,2.0,1.0,34.0,3.077535863034834,2.0
req_556,IS_1642_1989,1,synthetic,0.4836463222364005,1.0,2.082819190824152,1.0,0.6630729977995413,0.4463282763801204,0.4463282763801204,0.804570982622471,4.0,5.0,0.0,0.7537639368364368,0.0313948351848958,2.0,1.0,37.0,2.6143997855104315,2.0
req_044,IS_3067_1988,0,synthetic,0.0645001476981093,8.0,0.3096460266694097,7.0,0.2959701726552952,0.1253656439386618,0.1253656439386618,0.1142713196455562,4.0,1.0,0.0,0.0,0.0320111021489713,8.0,1.0,38.0,2.2609684156855145,8.0
req_513,IS_2074_1992_H,0,synthetic,0.07800748185437872,1.0,1.052759640302583,1.0,0.2692297808971256,0.08675482424773233,0.059301491321662236,0.012460586786231412,2.0,0.0,0.0,0.024159822900925543,0.03170336650429426,1.0,1.0,34.0,3.2095490967247016,1.0
req_419,IS_13920_2016_H,0,synthetic,0.2385567718638028,2.0,3.535708296927613,2.0,0.3387005430717062,0.13664876606346654,0.164291524263802,0.06560885520914142,0.0,0.0,0.0,0.009171994002150645,0.03229574354993329,2.0,1.0,10.0,1.661069939941364,2.0
req_152,IS_269_2015,0,synthetic,0.1308305556342422,2.0,0.0720040563901435,2.0,0.1247773706341754,0.1833906966631329,0.1833906966631329,0.1409022687030627,1.0,2.0,0.0,0.0,0.0329611795641262,1.0,1.0,11.0,2.011567108650348,1.0
req_040,IS_10262_2019_H,1,synthetic,0.12213509399682428,5.0,0.9927983326210515,5.0,0.14190784468535675,0.08798873820159592,0.10614671016756004,0.009478690606412585,0.0,1.0,0.0,0.014141624715898438,0.031577152892531074,5.0,1.0,7.0,2.224223203562711,5.0
req_071,IS_1536_2001_H,0,synthetic,0.11740622940029452,7.0,0.6847653063848259,7.0,0.41180846109254166,0.11567730312318412,0.12284968845467971,0.03426173495616627,1.0,0.0,0.0,0.10074840003314729,0.031812647362250805,4.0,0.5,25.0,1.7236334039241203,4.0
req_326,IS_783_1985_H,1,synthetic,0.37891812652811524,2.0,3.071352821732499,2.0,0.41156117333776826,0.17539071129289766,0.18873673647090916,0.39516691968597334,2.0,2.0,0.0,0.0,0.03156926867352655,1.0,1.0,41.0,2.978805122021253,1.0
req_030,IS_8112_2013,0,synthetic,0.142279810899976,4.0,1.4964417504361585,4.0,0.2104674359822939,0.0572301901125938,0.0572301901125938,0.2714515435020531,2.0,2.0,0.0,0.0,0.0327134640646078,1.0,1.0,13.0,3.0491472538774635,1.0
req_126,IS_875_Part1_1987_H,1,synthetic,0.24170025352591937,4.0,2.98046868190205,2.0,0.3989762498689462,0.14529144425511745,0.13250992416704313,0.6706441779628338,4.0,5.0,0.0,,0.03265541049444821,3.0,1.0,39.0,2.9475488098668325,3.0
req_126,IS_2911_Part1_Sec2_2010_H,1,synthetic,0.22513742219759347,6.0,2.027626560235422,4.0,0.1031495520801255,0.09632881318631688,0.08983434123102912,0.10011252476279425,3.0,0.0,0.0,0.114503893742365,0.03226762752581446,6.0,1.0,16.0,2.4659323804983564,6.0
req_229,IS_8329_2000,1,synthetic,0.3654474212607184,1.0,3.246417077346323,1.0,0.5288111327028915,0.2836833608003512,0.2836833608003512,0.8994068181458861,3.0,4.0,0.0,0.5831416573445942,0.031176039723405,2.0,1.0,26.0,2.421371943508164,2.0
req_411,IS_814_2004_H,1,synthetic,0.21168977623258628,1.0,1.3355746624853768,1.0,0.3437925409089799,0.11584196120498322,0.09734167435258763,0.04647298550043294,0.0,0.0,0.0,0.0,0.0323201958630625,2.0,1.0,22.0,1.7666468285948322,2.0
req_042,IS_1893_Part1_2016_H,0,synthetic,0.2427076589582971,3.0,1.928251029018496,5.0,0.29167845344727045,0.16407667624876696,,0.15976362838894725,1.0,0.0,0.0,0.0,0.032617657160293786,2.0,1.0,10.0,2.1713309153260494,2.0
req_015,IS_456_2000,0,manual,0.2576291260888997,1.0,2.269280704723416,1.0,0.3651483716701106,0.1333333333333333,0.1333333333333333,0.0,0.0,0.0,0.0,0.0,0.0327868852459016,1.0,1.0,26.0,2.9038461538461537,1.0
req_044,IS_458_2003,0,synthetic,0.1764353644139252,6.0,1.2554211879783936,4.0,0.4352507350800317,0.030948573349011,0.030948573349011,0.1278820857839975,2.0,2.0,0.0,0.2493404602139837,0.032798533530247,1.0,1.0,23.0,2.0069627764038662,1.0
req_115,IS_1893_Part1_2016,0,synthetic,0.2613108082661522,3.0,2.296278076724604,5.0,0.2333841506362209,0.1280441795167918,0.1280441795167918,0.0,0.0,0.0,0.0,0.1297922941149317,0.0324489894268561,1.0,1.0,10.0,3.437109729002811,1.0
req_585,IS_1786_2008_H,1,synthetic,0.2663086054579446,2.0,0.9321473624183341,1.0,0.1871520125863098,0.1267213165330502,0.13281794569289873,0.2311944583357769,1.0,0.0,0.0,0.0,0.03189598034366798,2.0,1.0,18.0,2.0876627962193033,2.0
req_060,IS_1077_1992,0,synthetic,0.1669539956198777,6.0,1.5543341428369513,6.0,0.2347059659991936,0.0229946519904166,0.0229946519904166,0.2939694093537485,1.0,0.0,0.0,0.0,0.0324506484251037,3.0,1.0,34.0,2.8669025803265136,3.0
req_537,IS_875_Part1_1987_H,1,synthetic,0.42918258180118113,2.0,,,0.3564784818026607,0.13796996763814448,0.1440568179732359,0.0,0.0,1.0,0.0,0.5236799490523628,0.032464185834222184,2.0,1.0,39.0,3.0641826849391283,2.0
req_036,IS_1893_Part1_2016_H,1,synthetic,0.2092104850316202,4.0,2.4126330932608764,4.0,0.37418338790800987,0.0714034240532062,0.0841279082026766,0.005714509705998395,0.0,1.0,0.0,0.0,0.03257041536725407,2.0,1.0,10.0,2.2157291304090387,2.0
req_533,IS_3067_1988_H,1,synthetic,0.33979657086233456,2.0,4.472886387671131,2.0,0.5040781725361698,0.09799924030972727,0.11194192329034078,0.36162968350322566,,1.0,0.0,0.6079323956932878,0.03247279143870516,2.0,1.0,38.0,2.688081645712413,2.0
req_003,IS_12269_2013,1,manual,0.3298407857357432,1.0,2.873896472784743,1.0,0.5797509043642028,0.3846153846153846,0.3846153846153846,1.0,2.0,2.0,0.0,1.0,0.0327868852459016,1.0,1.0,13.0,1.5433070866141732,1.0
req_004,IS_456_2000_H,0,manual,0.14786457433721073,6.0,0.7506379323405228,6.0,0.2886223647839053,0.11332893415328725,0.11783190434944929,0.07108299748409583,1.0,0.0,0.0,0.0,0.03166412778169165,5.0,1.0,26.0,1.809860029616479,5.0
req_549,IS_269_2015_H,1,synthetic,0.4791187379229143,2.0,3.33333926934279,2.0,0.32181182732068525,0.1817631769868541,0.19394666921373224,0.5677543051810058,1.0,0.0,0.0,0.21976304751830525,0.03271392345025196,2.0,1.0,11.0,2.8913462482239187,2.0
req_018,IS_2932_1974_H,1,manual,0.1856528415726117,3.0,1.3191171832129465,6.0,0.30541207181873314,0.127978770099602,0.11995117061975315,0.0069700566745396625,0.0,0.0,0.0,0.004888763479535866,0.032235741033585785,4.0,1.0,52.0,1.7210259740208258,4.0
req_128,IS_875_Part1_1987,1,synthetic,0.5488843262970342,1.0,2.5966269095443413,1.0,0.6204993833032862,0.4490259021175399,0.4490259021175399,0.5721470954832779,3.0,2.0,1.0,0.5457418029085495,0.0311650902252771,5.0,1.0,39.0,2.592885387699979,5.0
req_072,IS_3043_2018,0,synthetic,0.3046470387183695,2.0,0.8968190636381367,6.0,0.2942787970286226,0.1647337631523288,0.1647337631523288,0.1004208671240871,1.0,2.0,0.0,0.0,0.0329484507530092,1.0,1.0,8.0,1.5698925082089223,1.0
req_093,IS_2074_1992_H,0,synthetic,0.1296219223753843,5.0,1.3207467447184573,5.0,0.3228403333893698,0.1531524947701602,0.13084350425208915,0.13532238137533698,1.0,1.0,0.0,0.0,0.031956082375749525,6.0,1.0,34.0,3.0254364347996145,6.0
req_539,IS_1077_1992,0,synthetic,0.2311208758542866,2.0,1.435912776780619,2.0,0.3801553338179966,0.1702770079191308,0.1702770079191308,0.1633050186265114,1.0,3.0,0.0,0.2287863595968594,0.0323066730931137,1.0,1.0,34.0,3.213352309040115,1.0
req_376,IS_2309_1989_H,0,synthetic,,,0.6985592814035417,1.0,0.3207811140482303,0.1786031921535957,0.16791631892641187,0.15522269248996326,3.0,,0.0,0.0,0.031711579378759264,1.0,1.0,37.0,2.90292007354916,1.0
req_523,IS_783_1985,1,synthetic,0.6638363804222238,1.0,4.078203694376367,1.0,0.6340375160171947,0.1249276508441693,0.1249276508441693,0.8403805538051425,4.0,4.0,0.0,0.2602558483495455,0.0314494013189115,2.0,1.0,41.0,3.2273033518000336,2.0
req_238,IS_458_2003_H,0,synthetic,0.17893938401773843,2.0,1.7937249868796765,1.0,0.278147342779464,0.13535969436668585,0.1050935768762663,0.047340548395265795,0.0,0.0,0.0,0.0,0.03215872713598908,2.0,1.0,23.0,2.2347290105247333,2.0
req_531,IS_2062_2011_H,1,synthetic,0.22263016590910195,2.0,1.5544324265543634,1.0,0.33425799307023735,0.1802378088129161,0.16541001159779942,0.026578868933524104,0.0,0.0,0.0,0.0,0.03228924731568084,2.0,1.0,15.0,2.759033825098003,2.0
req_266,IS_1536_2001,0,synthetic,0.144092924279985,1.0,0.4462312653474676,2.0,0.4330127018922193,0.1923076923076923,0.1923076923076923,0.0,0.0,0.0,0.0,0.0,0.0320020481310803,1.0,0.5,25.0,1.588235294117647,1.0
req_098,IS_1489_Part1_2015,0,synthetic,0.2513748990030588,5.0,1.7259341153388676,6.0,0.2835088678286887,0.0286328676279975,0.0286328676279975,0.0,0.0,0.0,0.0,0.0405264392187553,0.0312471901259911,7.0,1.0,11.0,1.843934988713498,7.0
req_345,IS_694_2010_H,0,synthetic,0.20641710578635855,2.0,4.9242414122887475,2.0,0.41599469921806065,0.2952464827858473,0.30831161136497026,0.0,0.0,1.0,1.0,0.6082673537495078,0.03202911029655596,2.0,1.0,16.0,2.9355166836849538,2.0
req_074,IS_269_2015,0,synthetic,0.2421468454090795,4.0,1.4205826204060887,6.0,0.2662832188282582,0.0795781379995704,0.0795781379995704,0.0695566642234231,2.0,2.0,0.0,0.0,0.0322809577533201,3.0,1.0,11.0,2.2655159632088138,3.0
req_277,IS_456_2000_H,1,synthetic,0.19045026639944318,1.0,1.092696598192822,1.0,0.304106850417197,0.11631901037543185,0.1072030322136786,0.021758181666222186,1.0,0.0,0.0,0.0,0.031698677062452996,1.0,1.0,26.0,,1.0
req_091,IS_1201_1220_1978_H,0,synthetic,0.19757863370276368,4.0,1.7559954529511983,5.0,0.3613287510828645,0.1134060406178878,0.08931969780623693,0.026047421723364182,0.0,2.0,0.0,0.057652336499400825,0.03131535614846092,7.0,1.0,48.0,2.5857905733837407,7.0
req_124,IS_2074_1992_H,0,synthetic,0.28077816505473024,6.0,1.3396588696290255,6.0,0.11736478778733773,0.08707973282191898,0.08676514064098091,0.17188000813010992,1.0,1.0,0.0,0.0,0.03205376749057659,1.0,1.0,34.0,2.6847837428480044,1.0
req_044,IS_13920_2016,1,synthetic,0.5728326375169979,1.0,4.2764790202009015,1.0,0.6779093716228115,0.2698980443154009,0.2698980443154009,0.0,0.0,1.0,1.0,0.9590617322275796,0.0325664539919607,3.0,1.0,10.0,3.28740513323562,3.0
req_134,IS_73_2013,0,synthetic,0.2847645342082154,3.0,0.2070120346749909,8.0,0.172870659855039,0.1367437574512455,0.1367437574512455,0.2155124159155689,4.0,0.0,0.0,0.0399577285884272,0.0317258867783145,7.0,1.0,13.0,2.48097066925545,7.0
req_283,IS_458_2003,0,synthetic,0.1593725759903062,2.0,-0.0171210695480172,2.0,0.3849001794597505,0.1428571428571428,0.1428571428571428,0.0,0.0,0.0,0.0,0.0,0.0320020481310803,1.0,1.0,23.0,2.52,1.0
req_625,IS_1642_1989_H,0,synthetic,0.26316022364886205,1.0,2.01536791140407,1.0,0.32526348370411257,0.06507366572426553,0.08865246593922023,0.16841970399974943,1.0,1.0,0.0,0.03171245601981334,0.03256707737192106,2.0,1.0,37.0,3.0422359312179146,2.0
req_525,IS_875_Part1_1987_H,0,synthetic,0.2735739190676095,2.0,1.1630750426753773,1.0,0.2743509630635562,0.11506333424537778,0.11445233939156267,0.08099415800280776,2.0,2.0,0.0,0.014658973057608054,0.03215270675174776,1.0,1.0,39.0,2.6145485606595082,1.0
req_193,IS_1554_Part1_1988,1,synthetic,0.3131477564810343,1.0,6.807897125270448,1.0,0.5001174547623293,0.2294638937914035,0.2294638937914035,0.0,0.0,0.0,0.0,0.6296785721916609,0.0320063383325077,2.0,0.5,38.0,2.04891985189532,2.0
req_422,IS_1893_Part1_2016_H,0,synthetic,0.15433995758395544,1.0,1.207970213755064,1.0,0.14638888293854838,0.07760547763115443,0.038545478043606675,0.09112630627083564,2.0,0.0,0.0,0.013500897357102732,0.03153377160912371,1.0,1.0,10.0,2.1709499768369445,1.0
req_571,IS_783_1985,1,synthetic,0.6638363804222238,1.0,4.078203694376367,1.0,0.6340375160171947,0.1249276508441693,0.1249276508441693,0.8403805538051425,4.0,4.0,0.0,0.2602558483495455,0.0314494013189115,2.0,1.0,41.0,3.2273033518000336,2.0
req_139,IS_1201_1220_1978,0,synthetic,0.2526599627599223,4.0,0.3583908866571035,5.0,0.3974375840297575,0.1679849332333298,0.1679849332333298,0.0615561330122589,3.0,0.0,0.0,0.1356558755024305,0.0312316719741241,6.0,1.0,48.0,1.9808060969486287,6.0
req_454,IS_269_2015_H,0,synthetic,0.4802849005179662,2.0,3.742842158884089,2.0,0.34205518420828945,0.19300982783070803,0.20679303740087526,0.5348833312932983,1.0,0.0,0.0,0.23212478610890075,0.032699834654078976,2.0,1.0,11.0,2.8158984625669614,2.0
req_050,IS_2911_Part1_Sec1_2010_H,0,synthetic,0.0933270376778464,7.0,1.8984578622575725,3.0,0.39238073254745814,0.08390240573165134,0.06365902112547481,0.05527175151233327,4.0,2.0,0.0,0.08284310153131202,0.03211157721292703,6.0,1.0,16.0,2.5886415813059296,6.0
req_043,IS_2911_Part1_Sec2_2010,0,synthetic,0.1530149258182104,6.0,2.6590822340765667,3.0,0.3907345792554414,0.0378838324291034,0.0378838324291034,0.1633397584446434,4.0,1.0,0.0,0.0,0.0317962792854887,8.0,1.0,16.0,1.696050121078537,8.0
req_347,IS_1489_Part1_2015_H,0,synthetic,0.09394516066714095,1.0,,,0.3073234625511942,0.08642897409319322,0.08865382038883228,0.04105747656973772,2.0,0.0,0.0,0.037194490350234546,0.03148301877878364,1.0,1.0,11.0,2.415203447569214,1.0
req_571,IS_783_1985_H,1,synthetic,0.5190176535530753,2.0,3.198960374588942,2.0,0.5071969986334007,0.12742753681433092,0.12616675261774693,0.5890578045330647,4.0,4.0,0.0,0.1639248236818734,0.031689654152811324,1.0,1.0,41.0,3.108563198045971,1.0
req_115,IS_13920_2016,0,synthetic,0.2549327781036006,5.0,2.655348758482308,3.0,0.081114233195244,0.1115018377609622,0.1115018377609622,0.1842076101088316,1.0,3.0,0.0,0.0,0.0317782073611702,6.0,1.0,10.0,2.744310053158052,6.0
req_597,IS_875_Part1_1987,1,synthetic,0.5488843262970342,1.0,2.5966269095443413,1.0,0.6204993833032862,0.4490259021175399,0.4490259021175399,0.5721470954832779,3.0,2.0,1.0,0.5457418029085495,0.0311650902252771,2.0,1.0,39.0,2.592885387699979,2.0
req_520,IS_2074_1992_H,0,synthetic,0.16268423349111516,2.0,2.0608898222399095,2.0,0.2785026923257854,,0.18553447809307955,0.11706153861056244,4.0,2.0,0.0,0.021349716288497404,0.031764784222968315,1.0,1.0,34.0,2.829872971484948,1.0
req_302,IS_9595_1996,0,synthetic,0.0738063509660207,2.0,2.3737186602971057,2.0,0.0464198190286931,0.057288460773725,0.057288460773725,0.0,0.0,2.0,0.0,0.0,0.0321279163992475,1.0,1.0,30.0,2.5817354117440345,1.0
req_106,IS_1200_Part1_1992_H,1,synthetic,0.3056170281913083,2.0,4.835866195576044,2.0,0.44965813126125387,0.11326258631309905,0.12704002801258768,0.7105824632185134,2.0,2.0,1.0,0.5621484097368467,0.032148581703883676,2.0,1.0,34.0,2.2796766930057504,2.0
req_132,IS_3067_1988,0,synthetic,0.260031517749228,3.0,2.408374835503194,3.0,0.1666893424264949,0.1469245498013181,0.1469245498013181,0.1290192894541154,3.0,0.0,0.0,0.0,0.0323124635060583,1.0,1.0,38.0,2.5773840751887374,1.0
req_100,IS_10262_2019_H,1,synthetic,0.12293018635903313,4.0,2.441572950326491,4.0,0.2018258247094849,0.11949237924266619,0.12094855390520126,0.02438233616436522,0.0,0.0,0.0,0.0,0.031834815222547476,2.0,1.0,7.0,2.6746576973351224,2.0
req_054,IS_1893_Part1_2016,0,synthetic,0.2429923116558863,3.0,2.4997168606219016,5.0,0.1985243549868838,0.1952702451767556,0.1952702451767556,0.1102040780879045,2.0,2.0,0.0,0.0,0.0311652230132681,7.0,1.0,10.0,2.2475742040982727,7.0
req_043,IS_875_Part1_1987_H,0,synthetic,0.10491634255298135,7.0,2.2959193838835414,6.0,0.2553394032006471,0.13032210948134848,0.15481020333941536,0.24329983171480823,4.0,3.0,0.0,0.044626802503719545,0.03244625188053611,2.0,1.0,39.0,1.9947507481177975,2.0
req_064,IS_1893_Part1_2016_H,0,synthetic,0.28334719929885377,4.0,0.7609774265358494,5.0,0.25917468913885633,0.08380867150181139,0.0807112759661244,0.07623534467245385,3.0,2.0,0.0,0.11626428683494758,0.03211428612551658,1.0,1.0,10.0,2.7978394521536125,1.0
req_251,IS_1346_1991,0,synthetic,0.1128983984341989,2.0,0.9394296554677728,2.0,0.2612639300757844,0.1648473979243615,0.1648473979243615,0.1097349965845133,2.0,1.0,1.0,0.1062505204505811,0.0326307595783217,1.0,1.0,35.0,3.2426742476992763,1.0
req_042,IS_1893_Part1_2016,0,synthetic,0.221848514562126,4.0,1.8661712724503872,6.0,0.2796696375773881,0.1680351142208193,0.1680351142208193,0.2024509666125965,1.0,0.0,0.0,0.0,0.0328863382721157,1.0,1.0,10.0,2.020814762270833,1.0
req_394,IS_458_2003,0,synthetic,0.1168465552521558,2.0,2.507959862276741,1.0,0.3763085443358371,0.156519557810711,0.156519557810711,0.0878498140070218,3.0,0.0,0.0,0.2431168034731803,0.0320541054668092,2.0,1.0,23.0,2.482918591746216,2.0
req_177,IS_1200_Part1_1992_H,0,synthetic,0.29904868698144055,2.0,4.732642574325191,2.0,0.5020113101973822,0.12658305662022398,0.0935584832945662,0.7530422003437728,2.0,2.0,1.0,0.5338745165263579,0.03207559806837404,2.0,1.0,34.0,2.210345652969444,2.0
req_624,IS_875_Part5_1987,1,synthetic,0.2789917574870807,1.0,4.173894307043514,1.0,0.7955110313513687,0.2382857413206825,0.2382857413206825,0.5374376045982007,1.0,1.0,0.0,0.0,0.0323091759288375,1.0,1.0,39.0,1.8384148045904056,1.0
req_057,IS_3067_1988,0,synthetic,0.0951815926945997,5.0,1.7599127104550756,5.0,0.2658449803480873,0.0425306531228424,0.0425306531228424,0.1600434089305141,1.0,3.0,0.0,0.0,0.0328832139757371,1.0,1.0,38.0,1.6123565271669735,1.0
req_276,IS_1489_Part1_2015_H,0,synthetic,0.18663887471052906,1.0,,,0.2755481423020121,0.15425607916600914,0.17301776673098035,0.04387125451346659,0.0,0.0,0.0,0.00516469042376496,0.03206363966948841,1.0,1.0,11.0,2.013580719084922,1.0
req_526,IS_875_Part5_1987,0,synthetic,0.3096578098467484,1.0,1.1298688234899683,2.0,0.1153933416323874,0.0241581966169713,0.0241581966169713,0.1986067643425919,4.0,0.0,0.0,0.0,0.031160129475751,2.0,1.0,39.0,1.6422395928431832,2.0
req_079,IS_2309_1989,1,synthetic,0.2040312845095884,3.0,3.5865855801773585,1.0,0.3163265823832542,0.3983259083796751,0.3983259083796751,0.4889555679702816,1.0,2.0,1.0,0.7980725363229783,0.0316267029548818,6.0,1.0,37.0,3.320324138203636,6.0
req_083,IS_73_2013,1,synthetic,0.6859288725754643,1.0,6.988493004572309,1.0,0.6767372757753903,0.3510114345935286,0.3510114345935286,0.5328115072362709,4.0,4.0,1.0,0.0,0.0320830903998974,1.0,1.0,13.0,2.744463322855524,1.0
req_466,IS_2911_Part1_Sec2_2010_H,0,synthetic,0.1844207509189061,2.0,1.7568654638027241,1.0,0.137461219905476,0.08150988181592485,0.09544432149985747,0.19376597052800698,1.0,1.0,0.0,0.0,0.032186229106895864,2.0,1.0,16.0,2.0991625166653973,2.0
req_114,IS_2911_Part1_Sec1_2010,1,synthetic,0.387514940852471,1.0,2.868177220049404,1.0,0.6923579340707209,0.2312726785543548,0.2312726785543548,0.0,0.0,0.0,0.0,0.6890276386605542,0.0320722097817594,1.0,1.0,16.0,2.576975058460709,1.0
req_036,IS_1893_Part1_2016,0,synthetic,0.2142904170207442,3.0,2.538972618855927,3.0,0.3789187754565244,0.0328537706340465,0.0328537706340465,0.0,0.0,1.0,0.0,0.0,0.0328423850579352,1.0,1.0,10.0,2.282010604383282,1.0
req_060,IS_1077_1992_H,0,synthetic,0.1791425092524595,5.0,1.700352161548556,5.0,0.26981654907454244,0.046293484924593994,0.07751969830240162,0.28322689823631997,1.0,0.0,0.0,0.038321460271984145,,,1.0,34.0,2.882213104780742,
req_058,IS_1786_2008,0,synthetic,0.2795922505162153,1.0,0.4051440370709587,8.0,0.1742486865284899,0.1239836668208473,0.1239836668208473,0.2289364125415885,1.0,0.0,0.0,0.0,0.0319975194167953,5.0,1.0,18.0,1.9750701328279088,5.0
req_132,IS_3043_2018_H,1,synthetic,0.5209968427067289,2.0,4.629227561007131,2.0,0.44147431089342776,0.23035678446959043,0.2680751524915809,0.6836342905450995,3.0,3.0,1.0,0.4856892423411623,0.03156526636126631,3.0,1.0,8.0,2.4017229123097175,3.0
req_478,IS_12269_2013,0,synthetic,0.1085315488999149,2.0,1.1241777879440702,2.0,0.265782352733632,0.0309762324079117,0.0309762324079117,0.0411708051396194,1.0,2.0,0.0,0.3096283806787377,0.0322615087776495,1.0,1.0,13.0,3.1350949945121496,1.0
req_070,IS_9595_1996,0,synthetic,0.0738063509660207,6.0,2.3737186602971057,6.0,0.0464198190286931,0.057288460773725,0.057288460773725,0.0,0.0,2.0,0.0,0.0,0.0321279163992475,1.0,1.0,30.0,2.5817354117440345,1.0
req_124,IS_2062_2011_H,0,synthetic,0.2671389453558399,7.0,1.80600211937191,3.0,0.2368204000035854,0.1277048105126519,0.11721184182416135,0.1514598996421615,1.0,0.0,0.0,0.0,0.03204335397721471,3.0,1.0,15.0,2.399613287889336,3.0
req_396,IS_2911_Part1_Sec1_2010_H,0,synthetic,0.2394020462128011,1.0,1.1384813289103133,1.0,0.33683869871104455,0.03156383473646346,0.06046844769386632,0.20099274611269324,2.0,0.0,0.0,0.0,0.03153292861698973,1.0,1.0,16.0,2.74857141351569,1.0
req_544,IS_2911_Part1_Sec1_2010_H,1,synthetic,0.1570422126172076,1.0,1.7686203015116857,1.0,0.16968481198242863,0.19352306030828176,0.17663933516493274,0.0,0.0,0.0,1.0,0.02168571242200057,0.03230525148090647,2.0,1.0,16.0,2.169461523063566,2.0
req_350,IS_456_2000_H,0,synthetic,0.16870322031253784,1.0,0.8062953723038848,1.0,0.23704874023447622,,0.1126057675392248,0.08587752063862086,1.0,0.0,0.0,0.0006610248172460246,0.03164537387316866,1.0,1.0,26.0,1.8799987113984493,1.0
req_523,IS_783_1985_H,1,synthetic,0.5104360648330202,2.0,3.30123924163102,2.0,0.5841781914415154,0.13461801752599353,0.14275196194196624,0.534833672946637,4.0,4.0,0.0,0.1919938497852329,0.03148107478926225,1.0,1.0,41.0,2.967944204602163,1.0
req_044,IS_1893_Part1_2016_H,0,synthetic,0.2513817921085806,4.0,0.8437574818877221,6.0,0.31355902545518316,0.15903037705242315,0.16717774365579322,0.17636349362273962,3.0,0.0,0.0,0.01507218261867767,0.03247608777527312,5.0,1.0,10.0,2.2780595305409164,5.0
req_304,IS_516_1959_H,0,synthetic,0.12454845102348576,1.0,0.5700164127584328,1.0,0.20622759721567735,0.08219004955629886,0.120839781392302,0.011111380920444445,1.0,0.0,0.0,0.0,0.03181520318319576,1.0,1.0,67.0,1.9685469368423025,1.0
req_121,IS_1346_1991_H,1,synthetic,0.1500506862593574,5.0,1.2653664139860106,7.0,0.2560406263198994,0.147064026127241,0.10854562823228943,0.08866836156528922,,1.0,1.0,0.052931576281985346,0.03237958295375961,2.0,1.0,35.0,3.053707098538273,2.0
req_110,IS_814_2004,0,synthetic,0.3075976765788512,3.0,0.4306226060820434,6.0,0.1684180601010605,0.1614188201716141,0.1614188201716141,0.0830039505066947,4.0,2.0,0.0,0.0,0.0316631259005946,2.0,1.0,22.0,2.3778918306357686,2.0
req_401,IS_1200_Part1_1992_H,1,synthetic,0.10986236695677892,1.0,0.5313003497597178,1.0,0.40764327667866346,0.1256738529184032,0.11635587681200804,0.0,0.0,2.0,1.0,0.040163944432202774,0.03145399555161913,1.0,1.0,34.0,1.9020709780128984,1.0
req_497,IS_1554_Part1_1988,0,synthetic,0.1612206737025657,1.0,1.8751634228512613,2.0,0.0834300367331195,0.0296839776300007,0.0296839776300007,0.0536948979750519,2.0,2.0,0.0,0.0,0.0326723488076049,1.0,0.5,38.0,2.893508924899364,1.0
req_232,IS_383_2016_H,0,synthetic,0.5404281311727372,2.0,4.541808258567152,2.0,0.4620309511800906,0.28709174575491725,0.2859603289948294,0.4566617577468821,3.0,3.0,1.0,0.0,0.03142213064252208,1.0,1.0,10.0,1.8201903296563953,1.0
req_063,IS_1642_1989,0,synthetic,0.2393357701426322,4.0,1.7976132153213384,3.0,0.3346252511169137,0.0225351552113236,0.0225351552113236,0.1703343667262818,1.0,1.0,0.0,0.0,0.0327122930085469,1.0,1.0,37.0,3.358050490192342,1.0
req_284,IS_2074_1992,0,synthetic,0.1714334494473205,2.0,2.317122133706033,2.0,0.2646274997504396,0.1814974585819872,0.1814974585819872,0.1350209271740724,4.0,2.0,0.0,0.0,0.0315546227062614,2.0,1.0,34.0,3.077535863034834,2.0
req_001,IS_2062_2011,0,manual,0.0826696604586178,7.0,1.7089730237650875,5.0,0.2061965247105806,0.075,0.075,0.0,4.0,2.0,0.0,0.0,0.0317460317460317,6.0,1.0,15.0,1.572289156626506,6.0
req_033,IS_783_1985,0,synthetic,0.2755139480057995,4.0,2.31758340383822,3.0,0.0755317882028265,0.1786936131204989,0.1786936131204989,0.0,0.0,2.0,0.0,0.0,0.0316727932397827,3.0,1.0,41.0,2.4116202834974168,3.0
req_341,IS_875_Part5_1987,0,synthetic,0.2962774576318208,1.0,2.726793145410502,1.0,0.1037046238029001,0.0788150533313428,0.0788150533313428,0.0930508480191436,3.0,0.0,0.0,0.0,0.0314772747763679,2.0,1.0,39.0,1.824527421240509,2.0
req_558,IS_2911_Part1_Sec2_2010_H,0,synthetic,0.12334784370751588,1.0,2.368855240893032,2.0,0.15822497306622715,0.05684498887621846,0.03931931030576393,0.18718006970998144,2.0,0.0,0.0,0.0012686785181982832,0.03238174907518543,2.0,1.0,16.0,3.115669348311465,2.0
req_594,IS_3034_1993,0,synthetic,0.1148184582264129,2.0,2.7449116059952527,1.0,0.3455479755094865,0.0231984431928083,0.0231984431928083,0.0107495797212369,2.0,2.0,0.0,0.0,0.0325835665703446,1.0,1.0,33.0,3.513452433458012,1.0
req_291,IS_9595_1996_H,0,synthetic,0.12380416744649327,1.0,2.0980105799657034,2.0,,0.09752698679436822,0.07708301966927306,0.04367789845747279,0.0,2.0,0.0,0.0,0.0320744620773303,2.0,1.0,30.0,2.6556202146391295,2.0
req_279,IS_2911_Part1_Sec2_2010_H,0,synthetic,0.14800900142146606,2.0,2.451065414722463,2.0,0.39112789062033604,0.0729570695683456,0.07117237515432058,0.14724590074447347,4.0,1.0,0.0,0.0,,,1.0,16.0,1.9154409611303231,
req_528,IS_875_Part3_2015_H,0,synthetic,0.15272524880514546,1.0,0.7683580980016473,1.0,0.19666774394874043,,0.1562856007145774,0.18269063541831246,2.0,3.0,0.0,0.05257114088416917,0.03154509014574732,1.0,1.0,11.0,1.9201731581884067,1.0
req_117,IS_800_2007_H,0,synthetic,0.13576910467834113,6.0,0.9710732903360983,7.0,0.22927542576423077,0.1479060081809577,0.1255887159766759,0.16992687188155806,1.0,0.0,0.0,0.027039106450987963,0.03208011048130374,4.0,1.0,19.0,,4.0
req_117,IS_1077_1992_H,0,synthetic,0.14066474794626152,5.0,1.3701390044496102,5.0,0.35717646675114645,0.06754824438103807,0.10457942641623189,0.11307589389522034,4.0,0.0,0.0,0.0,0.031952251402809495,6.0,1.0,34.0,2.7046932924431375,6.0
req_176,IS_800_2007_H,0,synthetic,0.11527307692214293,1.0,1.6817395266249076,1.0,0.34068118548622506,0.15425879912500837,0.1904052952001769,0.13278600873365232,4.0,1.0,0.0,0.016574093282644458,0.03253252868146053,2.0,1.0,19.0,1.7618906213855308,2.0
req_082,IS_732_2019_H,1,synthetic,0.19351452210798703,3.0,1.3493428933296956,5.0,0.2236476499357224,0.1607075364911586,0.1307985779774725,0.11290705569688556,1.0,0.0,0.0,0.19949831529713888,0.03162684161727355,5.0,1.0,7.0,2.339124295877333,5.0
req_451,IS_2212_1991_H,0,synthetic,0.20315881287383172,1.0,2.219638069671833,1.0,0.36920082265729903,0.13941096355133573,0.13544523540484069,0.21175906545504075,2.0,3.0,0.0,0.0,0.032443153212030416,2.0,1.0,35.0,1.994779486194012,2.0
req_125,IS_3034_1993,0,synthetic,0.1913036544064096,6.0,2.3334536508285,3.0,0.309747715896837,0.1146478452705941,0.1146478452705941,0.0767815591001934,4.0,3.0,0.0,0.0,0.0311417479219002,6.0,1.0,33.0,3.43599593650127,6.0
req_163,IS_732_2019_H,0,synthetic,0.19946153535227856,2.0,2.6230323912031457,2.0,0.2617877792662196,0.06736859996431778,0.08799912810116878,0.017824207667411954,0.0,0.0,0.0,0.014103816454386369,0.03133547378273353,1.0,1.0,7.0,1.8650420632171079,1.0
req_040,IS_2932_1974_H,1,synthetic,0.450570485712484,2.0,2.603506180943337,2.0,0.352819009241012,0.27319366316097776,0.25338533675681973,0.5849843528359704,3.0,3.0,1.0,0.02560104357100882,0.03227197894252951,2.0,1.0,52.0,2.362516164899802,2.0
req_358,IS_2309_1989_H,0,synthetic,0.19785413456785023,2.0,3.237526611978577,2.0,0.31559309251325657,0.3134906290103041,0.31591929913501915,0.3270805694000394,1.0,2.0,1.0,0.5556851456658051,0.03182095063857195,1.0,1.0,37.0,3.046908878794002,1.0
req_073,IS_732_2019_H,0,synthetic,0.10466720717351348,6.0,2.0727832931928285,6.0,0.315190081906651,0.1277797901238923,0.12571861669423995,0.05546252578561517,0.0,1.0,0.0,0.12850907992616037,0.032508387396547586,3.0,1.0,7.0,1.6575988839474554,3.0
req_506,IS_1642_1989_H,0,synthetic,0.13432132389293733,1.0,1.853220224490987,2.0,0.36657808141090953,0.11938153524647921,0.07170209955236413,0.02867276517221876,2.0,0.0,0.0,0.306025033488426,0.03174663978328734,2.0,1.0,37.0,3.1579620032008995,2.0
req_274,IS_456_2000_H,0,synthetic,0.2233646720060899,1.0,,,0.28734958345974415,0.15635737176357115,,0.0,1.0,0.0,0.0,0.0,0.03219252367799312,2.0,1.0,26.0,1.8285056258542909,2.0
req_338,IS_800_2007_H,0,synthetic,0.12350571926726045,1.0,2.208517651877588,2.0,0.2016864794010888,0.07347511780305223,,0.009289788281146882,3.0,3.0,0.0,0.0,0.03195236408066037,1.0,1.0,19.0,2.434030181726753,1.0
req_113,IS_458_2003_H,0,synthetic,0.2558885772794756,4.0,2.018628921314635,3.0,0.3442902113439819,0.04481285852608078,0.08839865799805316,0.14195940304848204,4.0,0.0,1.0,0.0,0.03262968970528824,3.0,1.0,23.0,2.5770160731639127,3.0
req_306,IS_2911_Part1_Sec2_2010,0,synthetic,0.0957435171478917,2.0,2.405910449188412,1.0,0.086775727697219,0.0317618183205078,0.0317618183205078,0.1731063469412454,2.0,0.0,0.0,0.0,0.0326222841525501,1.0,1.0,16.0,3.4804452595413733,1.0
req_478,IS_12269_2013_H,0,synthetic,0.13473595028485663,1.0,1.4927883309394236,1.0,0.2738692581969129,0.06241914787260982,0.06955445008781347,0.051369860306912325,1.0,2.0,0.0,,0.032175752231624485,2.0,1.0,13.0,2.9410019842516206,2.0
req_073,IS_1893_Part1_2016_H,0,synthetic,0.5359720047332306,2.0,3.3678431473981796,2.0,0.4255739124410902,0.2212157073941281,0.23817324939529316,0.6463787345372575,3.0,2.0,0.0,0.625603086233432,0.03224802601374694,6.0,1.0,10.0,1.7206160301112492,6.0
req_416,IS_8329_2000_H,0,synthetic,0.18494094056559907,1.0,0.40067141837501385,1.0,0.11833245894194235,0.14712823380697182,0.15746527296678145,0.0,0.0,0.0,0.0,0.0,0.03253834878249653,2.0,1.0,26.0,3.1993392339635407,2.0
req_343,IS_15911_2010_H,1,synthetic,0.2334102670433889,2.0,4.0569215877570075,2.0,0.25928981423975594,0.13365921925959065,0.13511660124983862,0.04092570438587589,1.0,1.0,0.0,0.0,0.03258349461192006,2.0,1.0,16.0,1.85086374560258,2.0
req_090,IS_875_Part1_1987,0,synthetic,0.2389922017010869,5.0,0.7060045926474331,6.0,0.1554244601125587,0.0627586912905042,0.0627586912905042,0.0,0.0,2.0,0.0,0.0,0.0313071798690334,6.0,1.0,39.0,2.097947964884092,6.0
req_291,IS_9595_1996,0,synthetic,0.0738063509660207,2.0,2.3737186602971057,1.0,0.0464198190286931,0.057288460773725,0.057288460773725,0.0,0.0,2.0,0.0,0.0,0.0321279163992475,1.0,1.0,30.0,2.5817354117440345,1.0
req_123,IS_10262_2019_H,1,synthetic,0.11418311193694934,3.0,,,0.38224623018766657,0.07767618226995278,0.06391262367083243,0.0,0.0,0.0,0.0,0.040321405804192925,0.03160315815931213,4.0,1.0,7.0,2.1081484956696106,4.0
req_136,IS_383_2016_H,0,synthetic,0.26094293503930643,2.0,1.6749969963760547,6.0,0.14363011034272938,0.1510561205112354,0.13084301057925082,0.28208907575224923,4.0,3.0,0.0,0.005239486938423326,0.0326896562279749,2.0,1.0,10.0,3.1621837594518536,2.0
req_352,IS_1786_2008,1,synthetic,0.3641309755988532,1.0,6.294635298557489,1.0,0.7817890072265987,0.1832762473070924,0.1832762473070924,0.823734965098145,4.0,5.0,0.0,0.0,0.0310552010702392,2.0,1.0,18.0,3.311040267202567,2.0
req_109,IS_1642_1989_H,1,synthetic,0.4004386865701662,2.0,2.14218363813484,5.0,0.5396146827472309,,0.3530110064472375,0.5897039547602134,4.0,5.0,0.0,0.5430400201404371,0.031499336759100625,5.0,1.0,37.0,2.511213545294888,5.0
req_080,IS_1489_Part1_2015_H,1,synthetic,0.10481320323503623,5.0,1.9204076106939163,3.0,0.3300136567868396,0.1053976860473577,0.08204206178986109,0.21151133050254403,4.0,0.0,0.0,,0.03203882983496688,3.0,1.0,11.0,2.6458368380009247,3.0
req_615,IS_2062_2011,0,synthetic,0.3196706999688016,1.0,1.3454749879687475,2.0,0.1009241215369435,0.1169445039866972,0.1169445039866972,0.1655752251212432,1.0,1.0,0.0,0.0,0.031643554700458,2.0,1.0,15.0,1.6933330782116978,2.0
req_270,IS_1201_1220_1978,0,synthetic,0.243846877403052,1.0,2.6012275006122385,1.0,0.1179686741127798,0.1526802046294508,0.1526802046294508,0.0,0.0,0.0,0.0,0.0,0.0314055331175765,2.0,1.0,48.0,1.8367842697753505,2.0
req_275,IS_3043_2018,0,synthetic,0.3135763474581796,1.0,0.7362530951492087,2.0,0.0654239757103835,0.0663822856408499,0.0663822856408499,0.2832410094624892,2.0,0.0,0.0,0.0,0.0316835723056968,2.0,1.0,8.0,2.1731895021631544,2.0
req_087,IS_875_Part2_1987_H,0,synthetic,0.0953370261021123,5.0,2.664584335161448,4.0,0.1760148705724524,0.17993213458570034,0.18944111616450912,0.33228089090025614,2.0,1.0,0.0,0.01352084398105758,0.0316692762958402,5.0,1.0,39.0,2.1475489513461024,5.0
req_114,IS_2911_Part1_Sec1_2010_H,1,synthetic,0.35613559793709954,2.0,2.4946469497486445,5.0,0.5713629258192575,0.2009825794860774,0.22086971470451675,0.0,0.0,0.0,0.0,0.49380708391478817,0.03202430951716442,3.0,1.0,16.0,2.612443793598016,3.0
req_116,IS_1077_1992_H,1,synthetic,0.10803190465288925,3.0,1.120045778996686,4.0,0.18290149742544343,0.1006843067458042,0.13160511963657479,0.17630608133845055,3.0,1.0,0.0,,,,1.0,34.0,2.868161842409953,
req_071,IS_13920_2016_H,0,synthetic,0.12413724622582897,5.0,1.786682003363902,3.0,0.3528910014792453,0.1254109174861797,0.13285689242761792,0.01658094076989737,0.0,1.0,0.0,0.0,0.03158652651249142,5.0,1.0,10.0,2.69685360020188,5.0
req_595,IS_875_Part5_1987_H,0,synthetic,0.3880452783513763,2.0,2.06054718281419,1.0,0.3911052305423326,0.36238350813150577,0.34974664383072274,0.5421278555556233,4.0,5.0,1.0,0.7165406888931096,0.032201187747064264,2.0,1.0,39.0,,2.0
req_072,IS_456_2000_H,1,synthetic,0.16560615657242236,5.0,2.275724111965454,4.0,0.1788966810333632,0.09987705187891267,0.07474391500365737,0.07798849249792718,2.0,1.0,0.0,0.0,0.03207474941876273,4.0,1.0,26.0,1.9927213534268906,4.0
req_141,IS_2074_1992_H,0,synthetic,0.25666783727228226,4.0,1.9024825517592514,4.0,0.18875211903903547,0.13055570722173787,0.1353124826869124,0.14566256160809388,1.0,3.0,0.0,0.0,0.03163039093476305,5.0,1.0,34.0,1.9715685165560906,5.0
req_106,IS_1904_1986_H,1,synthetic,0.17452742231226154,3.0,1.3607336690771916,5.0,0.3042712261089124,0.07467392337533565,0.07752584695800721,0.063814979403022,0.0,1.0,0.0,0.0,0.032091310081089376,3.0,1.0,40.0,2.9562913877156856,3.0
req_172,IS_1904_1986_H,0,synthetic,0.21738249917146885,1.0,0.7183927294708843,1.0,0.28770333607562903,0.05850743880631669,0.05728889943247925,0.025017452748934223,0.0,0.0,0.0,0.0,0.032038528591913584,1.0,1.0,40.0,1.7423038082828202,1.0
req_306,IS_2911_Part1_Sec2_2010_H,1,synthetic,0.11114703958482967,1.0,2.25397325215973,2.0,0.16537925021790545,0.04555820254913735,0.04320428489242886,0.157556141246645,2.0,0.0,0.0,0.02551527634263756,,,1.0,16.0,3.205325024872114,
req_101,IS_875_Part2_1987_H,0,synthetic,0.18976169002603696,4.0,1.8645924131371572,7.0,0.3948361905520408,0.14027799934049223,0.12405254834196604,0.1285293527755627,1.0,3.0,0.0,0.0,0.032221752064191464,8.0,1.0,39.0,1.882430487838157,8.0
req_568,IS_1200_Part1_1992_H,0,synthetic,0.29085711795226143,2.0,4.673151878449769,2.0,0.43702836279977453,0.10476185740944942,0.13568637985976004,0.6683265289794988,2.0,2.0,1.0,0.5781816803720183,0.03199392724710562,2.0,1.0,34.0,2.218857061247372,2.0
req_543,IS_875_Part2_1987_H,1,synthetic,0.5388358458957718,2.0,5.241756927526968,2.0,0.6120219948787985,0.09711826660546055,0.1367153515357323,0.03828877263235746,0.0,0.0,1.0,0.1863497965277577,0.03210708278604511,1.0,1.0,39.0,2.0149301813576934,1.0
req_286,IS_12269_2013_H,1,synthetic,0.10617033711224676,1.0,1.5678772509186976,2.0,0.2716672455574953,0.17755764565568966,0.11271521955226885,0.038547449869633446,1.0,3.0,0.0,0.0,0.031919683431964815,1.0,1.0,13.0,2.2624858571253004,1.0
req_491,IS_2932_1974_H,0,synthetic,0.3254679602456638,2.0,3.7325318193874852,2.0,0.41921516381129714,0.08419818682354262,0.0905622444995331,0.7018133573495474,2.0,1.0,1.0,0.19886139007231032,0.03237027746558032,2.0,1.0,52.0,3.079353450646497,2.0
req_438,IS_1554_Part1_1988,1,synthetic,0.2734325500425398,1.0,2.6649751048009853,1.0,0.7573457788603056,0.2711570562761141,0.2711570562761141,0.93317994062417,3.0,2.0,0.0,0.0,0.0328945077372453,1.0,0.5,38.0,1.75899453204593,1.0
req_288,IS_875_Part1_1987,0,synthetic,0.0566479157261791,2.0,2.366894587121491,1.0,0.226434121113912,0.139298372851156,0.139298372851156,0.2913279936194958,4.0,3.0,0.0,0.1167282047513805,0.0325739561999526,1.0,1.0,39.0,1.7322331015857595,1.0
req_004,IS_383_2016_H,1,manual,0.2743717317393068,2.0,2.614206499402781,2.0,0.38674219382809616,0.1832264954957529,0.16838841430769727,0.0,1.0,0.0,0.0,0.0,0.03258187016933163,2.0,1.0,10.0,1.6465124376750264,2.0
req_482,IS_9595_1996_H,0,synthetic,0.20217415793233873,1.0,2.033587028836532,1.0,,0.16197503549809408,0.13266520216852273,0.058916490577265904,0.0,0.0,0.0,0.15550407056750437,0.03175260142004373,1.0,1.0,30.0,1.8694463396632808,1.0
req_199,IS_3034_1993,0,synthetic,0.221007371334216,1.0,2.028464949331898,1.0,0.1776572808855643,0.0220512116531896,0.0220512116531896,0.0,0.0,0.0,0.0,0.0,0.0325740400121813,1.0,1.0,33.0,2.942971931792876,1.0
req_324,IS_2911_Part1_Sec2_2010,1,synthetic,0.2697689642625719,1.0,2.332974916091839,1.0,0.6573672595672218,0.2817856174868894,0.2817856174868894,0.4674804737149809,4.0,5.0,0.0,0.4244956700430546,0.0321224901258772,1.0,1.0,16.0,2.932646090367648,1.0
req_220,IS_3034_1993,1,synthetic,0.2299904889854233,2.0,6.774448044003914,1.0,0.5589258598633504,0.3279049079509494,0.3279049079509494,0.9304840547288752,3.0,3.0,0.0,0.0,0.0328316873419442,1.0,1.0,33.0,1.3708982879350835,1.0
req_032,IS_1642_1989_H,1,synthetic,0.23370880631987848,3.0,2.9437394148362515,2.0,0.5273574900491391,0.3189907449244294,0.22797984139656668,0.28730762555375056,3.0,3.0,0.0,0.008171701906708975,0.03144277520059441,4.0,1.0,37.0,2.796583192916335,4.0
req_076,IS_2212_1991_H,0,synthetic,0.16785270151535966,5.0,1.7646893062386952,5.0,0.28939975448689786,0.18473442506612692,0.15687700427340517,0.06450804080323576,0.0,3.0,0.0,0.04807571841649549,0.032486652009272046,2.0,1.0,35.0,2.4704398617391745,2.0
req_365,IS_732_2019_H,1,synthetic,0.19959577528915454,1.0,1.2028207973630085,2.0,0.2834100802104513,0.08631542709255423,0.08329159455234006,0.14799213274927808,4.0,0.0,0.0,0.003966999331925021,0.032419508832050484,2.0,1.0,7.0,2.5508988951292797,2.0
req_053,IS_3067_1988_H,1,synthetic,0.46813514649782184,2.0,3.1030000202485115,2.0,0.2975477238517242,0.1553813736934202,0.17556083280541232,0.00703360093071943,0.0,0.0,0.0,0.3489264792216023,0.032225499272493345,4.0,1.0,38.0,2.9683750808249054,4.0
req_167,IS_226_1975,0,synthetic,0.0842337401195126,2.0,1.3710244078935985,2.0,0.2672612419124243,0.1111111111111111,0.1111111111111111,0.0,1.0,1.0,0.0,0.0,0.0320020481310803,2.0,0.0,51.0,2.5903614457831323,2.0
req_017,IS_3495_Part1_1992_H,1,manual,0.13329984539534823,6.0,0.9321968852984845,5.0,0.2504022786637407,0.0953266397206188,0.10054374199873592,0.02890098361081704,0.0,0.0,0.0,0.03203820321510878,0.032058204409566124,3.0,1.0,34.0,2.394957193204563,3.0
req_183,IS_875_Part5_1987,1,synthetic,0.3900363567683625,1.0,5.815270501500387,1.0,0.4124587143877919,0.1711864190835517,0.1711864190835517,0.0,0.0,0.0,0.0,0.5349999948125919,0.0313085537812062,2.0,1.0,39.0,2.1656116421833174,2.0
req_056,IS_12269_2013_H,0,synthetic,0.4744537311273407,2.0,1.7461141033693874,4.0,0.4897366031409689,0.17918157547313543,0.17766269038780996,0.5577852538409039,4.0,4.0,0.0,0.34286718010471107,0.03239927986640052,4.0,1.0,13.0,2.533446631512006,4.0
req_321,IS_9595_1996_H,0,synthetic,0.11933396854129391,1.0,0.7108180654337926,1.0,0.24578053187448606,0.1165464382555625,0.10505112307016161,0.026825051383734897,0.0,0.0,0.0,0.030421639337794296,,,1.0,30.0,2.001793411939054,
req_391,IS_458_2003,0,synthetic,0.1593725759903062,2.0,-0.0171210695480172,2.0,0.3849001794597505,0.1428571428571428,0.1428571428571428,0.0,0.0,0.0,0.0,0.0,0.0320020481310803,2.0,1.0,23.0,2.52,2.0
req_494,IS_875_Part3_2015_H,1,synthetic,0.22484009129576846,1.0,1.3644570042654525,1.0,0.16560285687959425,0.1280075326685824,0.12658959880906656,0.0302475507678291,0.0,2.0,0.0,0.011593689116769867,0.03174573912476344,1.0,1.0,11.0,2.044750386463398,1.0
req_122,IS_1346_1991_H,0,synthetic,0.27835378455231913,4.0,0.5315486565536518,6.0,0.39417882345866984,0.08579301400915644,0.09507899787166468,0.0,0.0,2.0,0.0,0.028236269063187137,0.031542546184493564,5.0,1.0,35.0,2.3451027733305385,5.0
req_138,IS_2932_1974,0,synthetic,0.1587410226106398,6.0,2.270374876855062,3.0,0.4203938904736914,0.0300840113335775,0.0300840113335775,0.1694827922991606,3.0,1.0,0.0,0.0,0.0310374368609229,8.0,1.0,52.0,2.6068844591148883,8.0
req_400,IS_694_2010_H,1,synthetic,0.2511658374138402,1.0,5.103631298297514,2.0,0.41503973144588635,0.1587466196458174,0.15779152600580298,0.5961942189088419,2.0,3.0,1.0,0.6072473507135344,0.03228637012538852,2.0,1.0,16.0,2.9762945856473206,2.0
req_028,IS_1893_Part1_2016,0,synthetic,0.1178548714572199,4.0,1.937043980454037,4.0,0.2673091158433854,0.0545312167382265,0.0545312167382265,0.2031953835818198,4.0,2.0,0.0,0.0,0.0316018997491311,6.0,1.0,10.0,2.537652450868891,6.0
req_006,IS_1893_Part1_2016_H,1,manual,0.28169278946869003,2.0,2.600892667977816,4.0,0.535744148484953,0.22787537781001102,0.2262367311529579,0.011827981705631754,0.0,0.0,0.0,0.018372869283501722,0.03236531563433665,3.0,1.0,10.0,1.7085505651929325,3.0
req_206,IS_13920_2016,0,synthetic,0.0684745928821658,2.0,1.2092312088034238,2.0,0.3293236531715962,0.1209632356594543,0.1209632356594543,0.0,0.0,0.0,0.0,0.0,0.031298108570957,2.0,1.0,10.0,1.334666124442952,2.0
req_075,IS_12269_2013_H,0,synthetic,0.08360978878165419,5.0,1.6703115421745303,4.0,0.28701304110438136,0.1836125789598671,0.16076045749658388,0.13372726358520942,1.0,3.0,0.0,0.026370663969304528,0.03179073248923054,3.0,1.0,13.0,,3.0
req_385,IS_3043_2018,1,synthetic,0.2080783294575659,1.0,2.5114694230567705,1.0,0.3817708577854666,0.1818181818181818,0.1818181818181818,0.0,0.0,0.0,0.0,0.0,0.0327868852459016,1.0,1.0,8.0,2.0,1.0
req_506,IS_1642_1989,0,synthetic,0.0839166354270578,2.0,2.082566183667006,1.0,0.4171565911084492,0.1308936822681271,0.1308936822681271,0.0260064100397965,2.0,0.0,0.0,0.2633559762917833,0.0317680638186862,1.0,1.0,37.0,3.513634469800171,1.0
req_241,IS_3034_1993_H,1,synthetic,0.21447459712765699,2.0,5.1329729866842015,2.0,0.512737888709505,0.27159018938179963,0.2754902742055472,,3.0,3.0,0.0,0.0,0.032535107042812705,2.0,1.0,33.0,1.6638689905784858,2.0
req_357,IS_1893_Part1_2016_H,1,synthetic,0.26000424703782,2.0,2.6955460465106613,2.0,0.5175642705779732,0.224493872574049,0.24239254245472602,0.0,0.0,0.0,0.0,0.013209305031351643,0.03240844812038212,2.0,1.0,10.0,1.8493017810682766,2.0
req_138,IS_2932_1974_H,1,synthetic,0.18290297989112778,4.0,2.0735181291927094,4.0,0.3985094454286329,0.05947505544490612,0.05325647818567499,0.15431989630627202,3.0,1.0,0.0,0.0,0.031300908980626374,7.0,1.0,52.0,2.5271334175689377,7.0
req_534,IS_10262_2019,1,synthetic,0.2806676137152705,1.0,3.278778832984468,1.0,0.6135085361475683,0.338943321929414,0.338943321929414,0.9814612951162144,4.0,4.0,0.0,0.0,0.0310716800852585,2.0,1.0,7.0,3.0560031600545496,2.0
req_220,IS_3034_1993_H,1,synthetic,0.24643160906876288,1.0,5.288405970790771,2.0,0.4782580039375683,0.2760447688044594,,0.6646029484889543,3.0,3.0,0.0,0.0,0.03266954590904961,2.0,1.0,33.0,1.6442427325334643,2.0
req_010,IS_3961_1967_H,1,manual,0.13542235853335102,6.0,1.068105923015388,5.0,0.20055795001414867,0.10555332351297395,0.09275510388789421,0.042555438397445036,1.0,0.0,0.0,0.017547807281314404,0.03154688340239252,6.0,1.0,59.0,1.965996252083957,6.0
req_059,IS_2911_Part1_Sec1_2010,0,synthetic,0.0320764718472287,6.0,0.0609048038017276,6.0,0.3325726569931707,0.1647138539349582,0.1647138539349582,0.0446821993729334,3.0,2.0,0.0,0.0,0.0328627374710599,1.0,1.0,16.0,1.998545574634372,1.0
req_112,IS_3067_1988,0,synthetic,0.1042428525049621,8.0,0.3781851621916975,8.0,0.1045165146031335,0.1283636497640199,0.1283636497640199,0.0,0.0,0.0,0.0,0.0,0.0312266773951279,8.0,1.0,38.0,2.8367891518415096,8.0
req_437,IS_1893_Part1_2016,0,synthetic,0.1178548714572199,2.0,1.937043980454037,1.0,0.2673091158433854,0.0545312167382265,0.0545312167382265,0.2031953835818198,4.0,2.0,0.0,0.0,0.0316018997491311,2.0,1.0,10.0,2.537652450868891,2.0
req_513,IS_2074_1992,0,synthetic,0.0264465374643036,2.0,0.655067598286791,2.0,0.2570602991805991,0.0800425342335396,0.0800425342335396,0.0055116676094678,2.0,0.0,0.0,0.0,0.031604652423206,2.0,1.0,34.0,3.59058686643,2.0
req_113,IS_458_2003,0,synthetic,0.2833257913228904,3.0,1.464575357992114,6.0,0.34847709192471,0.0367741938442242,0.0367741938442242,0.2705954267162263,4.0,0.0,1.0,0.0,0.0328754696812461,1.0,1.0,23.0,2.8446144966460363,1.0
req_409,IS_875_Part2_1987,1,synthetic,0.5506640700115014,1.0,5.915624470699107,1.0,0.3192051017158745,0.1660896134167435,0.1660896134167435,0.8930389571226223,4.0,4.0,0.0,0.3947239742876188,0.0317163349945008,1.0,1.0,39.0,1.566620608338238,1.0
req_484,IS_3495_Part1_1992_H,0,synthetic,0.09088918144444207,1.0,0.9678690408893413,1.0,0.31788608054882794,0.08339041798511508,0.08345099878782224,0.06350518792041934,2.0,0.0,0.0,0.0028379923117535844,0.03260127003116556,2.0,1.0,34.0,2.2035623798890955,2.0
req_069,IS_2062_2011_H,1,synthetic,,,3.2786145365218706,2.0,0.5227202394007868,0.28076065251745286,0.26563934329707534,0.6257706099405956,4.0,5.0,0.0,0.4372046688973942,0.03127517147841623,5.0,1.0,15.0,2.5706387705783498,5.0
req_008,IS_2911_Part1_Sec2_2010_H,0,manual,0.3989378220586425,2.0,4.541047987601525,2.0,0.4026462958629045,0.23827499878983088,,0.0,0.0,0.0,0.0,0.026864255984026468,0.032525736251884346,2.0,1.0,16.0,2.06309937881604,2.0
req_435,IS_2309_1989_H,0,synthetic,0.27852869804888347,2.0,1.9232223016519734,1.0,,0.12046023442703867,0.10222542660510502,0.27192303458210104,3.0,2.0,0.0,,0.03264565879425501,2.0,1.0,37.0,2.161343223810355,2.0
req_285,IS_1554_Part1_1988,1,synthetic,0.3131477564810343,1.0,6.807897125270448,1.0,0.5001174547623293,0.2294638937914035,0.2294638937914035,0.0,0.0,0.0,0.0,0.6296785721916609,0.0320063383325077,1.0,0.5,38.0,2.04891985189532,1.0
req_534,IS_10262_2019_H,1,synthetic,0.26638851111149275,2.0,2.7904267709261568,2.0,0.5139499514154177,0.27286230292991115,0.2894785299464114,0.7802856818129662,4.0,4.0,0.0,0.0,0.03132930091303186,1.0,1.0,7.0,2.810126927790896,1.0
req_255,IS_269_2015,0,synthetic,0.1439904098144775,2.0,1.9944704603131944,2.0,0.0812234109587126,0.1587378904576902,0.1587378904576902,0.0,0.0,3.0,0.0,0.0,0.0323057855954026,2.0,1.0,11.0,3.319521524490708,2.0
req_405,IS_269_2015_H,1,synthetic,0.157655753729859,1.0,0.5636098042723023,1.0,0.1288741209434515,0.11748255266626025,0.10742016297793124,0.14811876945617353,3.0,,0.0,0.0,0.03249879244200773,2.0,1.0,11.0,2.735648516597972,2.0
req_603,IS_456_2000,0,synthetic,0.0795939985118846,2.0,0.5192857505171217,2.0,0.14782750540163,0.1141662993666645,0.1141662993666645,0.0,0.0,1.0,0.0,0.0,0.0310788114152571,2.0,1.0,26.0,2.416433576415017,2.0
req_213,IS_875_Part1_1987_H,0,synthetic,0.2360196926819185,2.0,0.7123942102555545,1.0,0.2827971843360589,0.11781787885361163,0.09616855883828827,0.007619147623139048,2.0,2.0,0.0,0.005614926368112545,0.03218419548902142,1.0,1.0,39.0,2.6577466170524473,1.0
req_368,IS_2074_1992,0,synthetic,0.0264465374643036,2.0,0.655067598286791,2.0,0.2570602991805991,0.0800425342335396,0.0800425342335396,0.0055116676094678,2.0,0.0,0.0,0.0,0.031604652423206,2.0,1.0,34.0,3.59058686643,2.0
req_326,IS_783_1985,1,synthetic,0.4619812715003157,1.0,3.857986823668532,1.0,0.4206510090097237,0.2056199140249316,0.2056199140249316,0.4920086576101616,2.0,2.0,0.0,0.0,0.0313878074125338,2.0,1.0,41.0,3.0741363389121883,2.0
req_028,IS_458_2003,0,synthetic,0.0642061886737318,7.0,0.0817090965643615,8.0,0.4434137693405591,0.1300293151509224,0.1300293151509224,0.0,0.0,2.0,0.0,0.0,0.0313888704734794,8.0,1.0,23.0,2.8864324886526864,8.0
req_447,IS_269_2015,0,synthetic,0.1520918629312031,2.0,1.4489605974015498,2.0,0.2273405105344393,0.1500398889627156,0.1500398889627156,0.0224484744731126,2.0,0.0,0.0,0.0,0.032246518801044,1.0,1.0,11.0,2.184085811131568,1.0
req_394,IS_458_2003_H,0,synthetic,0.1551180973355602,1.0,2.4900755502548186,2.0,0.3632329248731888,0.15330886320762066,0.16077953569895373,0.030513315218371577,3.0,0.0,0.0,0.16755143558368124,0.03212052378329257,1.0,1.0,23.0,2.4892470059045055,1.0
req_240,IS_13920_2016_H,0,synthetic,0.27206653823566845,2.0,1.2334006559687962,1.0,0.2643775330767014,0.10880058967943276,0.09608933072560492,0.06399328700110832,0.0,3.0,0.0,,0.0315011467177362,1.0,1.0,10.0,2.7092105463705733,1.0
req_116,IS_2309_1989,0,synthetic,0.0800931149372667,5.0,-0.0062054108810592,6.0,0.3284849890182393,0.1854519357996423,0.1854519357996423,0.2178416129121887,3.0,1.0,0.0,0.0,0.0316949501777185,5.0,1.0,37.0,3.1664599668219195,5.0
req_145,IS_1536_2001,1,synthetic,0.5980123800633901,1.0,2.682395260229885,1.0,0.2966375451988169,0.2707172436686301,0.2707172436686301,0.5013629600415594,4.0,4.0,1.0,0.0,0.0316208389285898,2.0,0.5,25.0,3.1454228022542248,2.0
req_021,IS_2309_1989_H,0,synthetic,0.17065360334356697,5.0,2.3340728343536936,4.0,0.2567780643823828,0.17032059029137386,0.16076308508320833,0.0020770370096690367,0.0,0.0,0.0,0.027254574187451332,0.03169262058108162,5.0,1.0,37.0,2.5856574441343665,5.0
req_016,IS_2062_2011_H,0,manual,0.24354512061050698,1.0,1.26903021113424,2.0,0.3539550791190455,0.15276630785734727,0.15774481521203182,0.044600877668682,0.0,0.0,0.0,0.019044322496769905,0.03234134890348004,4.0,1.0,15.0,2.8104002912313417,4.0
req_572,IS_1893_Part1_2016,1,synthetic,0.6953503072184839,1.0,4.292020438817657,1.0,0.4704428035311555,0.2674466779209183,0.2674466779209183,0.8848965043770927,3.0,2.0,0.0,0.9216261365206744,0.0322763607340216,1.0,1.0,10.0,1.4497075450198211,1.0
req_422,IS_1893_Part1_2016,0,synthetic,0.1427632271654043,2.0,0.6747245370665752,2.0,0.1203278015322446,0.0417342453259149,0.0417342453259149,0.1371138024878966,2.0,0.0,0.0,0.0,0.0312155314945749,2.0,1.0,10.0,2.224005311051576,2.0
req_058,IS_875_Part3_2015,0,synthetic,0.1446865238642345,8.0,1.2736601496597046,3.0,0.1794789530242287,0.0458603644092742,0.0458603644092742,0.220259926441364,4.0,1.0,0.0,0.0,0.0312615323031047,8.0,1.0,11.0,2.120769465418185,8.0
req_039,IS_458_2003,1,synthetic,0.2401576602897245,2.0,3.5085410627139724,1.0,0.6208966223347052,0.2774402555868288,0.2774402555868288,0.9298106595691952,2.0,3.0,0.0,0.3013155603861636,0.0328418581975605,1.0,1.0,23.0,3.593950918947106,1.0
req_015,IS_3067_1988_H,0,manual,0.15425837128438,3.0,1.7376527465567606,3.0,0.3164362732714931,0.1426772132369076,0.13400365271732664,0.058095362374774126,0.0,0.0,0.0,0.0,0.03227210406301763,3.0,1.0,38.0,1.6679141439213236,3.0
req_011,IS_732_2019,0,manual,0.1717528830012288,4.0,2.15254615430975,3.0,0.3678836036909794,0.125,0.125,0.0,0.0,0.0,0.0,0.0,0.032258064516129,3.0,1.0,7.0,1.719298245614035,3.0
req_005,IS_456_2000_H,1,manual,0.20412357150516183,3.0,1.3825084381324064,3.0,0.2953986910939642,0.13654400933599337,0.12128513087093352,0.0,1.0,0.0,0.0,0.0,0.03220429778239131,4.0,1.0,26.0,1.8833683184995798,4.0
req_066,IS_1489_Part1_2015,0,synthetic,0.0401872708668486,8.0,1.642740820316168,4.0,0.223040837161927,0.1409642546369994,0.1409642546369994,0.0,0.0,0.0,0.0,0.0,0.0314686785569751,8.0,1.0,11.0,1.7605826439172505,8.0
req_156,IS_800_2007_H,0,synthetic,0.24223566319485693,2.0,1.710695736073131,1.0,0.3561353129323022,0.17265982595100338,0.17719728226297216,0.01978946885626425,0.0,0.0,0.0,0.023851424483397693,0.03199211555219836,2.0,1.0,19.0,2.3048701602024195,2.0
req_439,IS_3043_2018_H,1,synthetic,0.24962434654733753,2.0,1.0526471243708748,1.0,0.1429519506110477,0.12584430216714748,0.12904613241864252,0.21184846911612956,3.0,3.0,0.0,0.011891223719078492,0.031540637244610585,1.0,1.0,8.0,2.3777176079758524,1.0
req_108,IS_800_2007,0,synthetic,0.1413344062112831,6.0,0.8517521008710505,4.0,0.1996957655701971,0.0412950370927914,0.0412950370927914,0.0,0.0,3.0,0.0,0.2610828608644217,0.0326965024780122,1.0,1.0,19.0,2.0905953260579127,1.0
req_081,IS_1536_2001,0,synthetic,0.2667520618157808,5.0,0.6888538403499453,6.0,0.1924664666655774,0.1549597491368823,0.1549597491368823,0.2314290871468873,1.0,0.0,0.0,0.2824877463300794,0.0311277439782462,6.0,0.5,25.0,2.9239596332711644,6.0
req_119,IS_458_2003,0,synthetic,0.0846401974867688,8.0,0.6747255959223012,8.0,0.3839784006643556,0.0373343396259387,0.0373343396259387,0.0779307366035029,4.0,1.0,0.0,0.0,0.0326200317629831,1.0,1.0,23.0,2.05872964968244,1.0
req_341,IS_875_Part5_1987_H,0,synthetic,0.25989375664904346,2.0,2.483559507718415,2.0,0.13625759583436176,0.1048833721281553,0.06173273368560983,0.08789536052002442,3.0,0.0,0.0,0.03271753437149525,0.03149051560993208,1.0,1.0,39.0,2.0160357369639437,1.0
req_112,IS_269_2015,0,synthetic,0.2651710295700715,3.0,0.9333421207037228,7.0,0.3649895559077347,0.1796909498330799,0.1796909498330799,0.0,0.0,3.0,0.0,0.0,0.0314599815320534,7.0,1.0,11.0,2.459171991885982,7.0
req_235,IS_1346_1991,1,synthetic,0.4343489851380809,1.0,3.3812741908327872,1.0,0.4713796855395431,0.1807310914633773,0.1807310914633773,0.6907673749643789,4.0,5.0,0.0,0.0,0.0324690678465712,1.0,1.0,35.0,2.66872705622289,1.0
req_165,IS_1200_Part1_1992_H,1,synthetic,0.16508798942741243,1.0,2.014661071022947,2.0,0.31490690453481884,0.1622265721703266,0.1820372599370254,0.050361971446703145,2.0,2.0,0.0,0.22930344114599926,0.03222422978479856,2.0,1.0,34.0,2.2738183601617807,2.0
req_047,IS_458_2003_H,1,synthetic,0.14914995280817783,4.0,2.367092288149698,3.0,0.3576774924309464,0.05421293995371544,0.06477205436435834,0.11153316222409364,4.0,0.0,0.0,0.0,0.031702928578682996,7.0,1.0,23.0,2.3646338264099507,7.0
req_025,IS_13920_2016_H,0,synthetic,0.1183699086720726,6.0,2.645021956611196,3.0,0.204314401737262,0.1330636606945818,0.13117740259988195,0.08577626396244345,0.0,1.0,0.0,0.07498344642027854,0.031716077818559965,5.0,1.0,10.0,2.6216596932230702,5.0
req_141,IS_1642_1989_H,0,synthetic,0.1663568983635759,6.0,0.6227776479160031,5.0,0.12879970580062883,0.1260242401159605,0.10458477467163993,0.01796913910804631,,1.0,0.0,0.026041440215636466,0.03140600820829581,7.0,1.0,37.0,1.7737629254502265,7.0
req_290,IS_3495_Part1_1992,0,synthetic,0.1976609475081104,1.0,1.058181974013765,1.0,0.3289416025434911,0.0570412062861179,0.0570412062861179,0.1732043715605558,4.0,0.0,0.0,0.0,0.031731586058825,2.0,1.0,34.0,1.713124546596732,2.0
req_044,IS_3067_1988_H,1,synthetic,0.09297415889250844,7.0,0.9049667864599023,5.0,0.27675654603300476,0.1213178102420356,0.13515775025354146,0.09315406455347265,4.0,1.0,0.0,0.0,0.03205383955793939,7.0,1.0,38.0,2.2500553966304415,7.0
req_105,IS_2911_Part1_Sec1_2010_H,0,synthetic,0.2292434144839185,3.0,1.0227294545993613,4.0,0.3370161985866614,0.06470784027770884,0.08357457215705255,0.08616383405186855,2.0,0.0,0.0,0.0,0.03168945078558022,4.0,1.0,16.0,2.7175099683782067,4.0
req_163,IS_732_2019,0,synthetic,0.225404769922695,1.0,2.7453346794982205,1.0,0.2361977803633488,0.0528100397144971,0.0528100397144971,0.0,0.0,0.0,0.0,0.0,0.0310739675803995,2.0,1.0,7.0,1.723738833166247,2.0
req_505,IS_2309_1989_H,0,synthetic,0.10675382399802902,1.0,1.456506055977364,1.0,0.2053891668090858,0.07388068563875255,0.05339983529776191,0.0,0.0,0.0,0.0,0.0,0.0318643219012389,1.0,1.0,37.0,1.96612598831264,1.0
req_019,IS_1489_Part1_2015,0,synthetic,0.2303974920770707,3.0,1.1456314897407271,3.0,0.22417570897638,0.0700743274815193,0.0700743274815193,0.0,0.0,0.0,0.0,0.0,0.0313109589996235,6.0,1.0,11.0,3.499450719685936,6.0
req_479,IS_456_2000_H,0,synthetic,0.24141586087024333,2.0,2.78838578222818,2.0,0.311202159257173,0.1460482158914626,0.14748289724940564,0.044540835801744325,0.0,0.0,0.0,0.0,0.03216427888592877,2.0,1.0,26.0,3.164908687773412,2.0
req_004,IS_456_2000,0,manual,0.1552972414847029,5.0,0.4195258001184176,8.0,0.2420910130675209,0.1071428571428571,0.1071428571428571,0.0,1.0,0.0,0.0,0.0,0.0314980158730158,7.5,1.0,26.0,1.537190082644628,7.5
req_052,IS_1554_Part1_1988_H,0,synthetic,0.24682987328211378,4.0,1.7765346024147488,5.0,0.3264321723693277,0.14127095797100175,,0.005959851885251624,0.0,1.0,0.0,0.0439101702984971,0.03218423168654244,4.0,0.5,38.0,2.558922505476496,4.0
req_019,IS_1489_Part1_2015_H,0,synthetic,0.2281518570590711,4.0,1.27053170922485,2.0,0.2588084001519907,0.08532623644495724,0.09811567435700372,0.07470483826381491,0.0,0.0,0.0,0.04170298007245617,0.03153826356818403,5.0,1.0,11.0,3.3282369639644265,5.0
req_140,IS_1554_Part1_1988,0,synthetic,0.1612206737025657,6.0,1.8751634228512613,3.0,0.0834300367331195,0.0296839776300007,0.0296839776300007,0.0536948979750519,2.0,2.0,0.0,0.0,0.0326723488076049,1.0,0.5,38.0,2.893508924899364,1.0
req_108,IS_73_2013,1,synthetic,0.4514184754570406,1.0,3.307150313942416,1.0,0.6272332624773896,0.3044293612391273,0.3044293612391273,0.6597774659642003,2.0,3.0,1.0,0.0,0.0313126469482998,6.0,1.0,13.0,1.7666844548321992,6.0
req_054,IS_732_2019,0,synthetic,0.149182145601034,7.0,2.786029769805615,3.0,0.1139871592346169,0.0728779554204498,0.0728779554204498,0.0,0.0,0.0,0.0,0.1034739822691198,0.0324353258226233,1.0,1.0,7.0,1.6416152143548972,1.0
req_406,IS_1642_1989,0,synthetic,0.2443035971807968,1.0,2.3710127768409226,1.0,0.4207477979711301,0.1340996785457086,0.1340996785457086,0.0162383846300469,4.0,2.0,0.0,0.0,0.032129825787985,2.0,1.0,37.0,2.018054324989347,2.0
req_062,IS_875_Part2_1987,0,synthetic,0.1627098933103274,4.0,1.804035271841656,4.0,0.3499235343575831,0.071704106761591,0.071704106761591,0.2723810876206867,1.0,0.0,0.0,0.2009466736113806,0.0324462353564848,2.0,1.0,39.0,3.451173042413972,2.0
req_434,IS_2062_2011,0,synthetic,0.2429460316589906,1.0,1.038490141619212,2.0,0.3939192985791676,0.1818181818181818,0.1818181818181818,0.0,0.0,0.0,0.0,0.0,0.0325224748810153,1.0,1.0,15.0,2.943661971830986,1.0
req_022,IS_875_Part5_1987_H,0,synthetic,0.13132129499602346,5.0,0.514487204341318,5.0,0.11703885250700644,0.1102755234349585,0.10663699765119486,0.0,3.0,0.0,0.0,0.05009065750792323,,,1.0,39.0,1.614267769700525,
req_521,IS_13920_2016,0,synthetic,0.1179129940933562,1.0,1.7572504001034943,1.0,0.3612547369819895,0.1010990350567446,0.1010990350567446,0.0,0.0,1.0,0.0,0.0,0.0313714756917908,2.0,1.0,10.0,2.6268065348459704,2.0
req_096,IS_2074_1992,1,synthetic,0.2488015319063546,3.0,2.4653095264194773,1.0,0.3922585178081144,0.3790872315827139,0.3790872315827139,0.8099390543931343,1.0,1.0,0.0,0.4174959440392065,0.0318409451363696,5.0,1.0,34.0,3.334082341779733,5.0
req_415,IS_2911_Part1_Sec2_2010_H,1,synthetic,0.5395564811312129,2.0,3.6546879020309277,2.0,0.4958922544728017,0.2745588789394549,0.2863513432018678,0.47580139382097614,3.0,3.0,0.0,0.01394422870334872,0.03248874560895996,2.0,1.0,16.0,2.844254080135142,2.0
req_362,IS_269_2015,0,synthetic,0.0665364119611301,2.0,0.4871692860247158,2.0,0.3988353515957282,0.1577881872677209,0.1577881872677209,0.0,0.0,2.0,0.0,0.0,0.0327780826839155,1.0,1.0,11.0,1.815565791236548,1.0
req_391,IS_458_2003_H,0,synthetic,0.17721638581488686,1.0,0.5539303466871627,1.0,0.34589396620344054,0.1572009226404747,0.1045962659458614,0.0,0.0,0.0,0.0,0.0,0.032074634692511386,1.0,1.0,23.0,2.5400421362593186,1.0
req_084,IS_2911_Part1_Sec2_2010,0,synthetic,0.2963823208916319,2.0,2.5072692950046584,3.0,0.2531012795817352,0.1461524437457623,0.1461524437457623,0.2923664370504753,1.0,2.0,0.0,0.0334519518680849,0.0326399257837884,1.0,1.0,16.0,1.425851638175212,1.0
req_368,IS_2074_1992_H,1,synthetic,0.06004773309869243,1.0,1.0017583837909887,1.0,,0.09955488383148298,0.09422519112333964,0.0,2.0,0.0,0.0,0.0,0.031717622779389186,1.0,1.0,34.0,3.275122240257966,1.0
req_005,IS_10262_2019_H,1,manual,0.28272921578327803,2.0,2.315670610936879,2.0,0.3744903765172527,0.195236393898468,0.15308196367525878,0.046526753392529,1.0,0.0,0.0,,0.0325061316809718,2.0,1.0,7.0,1.7989052268793453,2.0
req_078,IS_875_Part3_2015_H,0,synthetic,0.24402078722973694,3.0,0.9920781163160335,5.0,0.1425189980592911,,0.13008206855683976,0.011732084560768375,0.0,2.0,0.0,0.01042881584075156,0.03177797041385412,5.0,1.0,11.0,1.9397139652358153,5.0
req_393,IS_2212_1991_H,1,synthetic,0.13816237380192642,1.0,0.802233739512716,1.0,0.3293456222937828,0.170643557593453,0.1696005119642956,0.0533324873688275,4.0,3.0,0.0,0.0278218334472537,0.031409095165191615,1.0,1.0,35.0,2.098201574938321,1.0
req_138,IS_73_2013_H,1,synthetic,0.3180507073426242,2.0,5.242988818237778,2.0,0.6075558770205846,0.10062014178743406,0.13156039219474755,0.6552882279466853,1.0,1.0,0.0,0.3909463422886569,0.03147771421763605,5.0,1.0,13.0,2.728641631536252,5.0
req_129,IS_875_Part5_1987,1,synthetic,0.4969385745205352,1.0,1.925875517743399,2.0,0.4176503661505162,0.4454312092765798,0.4454312092765798,0.7927501859530819,4.0,5.0,1.0,0.9431599051775704,0.0323707184549245,1.0,1.0,39.0,1.616579360370892,1.0
req_639,IS_456_2000_H,1,synthetic,0.3785925587460248,2.0,3.5748921584614366,2.0,0.4821604597086326,0.24099619031091665,0.1377410208441483,0.3447321395235562,3.0,3.0,0.0,0.0,0.03191653525508595,2.0,1.0,26.0,2.233922780380161,2.0
req_458,IS_1642_1989,0,synthetic,0.2312161285265565,1.0,0.7745997438750891,2.0,0.1496106571740128,0.1744430320903263,0.1744430320903263,0.0406766719284027,4.0,0.0,0.0,0.0,0.0311185717730594,2.0,1.0,37.0,1.9017103086230287,2.0
req_529,IS_73_2013_H,1,synthetic,0.33888793213603596,2.0,3.725413331072986,2.0,0.5212708408937481,0.14668726917545374,0.14975309047441146,,1.0,0.0,0.0,0.0,0.03204398189598536,2.0,1.0,13.0,1.7888172093275378,2.0
req_076,IS_3043_2018,1,synthetic,0.5829597774718454,1.0,4.658576159597867,1.0,0.3122660474106127,0.1222564610028184,0.1222564610028184,0.7481238585146964,4.0,4.0,0.0,0.0,0.0318827331594579,6.0,1.0,8.0,1.7635735472736729,6.0
req_638,IS_2911_Part1_Sec1_2010,0,synthetic,0.1772743346830736,2.0,0.6405980114205578,2.0,0.1491654071843361,0.0974118316040493,0.0974118316040493,0.0268783944380205,4.0,3.0,0.0,0.0,0.031696615713693,2.0,1.0,16.0,2.003735152703773,2.0
req_058,IS_875_Part2_1987,0,synthetic,0.1884953647245107,7.0,0.859480276248998,6.0,0.2312537524866609,0.0681449014017528,0.0681449014017528,0.0,0.0,0.0,0.0,0.1015742017394655,0.0322307548883279,2.0,1.0,39.0,1.833435158895789,2.0
req_047,IS_1200_Part1_1992,0,synthetic,0.0223061257699648,8.0,0.8090451817525447,8.0,0.126605931480328,0.0447022649463188,0.0447022649463188,0.0984367067813523,1.0,1.0,0.0,0.2614549432004187,0.0317604148914304,6.0,1.0,34.0,2.90362746894926,6.0
req_222,IS_2309_1989_H,0,synthetic,0.08190208813516658,1.0,0.9697575020624412,1.0,0.2538476602849002,0.0658598674192661,0.10982966598432324,0.025326294710876357,0.0,0.0,0.0,0.007417009663034491,0.031798388810777976,1.0,1.0,37.0,2.0586309614988636,1.0
req_372,IS_1200_Part1_1992,0,synthetic,0.0206590843380029,2.0,0.9621460889664964,2.0,0.2998010839925543,0.1639842888158339,0.1639842888158339,0.1121671081381202,3.0,3.0,0.0,0.3139069915373204,0.0326436773198374,1.0,1.0,34.0,2.9949005923842185,1.0
req_114,IS_1201_1220_1978,0,synthetic,0.2035642031033945,6.0,2.7766262213865387,2.0,0.2029562007601446,0.0566648590146084,0.0566648590146084,0.1447403271020641,3.0,3.0,0.0,0.0,0.0315075552908853,6.0,1.0,48.0,1.9706347536852968,6.0
req_345,IS_694_2010,1,synthetic,0.2199386242127096,1.0,6.405432826793733,1.0,0.4597549341899367,0.3745964366916227,0.3745964366916227,0.0,0.0,1.0,1.0,0.792981706277443,0.0320337356451468,1.0,1.0,16.0,3.060661657386656,1.0
req_143,IS_1489_Part1_2015_H,0,synthetic,0.1370607639125203,1.0,1.0736217451861714,1.0,0.25032967128668737,0.17331710857185717,0.19118848065509836,0.03061050331627512,0.0,0.0,0.0,0.02084048006844246,0.0318108444069265,2.0,1.0,11.0,1.5371169192665415,2.0
req_488,IS_875_Part2_1987_H,0,synthetic,0.08473200550802032,1.0,0.947672169993845,1.0,0.28848911454409304,0.1531014024890153,0.15898452314151332,0.2191448104016607,2.0,0.0,0.0,0.0,0.032384419791175865,2.0,1.0,39.0,2.384430860469182,2.0
req_438,IS_1554_Part1_1988_H,1,synthetic,0.2449596791926795,2.0,2.3271242060052106,2.0,0.6272571929652239,0.23369219899236518,0.1272015662035434,0.39127934867642367,3.0,2.0,0.0,0.0,0.03269117836528973,2.0,0.5,38.0,1.9396643493517272,2.0
req_038,IS_1893_Part1_2016_H,0,synthetic,0.20754015802301384,5.0,2.0998881631166557,3.0,0.28935846926432723,0.09481959064738973,0.10005968450384838,0.10708195948994773,2.0,2.0,0.0,0.0,0.03258200963632608,2.0,1.0,10.0,2.4148922551550105,2.0
req_208,IS_12269_2013,0,synthetic,0.100093346614734,2.0,2.6194655749806075,1.0,0.3056945079511033,0.1296435810200578,0.1296435810200578,0.0,0.0,3.0,0.0,0.0,0.0317589108835153,2.0,1.0,13.0,3.575379873995999,2.0
req_118,IS_383_2016_H,0,synthetic,0.14387417826560203,4.0,1.6221610323236593,5.0,0.13928590458704054,0.174984372630775,,0.02139193189408964,2.0,3.0,0.0,0.20907496219406901,0.031832938482780064,5.0,1.0,10.0,1.8510058324661665,5.0
req_006,IS_13920_2016_H,0,manual,0.2546927979358025,4.0,3.7039971223790324,2.0,0.33142793795959197,0.14936598418337374,0.13249743157726682,0.03165287607517308,0.0,0.0,0.0,0.0,0.03236410630763626,4.0,1.0,10.0,1.581863093804047,4.0
req_007,IS_1893_Part1_2016_H,1,manual,0.13273744883008062,7.0,0.9058355553890726,6.0,0.267072994160434,0.08968922880729974,0.08710636356850807,0.03351019111027016,0.0,,0.0,0.0,0.03162836082852238,7.0,1.0,10.0,2.90502817551403,7.0
req_117,IS_1201_1220_1978_H,0,synthetic,0.2389807725453864,4.0,2.3824504932495802,3.0,0.15719050204060286,0.1430426480633964,0.14525352418444207,0.03591816529544136,0.0,0.0,0.0,0.0,0.031588888131116905,7.0,1.0,48.0,2.136495985864785,7.0
req_538,IS_2074_1992_H,0,synthetic,0.2509149039949772,1.0,0.7894692514058794,1.0,0.28075690179019364,0.0947864652426307,0.07308604454602446,0.3343935904485575,2.0,1.0,0.0,0.0,0.03187491592209848,1.0,1.0,34.0,2.0565695195018354,1.0
req_228,IS_1893_Part1_2016_H,0,synthetic,0.09010990220109462,1.0,2.2618681214041825,2.0,0.2766107485115867,0.11969881354021009,,0.14688356827750712,2.0,0.0,0.0,0.0033240816099058958,0.032493821666453385,2.0,1.0,10.0,3.220416125588554,2.0
req_030,IS_875_Part3_2015_H,0,synthetic,0.13968959640507153,5.0,0.2868893138602459,5.0,0.22437879342889944,0.14824748996169293,0.14932944265997816,0.14334559617407683,2.0,3.0,0.0,0.02385463942130697,0.03165218467352832,5.0,1.0,11.0,1.7836130865744522,5.0
req_059,IS_13920_2016,0,synthetic,0.206972473592457,3.0,1.691472952355529,3.0,0.0927519901825782,0.0374026674844523,0.0374026674844523,0.1673495514816386,1.0,1.0,0.0,0.0,0.0322049259023237,3.0,1.0,10.0,2.193259648048752,3.0
req_009,IS_875_Part1_1987,0,manual,0.1724002437260106,4.0,0.616890411843576,6.0,0.3779644730092272,0.1304347826086956,0.1304347826086956,0.0,0.0,0.0,0.0,0.0,0.0320020481310803,5.5,1.0,39.0,2.716216216216216,5.5
req_418,IS_456_2000,1,synthetic,0.4422985085351334,1.0,3.044078491836091,1.0,0.4919299262956965,0.3440115991660908,0.3440115991660908,0.6347161451417227,1.0,1.0,1.0,0.0,0.0313016613160261,2.0,1.0,26.0,2.1501329372136446,2.0
req_151,IS_3034_1993,0,synthetic,0.1836878718747082,2.0,1.0189297633787122,2.0,0.2655978693047183,0.1540241027305725,0.1540241027305725,0.1342499366994748,1.0,2.0,0.0,0.0,0.032965912942357,1.0,1.0,33.0,2.6500426425658965,1.0
req_128,IS_1642_1989_H,0,synthetic,0.25017164859679586,3.0,2.320808090188818,3.0,0.38868489409292084,0.13840962684335384,0.13216792170607303,0.09419126552907325,4.0,2.0,0.0,0.0,0.03215207570868008,1.0,1.0,37.0,2.1802348099625326,1.0
req_136,IS_458_2003_H,0,synthetic,0.15006150358787196,5.0,2.761440218228339,3.0,0.3493163679943927,0.13969280101633524,0.1433832610945465,0.13925669727089585,3.0,0.0,0.0,0.1972126939289923,0.03208462912931837,3.0,1.0,23.0,2.493880191464914,3.0
req_613,IS_3034_1993_H,1,synthetic,0.19975817263321188,2.0,2.2207425624234585,1.0,0.22443309240636047,0.03964699068801775,0.06393603541816069,0.009842989991469934,0.0,0.0,0.0,0.008558262866060675,0.03248152924583804,2.0,1.0,33.0,2.832668327803735,2.0
req_111,IS_1077_1992_H,0,synthetic,0.21730781365710003,6.0,1.6155399039850866,3.0,0.34853991113793664,0.15645587836100283,0.15949844510157293,0.16252495130704092,1.0,3.0,0.0,0.15119045593154679,,,1.0,34.0,,
req_027,IS_2911_Part1_Sec2_2010,0,synthetic,0.2816500348718269,5.0,2.396990766312677,3.0,0.1311978241937224,0.1669855890074472,0.1669855890074472,0.0915572602015801,2.0,1.0,0.0,0.0,0.0310473288694029,7.0,1.0,16.0,1.7038550025701154,7.0
req_104,IS_458_2003_H,1,synthetic,0.13115658215047277,8.0,1.0467023093408052,5.0,0.2045021427470186,0.1746048671520103,0.16014944590908783,0.06931466400856079,0.0,2.0,0.0,0.001602490961096325,0.03195361185040571,6.0,1.0,23.0,2.947051380801408,6.0
req_540,IS_456_2000,1,synthetic,0.4422985085351334,1.0,3.044078491836091,1.0,0.4919299262956965,0.3440115991660908,0.3440115991660908,0.6347161451417227,1.0,1.0,1.0,0.0,0.0313016613160261,2.0,1.0,26.0,2.1501329372136446,2.0
req_207,IS_1200_Part1_1992,0,synthetic,0.2200522151799442,2.0,2.5118893153459148,1.0,0.2307538347653736,0.0717736998347189,0.0717736998347189,0.0221585700848618,3.0,0.0,0.0,0.0,0.0315983084982475,2.0,1.0,34.0,3.510768321135089,2.0
req_105,IS_875_Part2_1987_H,0,synthetic,0.08784588336579266,5.0,1.5007112732852113,3.0,0.2934584515717705,0.15478729290397958,0.16121203930641992,0.22900228424876107,2.0,0.0,0.0,0.04210962475559417,0.03242642482222674,2.0,1.0,39.0,2.500215313457758,2.0
req_419,IS_13920_2016,0,synthetic,0.2798571990841467,1.0,4.699534036116642,1.0,0.3367876570272817,0.1379310344827586,0.1379310344827586,0.0,0.0,0.0,0.0,0.0,0.0325224748810153,1.0,1.0,10.0,1.3227848101265822,1.0
req_069,IS_2062_2011,1,synthetic,0.4528664598465325,1.0,3.740643601971422,1.0,0.5898093797322417,0.3266992499347357,0.3266992499347357,0.8126063880944245,4.0,5.0,0.0,0.6491593637595524,0.0310334522952052,6.0,1.0,15.0,2.9471528958204445,6.0
req_004,IS_2386_Part1_1963,0,manual,0.176515632679807,4.0,2.3110333007229205,3.0,0.2332847374079217,0.1153846153846153,0.1153846153846153,0.0,1.0,0.0,0.0,0.0,0.032258064516129,3.0,1.0,63.0,1.7222222222222223,3.0
req_090,IS_1200_Part1_1992,1,synthetic,0.3474543065580651,1.0,3.4573279213746195,1.0,0.7734141722887664,0.1074541486536639,0.1074541486536639,0.5384974722012266,1.0,2.0,0.0,0.9563756076514208,0.0316759011684958,4.0,1.0,34.0,3.5653988353316866,4.0
req_243,IS_458_2003,0,synthetic,0.2833257913228904,1.0,1.464575357992114,2.0,0.34847709192471,0.0367741938442242,0.0367741938442242,0.2705954267162263,4.0,0.0,1.0,0.0,0.0328754696812461,1.0,1.0,23.0,2.8446144966460363,1.0
req_111,IS_732_2019,0,synthetic,0.2399680481638703,4.0,0.7793476066109655,6.0,0.2305274682898856,0.1118741588018814,0.1118741588018814,0.1506501808999292,2.0,1.0,0.0,0.0,0.0326130801138557,2.0,1.0,7.0,2.692984544916301,2.0
req_084,IS_875_Part1_1987_H,1,synthetic,0.2846029272740132,3.0,5.331589833893106,2.0,0.3104367556764908,0.28965250405982274,0.2865255289446545,0.027779916617054562,0.0,0.0,0.0,0.4247986322990518,0.031474494450011,5.0,1.0,39.0,2.3393954997254185,5.0
req_048,IS_2309_1989,0,synthetic,0.3053876421738746,3.0,1.7396540005373469,6.0,0.230220758090338,0.1214723869918129,0.1214723869918129,0.2043400434944501,3.0,2.0,0.0,0.0,0.0329730638954717,1.0,1.0,37.0,2.0095393678618976,1.0
req_483,IS_2212_1991,0,synthetic,0.154020656541936,2.0,0.7109338318481984,2.0,0.1751463743582203,0.1248429352798972,0.1248429352798972,0.0784659452446178,3.0,0.0,0.0,0.0,0.0323355722295973,1.0,1.0,35.0,2.343678228713534,1.0
req_006,IS_1893_Part1_2016,1,manual,0.303954745134624,1.0,3.113989263736945,3.0,0.5940885257860046,0.2608695652173913,0.2608695652173913,0.0,0.0,0.0,0.0,0.0,0.0325224748810153,1.5,1.0,10.0,1.62015503875969,1.5
req_289,IS_1642_1989,1,synthetic,0.4836463222364005,1.0,2.082819190824152,1.0,0.6630729977995413,0.4463282763801204,0.4463282763801204,0.804570982622471,4.0,5.0,0.0,0.7537639368364368,0.0313948351848958,2.0,1.0,37.0,2.6143997855104315,2.0
req_485,IS_2074_1992_H,1,synthetic,0.3763990878393277,2.0,2.8443022421322186,2.0,0.5883360498185872,0.20994152070090055,0.22071714157596128,0.01582737371376466,0.0,0.0,0.0,0.44586506041748647,0.0325363767461716,2.0,1.0,34.0,2.492341804473792,2.0
req_151,IS_3034_1993_H,0,synthetic,0.1896098897490499,1.0,1.2737751390893557,1.0,0.2884939206378872,0.15380839536165442,0.138110998659519,0.09409717833711734,1.0,2.0,0.0,0.01577252117150238,0.032587442736813535,2.0,1.0,33.0,2.55861548898181,2.0
req_045,IS_783_1985_H,1,synthetic,0.15628432178543233,3.0,0.8313810305606394,5.0,0.387926104490155,0.07064510683422227,0.049147854509253144,0.05621698827086488,0.0,0.0,0.0,0.004118789455603044,0.031877207015260034,3.0,1.0,41.0,1.6812013329907614,3.0
req_171,IS_2911_Part1_Sec1_2010_H,0,synthetic,0.1447723844668939,1.0,2.781178150956819,1.0,0.2824924417296538,0.11412736376032519,0.131337687995908,0.0,0.0,3.0,0.0,0.19849997143201548,0.031732584125523836,1.0,1.0,16.0,2.0704476112300325,1.0
req_474,IS_9595_1996,1,synthetic,0.0783540230184698,2.0,0.2625115854987158,2.0,0.2575131013123024,0.12,0.12,0.0,0.0,0.0,0.0,0.0,0.0317460317460317,2.0,1.0,30.0,1.935185185185185,2.0
req_076,IS_13920_2016_H,1,synthetic,0.26461969533901414,4.0,2.2579166871741063,4.0,0.2502181627716945,0.09172657970189566,0.07322024361925229,0.1276939045908634,2.0,3.0,0.0,0.009454297039396627,0.03187610553764967,7.0,1.0,10.0,3.00845382701209,7.0
req_233,IS_875_Part5_1987_H,0,synthetic,0.13684741112444526,1.0,1.8397980802908573,1.0,0.17733459122628734,0.09815044829454546,0.0984630129149544,0.045908910682441226,4.0,1.0,0.0,0.0379824311817116,0.03268326258327023,2.0,1.0,39.0,2.2310880442429206,2.0
req_542,IS_73_2013_H,1,synthetic,0.17519971492952474,1.0,1.5314835452480255,1.0,0.29813122405065706,0.09857415292783064,,0.008707251549228811,1.0,2.0,0.0,0.0,0.03226294083542353,1.0,1.0,13.0,1.5456931450585047,1.0
req_205,IS_1554_Part1_1988,1,synthetic,0.2920238864306337,1.0,6.424695554518041,1.0,0.7946779474839211,0.4341776507476781,0.4341776507476781,0.9114876714772252,4.0,3.0,1.0,0.8634969331410651,0.0310127676488815,2.0,0.5,38.0,1.5731050966678564,2.0
req_594,IS_3034_1993_H,1,synthetic,0.13893116642051495,1.0,2.298727560390706,2.0,0.33754937992194955,0.05992249922917069,0.07363361032288401,0.020967921158233708,2.0,2.0,0.0,0.009267422091863589,0.03239979396654871,2.0,1.0,33.0,3.1474436421831475,2.0
req_329,IS_732_2019,0,synthetic,0.0534656520787629,2.0,1.189080964406949,2.0,0.2260267195949746,0.1916868669537944,0.1916868669537944,0.2915664296610343,4.0,1.0,0.0,0.0,0.0312128216455954,2.0,1.0,7.0,2.719455454881081,2.0
req_600,IS_1200_Part1_1992,1,synthetic,0.3474543065580651,1.0,3.4573279213746195,1.0,0.7734141722887664,0.1074541486536639,0.1074541486536639,0.5384974722012266,1.0,2.0,0.0,0.9563756076514208,0.0316759011684958,2.0,1.0,34.0,3.5653988353316866,2.0
req_054,IS_2309_1989,0,synthetic,0.1289933391952946,8.0,2.2331235303521844,6.0,0.3185583492040229,0.1915020913303294,0.1915020913303294,0.0,0.0,3.0,0.0,0.0,0.0312524600486045,6.0,1.0,37.0,1.804589143987828,6.0
req_449,IS_1201_1220_1978_H,0,synthetic,0.11446872757279494,1.0,0.5995655799620315,1.0,0.21327131324572102,0.1803567078354933,,0.03987899102578445,4.0,2.0,0.0,0.09594149728024187,0.03169600181696073,1.0,1.0,48.0,3.218473200024586,1.0
req_618,IS_1536_2001,0,synthetic,0.144092924279985,2.0,0.4462312653474676,2.0,0.4330127018922193,0.1923076923076923,0.1923076923076923,0.0,0.0,0.0,0.0,0.0,0.0320020481310803,2.0,0.5,25.0,1.588235294117647,2.0
req_342,IS_1346_1991,0,synthetic,0.310914865288818,1.0,0.0130730240041174,2.0,0.4386563680464933,0.0707806167636448,0.0707806167636448,0.0,0.0,2.0,0.0,0.0,0.0313013673873949,2.0,1.0,35.0,2.409911950010001,2.0
req_142,IS_2212_1991_H,0,synthetic,0.1925107293810571,4.0,0.5654341688981488,3.0,0.20636977108563967,0.07226227569998,,0.20535730831519905,3.0,0.0,0.0,0.0,0.031667074777921966,3.0,1.0,35.0,2.5965632969079926,3.0
req_348,IS_2911_Part1_Sec1_2010_H,0,synthetic,0.09690733568422637,1.0,1.7625419225311665,2.0,0.39290843586509794,0.09953578484212881,0.09424978255261549,0.01788933190421465,4.0,2.0,0.0,0.025714072131579002,0.03217102659416142,1.0,1.0,16.0,2.6543984792452924,1.0
req_153,IS_875_Part5_1987,1,synthetic,0.4969385745205352,1.0,1.925875517743399,2.0,0.4176503661505162,0.4454312092765798,0.4454312092765798,0.7927501859530819,4.0,5.0,1.0,0.9431599051775704,0.0323707184549245,2.0,1.0,39.0,1.616579360370892,2.0
req_024,IS_3043_2018_H,1,synthetic,0.4681348830742796,2.0,1.841272581281626,6.0,0.41273733214664166,0.11047420129336968,0.12003447255444191,0.3583978659716136,3.0,3.0,1.0,0.6467085907062108,0.03145519108682096,4.0,1.0,8.0,2.965719407836668,4.0
req_135,IS_9595_1996,1,synthetic,0.6804830567771876,1.0,3.301658794712684,1.0,0.3493828145016333,0.4124605079642033,0.4124605079642033,0.792408180393038,1.0,0.0,0.0,0.5939819933714025,0.0320870023192086,5.0,1.0,30.0,1.2635137899127766,5.0
req_227,IS_2911_Part1_Sec1_2010_H,0,synthetic,0.12645192849429393,1.0,1.1237551053616455,1.0,0.12844754547443257,0.11205476254991237,0.11723658925333945,0.0,0.0,2.0,0.0,0.04351424163763855,0.03183192862339576,1.0,1.0,16.0,2.925396120081307,1.0
req_499,IS_2911_Part1_Sec1_2010,0,synthetic,0.0444505962343651,2.0,1.8412945021172675,1.0,0.4158660465734192,0.0758417127593261,0.0758417127593261,0.038685497481468,4.0,2.0,0.0,0.0,0.0321178441401821,1.0,1.0,16.0,2.762209168899101,1.0
req_390,IS_1554_Part1_1988,0,synthetic,0.2895989132810128,1.0,1.3331110795131622,2.0,0.2193750017076743,0.0730486273593614,0.0730486273593614,0.0569327508658954,4.0,2.0,0.0,0.1216826376563929,0.0315506489257166,2.0,0.5,38.0,3.203671544469132,2.0
req_072,IS_3034_1993,0,synthetic,0.102788561480721,8.0,0.804293923676455,8.0,0.360893315907849,0.085002484212115,0.085002484212115,0.0,0.0,2.0,0.0,0.0,0.0312139447351618,7.0,1.0,33.0,1.9659462900154536,7.0
req_006,IS_13920_2016,0,manual,0.2798571990841467,3.0,4.699534036116642,1.0,0.3367876570272817,0.1379310344827586,0.1379310344827586,0.0,0.0,0.0,0.0,0.0,0.0325224748810153,1.5,1.0,10.0,1.3227848101265822,1.5
req_096,IS_2074_1992_H,1,synthetic,0.2337775487967316,4.0,2.3439879575312776,2.0,0.42112630910528076,0.30634202200682153,0.32132236451862056,0.6228466802877115,1.0,1.0,0.0,0.29113633589912896,0.03181329083837242,6.0,1.0,34.0,3.013824399051057,6.0
req_131,IS_1904_1986,1,synthetic,0.3155843100689085,1.0,3.779646255406809,1.0,0.7871365669394198,0.1168533733817388,0.1168533733817388,0.926725010040466,2.0,3.0,0.0,0.3898130405631392,0.0319159725242955,2.0,1.0,40.0,3.4269224366121187,2.0
req_053,IS_732_2019_H,0,synthetic,0.23680685824396186,7.0,2.602828010886668,4.0,0.2409449061983509,0.09235355706938135,0.09309609718645889,0.0025484804861042537,,0.0,0.0,0.018033056227236118,0.0313452460424741,7.0,1.0,7.0,1.9159580619403986,7.0
req_078,IS_2932_1974,0,synthetic,0.1841931606335944,5.0,0.3221936133765055,8.0,0.3894932562782506,0.1618946576258028,0.1618946576258028,0.0137828776975901,4.0,0.0,0.0,0.0,0.0310325627047454,8.0,1.0,52.0,3.4341672570666764,8.0
req_598,IS_1489_Part1_2015,0,synthetic,0.2331189331041716,1.0,2.7292615553828354,1.0,0.1129032066955887,0.1176484661175024,0.1176484661175024,0.2131058181421576,4.0,1.0,0.0,0.0,0.0321656125421917,1.0,1.0,11.0,3.465283079578128,1.0
req_062,IS_269_2015_H,0,synthetic,0.15162995300576723,5.0,1.6272243445322239,6.0,0.13595776195636158,0.1378616338308582,0.15139368855510704,0.0,0.0,3.0,0.0,0.0,0.03224109808200731,5.0,1.0,11.0,3.1134247801947854,5.0
req_110,IS_732_2019,0,synthetic,0.1536073920698648,5.0,2.158085840348859,3.0,0.2396582667990434,0.0395898745331065,0.0395898745331065,0.0245921079258463,4.0,3.0,0.0,0.2892552856281443,0.0313928638586883,4.0,1.0,7.0,2.973829850054452,4.0
req_448,IS_1346_1991,0,synthetic,0.2423757136149466,1.0,-0.0037732821464076,2.0,0.2668577410522914,0.1251257418412396,0.1251257418412396,0.0885576862523214,4.0,2.0,0.0,0.0805065191011422,0.0314914600327506,2.0,1.0,35.0,2.544009951415126,2.0
req_124,IS_1554_Part1_1988_H,0,synthetic,0.2570664968708259,8.0,1.3371516741883753,7.0,0.21840270559054106,0.09119165623184555,0.09436942696170171,0.06066616374564455,4.0,2.0,0.0,0.15478086299400173,0.03169903854244766,7.0,0.5,38.0,2.876735850771183,7.0
req_158,IS_2911_Part1_Sec2_2010_H,1,synthetic,0.18206486393048799,1.0,2.0694553601025687,2.0,0.335239923838993,,0.13642714923035776,0.1825317197405849,2.0,2.0,0.0,0.057217553227469006,0.031743101594772116,1.0,1.0,16.0,2.5499956216548725,1.0
req_098,IS_456_2000,1,synthetic,0.4620588218340096,1.0,4.05505919618506,1.0,0.627729085069223,0.1295020891488429,0.1295020891488429,0.8625635702433759,3.0,3.0,0.0,0.9301706771452282,0.0310382494662466,8.0,1.0,26.0,1.777155203810682,8.0
req_412,IS_2062_2011,0,synthetic,0.0602278253177234,2.0,0.6421467708553192,2.0,0.1233680605546223,0.13640705327863,0.13640705327863,0.027739198958059,2.0,1.0,0.0,0.0,0.0315369231757099,2.0,1.0,15.0,2.8331290134912592,2.0
req_095,IS_13920_2016_H,0,synthetic,0.1884360287880875,4.0,0.4829758133669481,5.0,0.19486258757874053,0.15444245970812673,0.160282602779997,0.09846567736451749,1.0,1.0,0.0,0.0017686951409467161,0.031631439843748395,3.0,1.0,10.0,2.4014408954805617,3.0
req_328,IS_2309_1989_H,0,synthetic,0.16989703609368953,1.0,1.6092009038310338,1.0,0.335167430791087,0.15515233165041403,0.15864620263281376,0.04278825083371223,2.0,3.0,0.0,0.0,0.03209078394746478,2.0,1.0,37.0,3.2845946493211526,2.0
req_038,IS_2074_1992,1,synthetic,0.6396631275732381,1.0,6.292940059028658,1.0,0.4019360715521225,0.372302287341152,0.372302287341152,0.9638366165253862,3.0,3.0,0.0,0.8654121048891837,0.0315971116995435,6.0,1.0,34.0,2.6293036476732787,6.0
req_330,IS_1077_1992_H,0,synthetic,0.07650776826534714,1.0,1.3536207691671545,1.0,0.27148599152179975,0.11095389379008642,0.10403521162358084,0.1874327570976505,1.0,2.0,0.0,0.015715189810602038,0.03258763945310037,2.0,1.0,34.0,2.1877390028303267,2.0
req_514,IS_875_Part3_2015,0,synthetic,0.1375377283795595,2.0,0.970426241760115,2.0,0.4124789556921527,0.125,0.125,0.0,0.0,0.0,0.0,0.0,0.0314980158730158,2.0,1.0,11.0,2.580246913580247,2.0
req_036,IS_1346_1991_H,1,synthetic,0.35814471408663956,2.0,2.95493392227646,2.0,0.4436752094230675,0.19009735880859716,0.15771698551775248,0.5679473760186557,4.0,5.0,0.0,0.0,0.0324003556896859,4.0,1.0,35.0,2.5102688560348634,4.0
req_113,IS_269_2015_H,0,synthetic,0.1708384709139085,5.0,0.8662885872504966,7.0,0.10801697149956191,0.11479200679322991,0.11750949180114352,0.2008436388470824,3.0,2.0,0.0,0.030662930095742696,0.0325366801907187,5.0,1.0,11.0,2.539469034672225,5.0
req_025,IS_2074_1992,0,synthetic,0.2352836561416393,3.0,0.5302523401332407,8.0,0.3000375631428827,0.0675171022934737,0.0675171022934737,0.2716009473237969,2.0,1.0,0.0,0.0,0.0318471515451274,4.0,1.0,34.0,1.900198526334792,4.0
req_137,IS_2911_Part1_Sec1_2010_H,0,synthetic,0.1858335489508909,6.0,1.933112042862898,3.0,0.12230964676011716,0.08029550823147358,0.08183361829976044,0.23596915631131368,1.0,1.0,0.0,0.1243310137723907,0.031425438080105436,7.0,1.0,16.0,2.6663696834216477,7.0
req_094,IS_875_Part2_1987,0,synthetic,0.1982130780356453,2.0,0.4561135283670056,5.0,0.3968971164865698,0.1256384447160368,0.1256384447160368,0.0490540843553552,1.0,1.0,0.0,0.0,0.0323777010752319,1.0,1.0,39.0,1.9199130346216904,1.0
req_068,IS_1346_1991_H,1,synthetic,0.22251429147774393,6.0,0.500491449548955,7.0,0.272453699722245,0.1259002147999128,,0.039423558048311734,4.0,2.0,0.0,0.03612811272101297,0.03162761537552921,1.0,1.0,35.0,2.4832193161331224,1.0
req_133,IS_1200_Part1_1992,0,synthetic,0.1277784003603654,3.0,1.9112026614882405,3.0,0.235406910218116,0.110418425741083,0.110418425741083,0.2136057383929979,3.0,2.0,0.0,0.0,0.0319828911941326,3.0,1.0,34.0,1.5731548975027945,3.0
req_035,IS_458_2003,0,synthetic,0.1073777867093082,6.0,0.6097072684846735,5.0,0.3298518902504036,0.1465377604568691,0.1465377604568691,0.2062154760213728,2.0,0.0,0.0,0.0,0.0322501160143284,1.0,1.0,23.0,2.8037801507054145,1.0
req_281,IS_1489_Part1_2015_H,0,synthetic,0.286805224546483,2.0,2.0800790710780044,2.0,0.3881707051103826,0.15485125559831953,0.1403809244793786,0.0,0.0,0.0,0.0,0.01853150945544526,0.03189160015961893,2.0,1.0,11.0,2.56089805399063,2.0
req_012,IS_1200_Part1_1992_H,0,manual,0.14529805135399051,5.0,1.3552722239499224,4.0,0.13266273241659043,0.06936267593419083,0.05412784087990212,0.04732413409296683,0.0,0.0,0.0,0.0,0.031729947437663546,6.0,1.0,34.0,1.969792627077507,6.0
req_367,IS_458_2003_H,1,synthetic,0.09110253491440373,1.0,1.413327387751751,2.0,0.18737602589058922,0.08619539878225672,0.08905047457591858,0.13791448972621087,4.0,0.0,0.0,0.0,0.03264154027375828,2.0,1.0,23.0,2.581057154177924,2.0
req_028,IS_1893_Part1_2016_H,0,synthetic,0.13883120944572924,3.0,1.9574621941350492,3.0,0.32271785670015674,0.07254663285591471,0.0693118671894638,0.17312658625944696,4.0,2.0,0.0,0.01553014453016884,0.03179683460511232,3.0,1.0,10.0,2.5255163409196766,3.0
req_038,IS_2074_1992_H,0,synthetic,0.5193031537042835,2.0,4.819685825850829,2.0,0.36144272231177166,0.3096464436378345,0.3245492126226979,0.6756981439437942,3.0,3.0,0.0,0.6046682238720025,0.031691266473993195,4.0,1.0,34.0,2.632019012027215,4.0
req_083,IS_1904_1986_H,0,synthetic,0.22481573463235363,6.0,0.40219519275652377,5.0,0.1965056924630548,0.16166591972589037,0.15951436755559437,0.062345896850393163,2.0,1.0,0.0,0.02936309743662502,0.03200655125145838,2.0,1.0,40.0,1.697383009740088,2.0
req_503,IS_1554_Part1_1988,1,synthetic,0.2920238864306337,2.0,6.424695554518041,1.0,0.7946779474839211,0.4341776507476781,0.4341776507476781,0.9114876714772252,4.0,3.0,1.0,0.8634969331410651,0.0310127676488815,2.0,0.5,38.0,1.5731050966678564,2.0
req_131,IS_1904_1986_H,1,synthetic,0.2977223423409301,3.0,3.565446817829025,2.0,0.6494910277378082,0.12437824849347803,0.06869039769337235,0.6377403665174741,2.0,3.0,0.0,0.24336804296624348,0.031947249236589974,1.0,1.0,40.0,3.0703032172600073,1.0
req_037,IS_383_2016_H,0,synthetic,0.27900592047509126,4.0,2.2842976921733564,3.0,0.2636998418124675,0.10036764427365902,0.10065842727534993,0.09230224372245716,1.0,1.0,0.0,0.0,0.03202951131391548,3.0,1.0,10.0,3.1046922595830377,3.0
